applicant_id,age,age_group,gender,nationality,employment_type,employment_tenure_months,monthly_income,monthly_obligations,monthly_spend,existing_credit_exposure,transaction_history_months,num_previous_applications,num_late_payments,requested_amount,defaulted,requires_bureau_check,max_eligible_credit
APP-000001,58,46-60,male,arab_expat,salaried,176,18164.97,5589.68,10917.32,150012.21,34,5,0,4798.59,0,True,20000.0
APP-000002,55,46-60,male,arab_expat,self_employed,165,7871.36,1285.19,2532.42,30565.35,5,3,2,16673.39,1,True,20000.0
APP-000003,57,46-60,female,south_asian,salaried,183,6724.27,708.91,2257.35,20593.37,25,1,0,7899.38,0,True,20000.0
APP-000004,58,46-60,female,south_asian,salaried,173,7557.36,1845.99,4696.34,26372.09,6,5,0,5623.46,0,True,20000.0
APP-000005,55,46-60,male,southeast_asian,salaried,164,10250.02,730.57,6128.94,17564.0,12,4,0,723.88,0,True,20000.0
APP-000006,64,46-60,male,western,self_employed,202,12275.28,77.99,8359.23,1967.72,5,5,0,12959.52,0,True,20000.0
APP-000007,56,46-60,male,south_asian,salaried,189,24668.75,4732.04,17351.69,81313.34,11,4,0,2170.24,0,True,20000.0
APP-000008,49,46-60,female,other,salaried,141,11325.03,2456.29,7200.95,52079.77,43,3,1,1748.5,0,True,20000.0
APP-000009,19,18-25,male,south_asian,salaried,15,3000.0,294.86,2111.25,4632.93,4,3,0,3994.37,0,True,9000.0
APP-000010,64,46-60,male,southeast_asian,salaried,219,14909.07,2162.88,7921.4,78371.05,3,4,3,19986.01,1,True,20000.0
APP-000011,18,18-25,female,western,self_employed,6,7431.91,222.02,3801.45,8596.51,47,4,0,9990.09,0,True,20000.0
APP-000012,30,26-35,male,other,salaried,19,3000.0,743.85,1020.17,11585.28,28,5,0,3932.09,0,True,9000.0
APP-000013,54,46-60,male,southeast_asian,salaried,139,15085.96,1916.1,9592.33,36405.73,15,0,3,19969.86,1,True,20000.0
APP-000014,24,18-25,male,south_asian,salaried,32,12040.81,739.36,9555.79,21899.32,0,4,0,13436.08,0,True,20000.0
APP-000015,26,26-35,male,western,salaried,24,7724.82,1784.53,5825.13,20564.86,30,2,2,15536.82,1,True,20000.0
APP-000016,58,46-60,female,south_asian,salaried,168,10617.73,337.26,3407.38,7062.07,44,0,0,4596.49,0,True,20000.0
APP-000017,33,26-35,female,south_asian,salaried,75,4690.51,348.71,2372.73,10495.2,35,1,0,11185.88,0,True,14071.53
APP-000018,24,18-25,male,emirati,salaried,17,3421.09,915.85,2349.14,18806.42,24,5,0,5735.22,0,True,10263.27
APP-000019,19,18-25,male,other,salaried,9,3972.45,905.41,1956.82,24715.56,12,5,0,6436.11,0,True,11917.349999999999
APP-000020,52,46-60,female,western,salaried,148,23026.99,1574.04,10663.6,48663.42,26,1,0,18837.09,0,True,20000.0
APP-000021,61,46-60,female,south_asian,salaried,168,6526.49,2038.0,4162.68,51633.18,38,5,1,5914.49,0,True,19579.47
APP-000022,60,46-60,male,south_asian,self_employed,182,5915.41,166.41,1990.03,3733.11,30,1,0,7122.18,0,True,17746.23
APP-000023,43,36-45,male,southeast_asian,salaried,100,4006.07,331.72,1700.97,11759.5,21,3,0,11878.75,0,True,12018.210000000001
APP-000024,56,46-60,male,arab_expat,salaried,173,4688.19,452.83,3168.69,15937.75,13,4,0,3745.27,0,True,14064.57
APP-000025,46,46-60,male,south_asian,salaried,108,5192.73,1902.03,2966.64,42744.75,9,3,0,12107.13,0,True,15578.189999999999
APP-000026,62,46-60,male,western,salaried,163,11248.78,3793.42,7873.4,140107.47,23,2,0,1065.98,0,True,20000.0
APP-000027,39,36-45,female,arab_expat,salaried,96,22614.46,5348.53,8839.19,95228.92,15,3,0,15343.98,0,True,20000.0
APP-000028,42,36-45,male,other,salaried,102,10619.1,726.02,6484.74,12455.85,22,0,0,4750.31,0,True,20000.0
APP-000029,62,46-60,male,south_asian,salaried,210,11862.69,1298.8,4999.23,40153.43,14,5,0,2860.57,0,True,20000.0
APP-000030,54,46-60,female,south_asian,salaried,143,3000.0,936.16,2348.21,16946.81,38,4,0,4451.43,0,True,9000.0
APP-000031,64,46-60,male,south_asian,salaried,210,6879.3,1531.79,3181.72,37722.62,17,2,0,17666.24,0,True,20000.0
APP-000032,62,46-60,female,south_asian,salaried,195,6786.54,538.04,2094.47,10129.72,19,1,0,11840.33,0,True,20000.0
APP-000033,48,46-60,male,south_asian,unemployed,0,3361.2357885595356,310.38,2256.87,11957.8,33,1,2,3149.89,1,True,10083.707365678607
APP-000034,55,46-60,female,south_asian,salaried,164,5987.16,163.64,3452.67,5060.16,6,3,1,10524.01,0,True,17961.48
APP-000035,48,46-60,male,south_asian,freelancer,124,8259.64,1382.38,2829.67,24116.63,26,3,0,15919.45,1,True,20000.0
APP-000036,32,26-35,female,south_asian,freelancer,43,5470.0,478.78,3351.78,8589.02,3,1,0,1694.28,0,True,16410.0
APP-000037,18,18-25,male,southeast_asian,salaried,9,3000.0,203.75,1784.68,6951.37,9,0,0,6004.9,0,True,9000.0
APP-000038,35,26-35,female,emirati,salaried,55,8956.51,478.59,4928.2,11875.66,3,0,0,14823.41,0,True,20000.0
APP-000039,56,46-60,male,emirati,freelancer,171,13428.34,503.45,10179.17,7775.62,28,5,0,19396.58,0,True,20000.0
APP-000040,48,46-60,male,south_asian,salaried,131,11151.11,2462.62,8754.65,54486.09,24,0,0,11080.58,0,True,20000.0
APP-000041,44,36-45,male,south_asian,salaried,92,3453.55,133.52,1085.92,3858.82,38,5,3,634.84,1,False,10360.650000000001
APP-000042,44,36-45,male,other,freelancer,99,16019.25,4673.83,12657.17,80913.0,26,3,0,12187.86,0,True,20000.0
APP-000043,65,46-60,female,arab_expat,salaried,209,26117.85,4766.4,12342.3,126583.78,26,3,0,17457.23,0,True,20000.0
APP-000044,62,46-60,male,south_asian,self_employed,183,6111.38,594.54,2298.2,23154.2,6,4,0,2289.92,0,True,18334.14
APP-000045,46,46-60,male,western,salaried,130,23437.63,7686.95,14933.96,199927.34,45,5,0,15308.34,0,True,20000.0
APP-000046,52,46-60,male,emirati,salaried,180,16499.84,548.43,10675.41,20348.25,2,0,0,7809.4,0,True,20000.0
APP-000047,27,26-35,male,south_asian,salaried,27,7780.55,1670.59,4815.79,39738.52,32,3,0,13713.41,0,True,20000.0
APP-000048,28,26-35,male,western,unemployed,0,4070.940537380387,1034.82,1951.93,19533.44,33,0,0,8209.73,1,True,12212.82161214116
APP-000049,35,26-35,male,arab_expat,self_employed,88,36668.75,5133.18,15595.71,167687.23,36,5,0,12750.84,0,True,20000.0
APP-000050,58,46-60,male,south_asian,salaried,155,4631.85,161.04,1984.68,5594.64,23,2,0,5037.28,0,True,13895.550000000001
APP-000051,25,18-25,male,emirati,self_employed,17,10915.22,4568.98,4717.88,62630.03,17,5,0,11898.92,0,True,20000.0
APP-000052,58,46-60,female,emirati,salaried,197,22208.47,1381.95,10018.13,30746.83,6,0,0,10106.18,0,True,20000.0
APP-000053,24,18-25,male,south_asian,salaried,0,10063.82,1200.16,7214.21,34168.03,45,2,2,4736.76,1,True,20000.0
APP-000054,46,46-60,female,arab_expat,salaried,109,22681.22,5145.89,11961.14,153774.95,30,4,0,1486.28,0,True,20000.0
APP-000055,39,36-45,male,south_asian,salaried,100,4413.42,1340.78,1643.31,18636.53,12,1,1,2179.21,0,True,13240.26
APP-000056,40,36-45,female,south_asian,salaried,88,10958.33,2162.28,3885.02,54306.01,45,0,0,18220.66,0,True,20000.0
APP-000057,60,46-60,male,south_asian,freelancer,195,6103.48,1745.04,3687.41,20888.94,13,5,0,13183.75,0,True,18310.44
APP-000058,42,36-45,female,south_asian,salaried,91,26575.84,4698.79,13972.98,79197.2,16,3,0,14727.44,0,True,20000.0
APP-000059,38,36-45,male,southeast_asian,salaried,92,29906.37,5305.14,10799.66,109328.02,31,3,0,14560.68,0,True,20000.0
APP-000060,36,36-45,male,south_asian,salaried,71,4715.32,926.34,3712.25,32007.65,29,5,0,8810.32,0,True,14145.96
APP-000061,60,46-60,female,south_asian,salaried,179,20273.55,2543.34,13645.23,41848.08,20,2,0,6576.93,0,True,20000.0
APP-000062,38,36-45,female,south_asian,salaried,83,9403.94,1058.86,4105.6,34569.97,5,3,3,13730.48,1,True,20000.0
APP-000063,49,46-60,male,south_asian,salaried,133,27066.83,3132.64,9868.37,81378.06,11,4,0,16220.9,0,True,20000.0
APP-000064,22,18-25,male,arab_expat,salaried,0,5783.97,1046.06,4529.43,15854.29,45,3,0,15999.88,0,True,17351.91
APP-000065,23,18-25,male,emirati,salaried,0,3000.0,150.23,2064.34,3084.67,45,5,0,2508.29,0,True,9000.0
APP-000066,27,26-35,male,south_asian,salaried,24,5953.94,705.62,4723.06,13898.07,46,2,1,8641.32,0,True,17861.82
APP-000067,58,46-60,male,south_asian,salaried,162,7996.34,2394.43,4248.9,63762.45,38,0,0,16291.41,0,True,20000.0
APP-000068,59,46-60,male,southeast_asian,salaried,190,12319.06,2898.86,5937.16,108817.71,18,2,0,1521.13,0,True,20000.0
APP-000069,58,46-60,male,emirati,salaried,168,20597.39,8050.2,7635.74,164985.82,46,5,0,3014.56,0,True,20000.0
APP-000070,63,46-60,female,south_asian,salaried,202,23458.14,5813.89,12003.6,121247.76,17,1,0,7163.78,0,True,20000.0
APP-000071,49,46-60,male,other,salaried,123,10716.74,2366.82,6526.66,66075.44,7,1,0,15536.41,0,True,20000.0
APP-000072,28,26-35,female,emirati,salaried,22,12832.65,905.86,5094.67,27492.13,27,3,0,5994.55,0,True,20000.0
APP-000073,42,36-45,male,south_asian,salaried,101,6279.74,1806.16,3294.73,45877.52,39,0,0,4572.0,0,True,18839.22
APP-000074,46,46-60,female,western,salaried,105,13908.38,2418.92,6504.19,34787.65,1,3,0,3206.46,0,True,20000.0
APP-000075,63,46-60,male,southeast_asian,freelancer,205,12793.37,733.99,4239.77,25763.51,23,4,3,11713.43,1,True,20000.0
APP-000076,63,46-60,male,south_asian,salaried,197,10140.09,2008.54,6264.91,79199.11,12,0,0,1817.41,0,True,20000.0
APP-000077,33,26-35,female,southeast_asian,self_employed,51,3000.0,695.04,2117.25,8266.12,37,3,1,872.35,0,True,9000.0
APP-000078,30,26-35,female,south_asian,salaried,20,6300.82,1187.05,4408.5,27430.99,19,3,0,7615.21,0,True,18902.46
APP-000079,29,26-35,male,south_asian,freelancer,12,8355.07,1622.43,2841.01,48393.16,14,4,0,3749.57,0,True,20000.0
APP-000080,46,46-60,male,emirati,self_employed,89,13156.57,3441.28,4175.89,41353.86,37,2,0,19014.61,1,True,20000.0
APP-000081,20,18-25,male,southeast_asian,freelancer,0,9525.29,1786.28,6361.35,44605.77,18,4,2,14228.74,1,True,20000.0
APP-000082,31,26-35,female,south_asian,freelancer,37,12577.02,418.74,5957.89,5003.18,26,2,0,14380.28,0,True,20000.0
APP-000083,62,46-60,male,arab_expat,salaried,197,5298.2,1581.77,4237.49,49930.29,25,3,0,1635.36,0,True,15894.599999999999
APP-000084,38,36-45,male,south_asian,salaried,63,14439.6,1345.38,4731.95,18465.12,7,1,0,18727.39,0,True,20000.0
APP-000085,32,26-35,male,western,self_employed,53,16563.71,1100.2,6365.73,42080.68,7,5,0,18089.02,0,True,20000.0
APP-000086,39,36-45,female,south_asian,self_employed,85,9144.25,2144.4,5020.37,61790.72,13,2,0,16191.42,0,True,20000.0
APP-000087,61,46-60,male,south_asian,salaried,193,7972.47,742.24,3768.47,16300.7,36,4,0,6722.76,0,True,20000.0
APP-000088,47,46-60,male,south_asian,salaried,147,16049.37,3904.63,6093.48,155713.06,22,2,0,2255.96,0,True,20000.0
APP-000089,43,36-45,male,other,salaried,98,7749.11,1650.64,3994.39,60204.9,34,3,0,8311.34,0,True,20000.0
APP-000090,54,46-60,male,south_asian,salaried,143,11304.92,3411.68,5500.96,135114.91,26,2,0,4381.63,0,True,20000.0
APP-000091,50,46-60,male,emirati,salaried,129,10783.22,977.09,5970.21,24712.0,23,4,0,16407.1,0,True,20000.0
APP-000092,41,36-45,male,emirati,salaried,82,22767.55,3936.83,13415.49,66242.27,2,3,0,12765.99,0,True,20000.0
APP-000093,57,46-60,female,south_asian,self_employed,168,10875.65,1838.47,5991.5,52110.22,22,5,0,14262.62,0,True,20000.0
APP-000094,51,46-60,male,south_asian,salaried,128,6554.31,1569.93,3965.61,24754.54,11,4,0,18541.62,0,True,19662.93
APP-000095,37,36-45,female,southeast_asian,salaried,58,20959.26,4851.91,15675.02,105946.18,16,1,0,6108.79,0,True,20000.0
APP-000096,63,46-60,male,western,salaried,196,25108.64,7258.64,10536.62,83641.04,43,1,0,1523.58,0,True,20000.0
APP-000097,44,36-45,male,south_asian,salaried,125,24232.02,2994.97,10727.7,35265.41,36,5,0,10935.47,0,True,20000.0
APP-000098,64,46-60,female,emirati,freelancer,181,3000.0,91.29,1402.56,2157.23,30,4,0,8477.76,0,True,9000.0
APP-000099,50,46-60,male,south_asian,salaried,141,6199.37,1480.73,2403.79,52838.95,43,3,0,2069.79,0,True,18598.11
APP-000100,60,46-60,male,other,salaried,183,8482.51,847.62,3654.07,17619.11,11,5,2,3614.48,0,True,20000.0
APP-000101,61,46-60,male,western,salaried,184,29010.76,8600.84,19549.41,242304.31,19,4,0,15268.34,0,True,20000.0
APP-000102,60,46-60,female,arab_expat,salaried,164,11136.78,2437.68,8368.67,39160.61,25,1,0,10646.66,0,True,20000.0
APP-000103,25,18-25,female,southeast_asian,salaried,24,6636.72,1493.74,2835.4,15072.53,10,0,2,14094.58,0,True,19910.16
APP-000104,52,46-60,female,western,salaried,146,10528.04,2485.83,8384.83,53381.68,41,3,0,13813.24,0,True,20000.0
APP-000105,60,46-60,female,south_asian,self_employed,210,7428.51,1991.66,3803.87,42578.29,11,3,0,5875.17,0,True,20000.0
APP-000106,64,46-60,female,emirati,salaried,180,17849.49,921.86,13139.12,15986.92,2,3,0,4736.75,0,True,20000.0
APP-000107,21,18-25,male,other,salaried,13,11505.62,3770.92,5034.59,100689.38,28,5,0,12706.87,0,True,20000.0
APP-000108,45,36-45,male,emirati,salaried,103,8803.58,1831.03,3701.77,30688.68,41,1,0,18337.45,0,True,20000.0
APP-000109,53,46-60,male,south_asian,salaried,141,6970.95,1060.12,2270.91,22596.5,29,0,0,4169.18,0,True,20000.0
APP-000110,55,46-60,female,south_asian,salaried,165,8189.22,1241.13,4641.86,25787.93,12,4,0,9587.08,0,True,20000.0
APP-000111,64,46-60,male,arab_expat,freelancer,193,11441.58,952.66,5319.56,20382.34,40,3,0,18897.56,0,True,20000.0
APP-000112,39,36-45,male,arab_expat,freelancer,72,3000.0,484.24,988.1,5333.76,40,5,1,4005.33,0,True,9000.0
APP-000113,58,46-60,male,southeast_asian,salaried,161,15158.7,3169.01,8728.71,32816.78,25,2,0,6090.43,0,True,20000.0
APP-000114,50,46-60,female,southeast_asian,self_employed,139,5392.34,850.52,4287.54,14268.08,32,0,0,13954.32,0,True,16177.02
APP-000115,20,18-25,male,south_asian,salaried,1,3296.27,472.7,1146.05,12216.83,2,1,0,6999.76,0,True,9888.81
APP-000116,54,46-60,male,emirati,salaried,176,11270.68,3149.08,4296.67,54208.79,40,3,0,11040.97,0,True,20000.0
APP-000117,42,36-45,female,south_asian,unemployed,0,4922.969982307989,124.64,3369.79,4816.81,19,2,2,11680.38,0,True,14768.909946923966
APP-000118,46,46-60,male,south_asian,freelancer,98,10098.11,1701.27,3808.1,53335.35,30,5,0,7533.65,0,True,20000.0
APP-000119,23,18-25,male,south_asian,salaried,4,3615.71,1306.6,1252.96,36508.12,15,3,2,4512.61,1,True,10847.130000000001
APP-000120,23,18-25,female,south_asian,unemployed,0,4055.9479753836695,444.11,1555.88,8117.82,14,0,0,11517.04,0,True,12167.843926151008
APP-000121,64,46-60,male,southeast_asian,salaried,209,21039.95,5077.0,14890.77,181681.73,46,1,0,12262.62,0,True,20000.0
APP-000122,62,46-60,male,south_asian,freelancer,201,12499.91,2707.67,6205.8,36327.82,27,4,0,4008.58,0,True,20000.0
APP-000123,53,46-60,male,arab_expat,freelancer,154,12954.52,2359.78,6328.22,55388.76,28,4,0,10378.95,0,True,20000.0
APP-000124,62,46-60,male,emirati,freelancer,185,32550.24,1692.35,19736.48,45518.48,30,5,0,15177.31,0,True,20000.0
APP-000125,45,36-45,male,emirati,salaried,110,10383.54,1170.4,3897.7,46735.34,23,2,0,19253.69,0,True,20000.0
APP-000126,25,18-25,female,arab_expat,salaried,2,8377.87,530.74,2700.54,16624.57,1,2,0,13704.22,0,True,20000.0
APP-000127,28,26-35,female,arab_expat,salaried,18,7038.24,2494.88,3503.57,80139.66,42,3,0,8082.3,0,True,20000.0
APP-000128,63,46-60,male,south_asian,salaried,201,16397.74,3598.8,8932.54,140272.2,15,3,0,11946.59,0,True,20000.0
APP-000129,40,36-45,male,south_asian,salaried,76,18553.3,5246.13,9029.02,74708.86,18,4,2,8749.26,0,True,20000.0
APP-000130,49,46-60,male,southeast_asian,salaried,144,10404.18,2491.77,3171.11,35124.09,39,4,0,10151.91,0,True,20000.0
APP-000131,61,46-60,male,southeast_asian,salaried,194,15569.74,663.33,9074.44,22006.92,23,4,0,2727.03,0,True,20000.0
APP-000132,52,46-60,female,south_asian,self_employed,162,12180.68,1697.36,8378.06,29039.08,38,4,0,17290.45,0,True,20000.0
APP-000133,57,46-60,male,south_asian,salaried,170,4190.43,576.29,1863.34,10384.91,41,5,0,2136.73,0,True,12571.29
APP-000134,44,36-45,female,other,self_employed,122,3318.33,870.47,1953.54,15722.01,19,3,1,4308.95,1,True,9954.99
APP-000135,65,46-60,male,western,salaried,216,38488.41,7070.29,21831.1,116906.52,20,1,0,6795.87,0,True,20000.0
APP-000136,36,36-45,male,southeast_asian,salaried,56,9872.05,627.12,7195.0,14573.38,0,3,0,13927.54,0,True,20000.0
APP-000137,26,26-35,female,south_asian,self_employed,22,5543.03,2028.85,3675.0,66256.08,20,0,0,517.52,0,True,16629.09
APP-000138,48,46-60,male,southeast_asian,salaried,123,8771.59,2845.67,3023.26,97261.32,4,2,0,3174.02,0,True,20000.0
APP-000139,26,26-35,male,southeast_asian,salaried,4,4755.86,481.94,3558.79,6843.74,5,5,0,13761.6,0,True,14267.579999999998
APP-000140,38,36-45,female,south_asian,salaried,76,8912.7,3357.36,3514.48,73031.08,31,1,0,2698.5,0,True,20000.0
APP-000141,49,46-60,male,emirati,self_employed,140,7740.92,1469.67,2604.79,40593.62,0,1,1,18999.26,0,True,20000.0
APP-000142,43,36-45,male,southeast_asian,salaried,84,3205.26,782.69,1287.23,26800.72,25,3,0,7457.38,0,True,9615.78
APP-000143,59,46-60,female,emirati,salaried,174,9311.4,1488.88,3349.51,46508.17,33,1,0,7260.75,0,True,20000.0
APP-000144,51,46-60,female,arab_expat,salaried,153,16261.76,694.05,8579.69,14438.82,23,4,0,3567.54,0,True,20000.0
APP-000145,24,18-25,female,southeast_asian,salaried,9,3886.38,981.32,1648.34,36775.6,15,0,0,1832.41,0,True,11659.14
APP-000146,61,46-60,female,south_asian,self_employed,216,3676.47,504.8,1117.59,8086.96,27,2,0,3054.27,0,True,11029.41
APP-000147,41,36-45,male,south_asian,self_employed,99,9246.87,173.39,6655.78,6296.82,45,0,0,7837.36,0,True,20000.0
APP-000148,65,46-60,female,emirati,salaried,207,13394.06,4959.76,6512.81,194604.34,4,0,0,12925.71,0,True,20000.0
APP-000149,43,36-45,male,south_asian,salaried,109,4526.5,1055.13,1973.45,12915.45,9,4,1,2649.94,0,True,13579.5
APP-000150,47,46-60,male,south_asian,salaried,121,6525.47,477.78,3926.06,7859.78,41,1,1,18973.6,0,True,19576.41
APP-000151,43,36-45,male,southeast_asian,salaried,103,6770.65,1791.42,2504.44,18556.8,39,1,2,7758.68,1,True,20000.0
APP-000152,58,46-60,female,emirati,salaried,176,23163.51,996.89,11381.73,22729.01,16,1,0,9197.22,0,True,20000.0
APP-000153,27,26-35,male,southeast_asian,salaried,20,8566.06,1383.28,4821.9,40008.1,38,0,0,15747.36,0,True,20000.0
APP-000154,40,36-45,male,arab_expat,salaried,76,8982.03,2844.47,3739.95,42066.14,11,1,0,16417.56,0,True,20000.0
APP-000155,65,46-60,male,other,salaried,218,4158.08,681.41,1306.07,21135.17,45,4,1,10518.81,0,True,12474.24
APP-000156,49,46-60,male,south_asian,salaried,144,3270.18,279.2,1271.22,9513.11,41,0,3,7061.1,1,True,9810.539999999999
APP-000157,27,26-35,female,arab_expat,self_employed,35,17199.01,1787.14,13318.0,60325.4,46,5,0,14290.07,0,True,20000.0
APP-000158,53,46-60,female,western,self_employed,151,9757.1,1830.09,7555.4,39800.88,47,4,3,6705.23,1,True,20000.0
APP-000159,57,46-60,male,south_asian,freelancer,180,29805.06,6041.37,12766.37,79994.01,0,3,0,8683.24,0,True,20000.0
APP-000160,28,26-35,female,south_asian,salaried,23,5550.05,1656.5,4012.03,31220.48,15,0,1,14840.22,0,True,16650.15
APP-000161,28,26-35,female,south_asian,self_employed,42,8127.44,419.44,3076.66,5468.55,9,1,0,11305.19,0,True,20000.0
APP-000162,64,46-60,male,southeast_asian,salaried,211,11646.76,560.57,4058.82,9086.05,30,0,0,2752.42,0,True,20000.0
APP-000163,43,36-45,male,western,salaried,93,9806.83,987.04,3683.11,30493.74,4,5,0,11058.26,0,True,20000.0
APP-000164,55,46-60,male,emirati,salaried,127,11617.69,1267.21,6804.98,50032.8,7,3,0,19695.18,0,True,20000.0
APP-000165,31,26-35,female,south_asian,salaried,55,10303.79,4861.39,5138.27,96176.79,13,3,0,741.09,0,True,20000.0
APP-000166,62,46-60,male,south_asian,salaried,186,12256.62,2835.51,5784.32,63307.58,18,3,0,9724.41,0,True,20000.0
APP-000167,29,26-35,male,south_asian,salaried,32,11809.91,585.37,3662.45,20207.9,14,2,0,17235.58,0,True,20000.0
APP-000168,61,46-60,male,arab_expat,salaried,200,16670.86,3493.07,11869.4,112575.86,36,2,0,10547.76,0,True,20000.0
APP-000169,28,26-35,male,southeast_asian,salaried,31,8826.81,554.76,4696.83,12153.83,44,5,2,10031.34,0,True,20000.0
APP-000170,46,46-60,male,western,salaried,110,20738.05,2707.11,15108.82,79646.96,32,2,0,10508.98,0,True,20000.0
APP-000171,61,46-60,male,western,salaried,185,4273.71,435.67,2086.59,8914.36,12,3,0,6914.85,0,True,12821.130000000001
APP-000172,57,46-60,male,emirati,salaried,155,7297.4,2236.37,5795.45,65341.91,41,2,0,19067.66,0,True,20000.0
APP-000173,59,46-60,male,south_asian,self_employed,195,18349.46,3299.16,14656.35,58668.26,20,3,0,11868.96,0,True,20000.0
APP-000174,54,46-60,female,south_asian,salaried,146,5531.78,1083.96,3203.59,20393.1,22,5,0,13510.57,0,True,16595.34
APP-000175,29,26-35,female,western,salaried,35,23509.91,6892.52,14510.28,188919.79,29,3,0,10259.31,0,True,20000.0
APP-000176,61,46-60,male,south_asian,salaried,191,4999.39,996.47,3288.77,33250.45,23,5,0,5043.93,0,True,14998.170000000002
APP-000177,21,18-25,male,south_asian,self_employed,9,6194.89,295.7,4848.52,6357.4,1,1,0,17681.68,0,True,18584.670000000002
APP-000178,38,36-45,female,south_asian,salaried,96,5225.47,883.46,2700.69,27036.88,6,3,0,3359.63,0,True,15676.41
APP-000179,43,36-45,male,south_asian,unemployed,0,3513.900663755493,160.61,2179.18,5322.21,29,4,0,7147.3,0,True,10541.70199126648
APP-000180,59,46-60,female,emirati,salaried,171,4485.83,1250.98,1572.24,32036.69,29,5,1,7128.85,0,True,13457.49
APP-000181,57,46-60,male,emirati,salaried,170,6315.57,737.16,3462.05,11964.71,44,2,0,735.18,0,True,18946.71
APP-000182,23,18-25,female,arab_expat,salaried,7,8464.07,735.32,3792.0,17594.97,4,1,0,17118.85,0,True,20000.0
APP-000183,41,36-45,female,south_asian,salaried,107,7939.18,926.96,2750.73,31932.78,8,3,0,9402.5,0,True,20000.0
APP-000184,42,36-45,female,south_asian,salaried,101,6219.76,691.93,4548.44,25185.22,34,1,0,9363.96,0,True,18659.28
APP-000185,44,36-45,male,emirati,salaried,129,8952.08,1075.83,5009.13,32971.23,29,3,0,5347.25,0,True,20000.0
APP-000186,40,36-45,female,southeast_asian,salaried,98,9114.24,2132.12,4195.44,42486.43,13,4,0,13044.69,0,True,20000.0
APP-000187,43,36-45,female,emirati,salaried,96,8084.28,512.74,5763.72,17306.77,46,5,0,10412.59,0,True,20000.0
APP-000188,31,26-35,female,south_asian,salaried,53,11019.16,2439.85,5799.01,31530.45,31,0,0,16682.74,0,True,20000.0
APP-000189,36,36-45,male,south_asian,salaried,78,23468.43,4805.41,17040.36,79133.98,39,1,0,2601.43,0,True,20000.0
APP-000190,44,36-45,male,southeast_asian,salaried,123,7282.28,3111.27,4199.06,71510.4,28,4,0,18248.54,0,True,20000.0
APP-000191,62,46-60,male,arab_expat,salaried,179,23312.02,1691.64,10182.64,65818.0,46,3,0,3194.51,0,True,20000.0
APP-000192,56,46-60,female,arab_expat,salaried,156,12495.72,2990.54,9879.96,88228.68,45,4,0,12919.11,0,True,20000.0
APP-000193,63,46-60,male,south_asian,salaried,180,6016.9,1843.62,2242.28,55507.02,9,1,0,12493.98,0,True,18050.699999999997
APP-000194,27,26-35,female,southeast_asian,salaried,24,11616.01,2717.94,6744.67,46552.51,37,5,0,13457.62,0,True,20000.0
APP-000195,42,36-45,male,other,freelancer,90,14277.71,3044.4,8906.67,99409.5,26,4,0,14635.83,1,True,20000.0
APP-000196,30,26-35,male,south_asian,salaried,41,6632.53,1550.34,2835.46,30877.94,34,1,2,12078.04,1,True,19897.59
APP-000197,58,46-60,male,southeast_asian,salaried,162,16170.66,3059.14,8214.14,79877.44,4,1,0,13435.02,0,True,20000.0
APP-000198,39,36-45,male,south_asian,self_employed,41,3609.3,869.48,2788.16,18760.14,25,2,3,8990.66,1,True,10827.900000000001
APP-000199,41,36-45,male,south_asian,salaried,86,5299.16,215.7,3250.86,3520.97,30,1,0,7031.76,0,True,15897.48
APP-000200,24,18-25,male,arab_expat,self_employed,8,10219.13,718.94,7263.86,26837.74,19,3,0,8943.99,0,True,20000.0
APP-000201,19,18-25,male,emirati,salaried,0,14158.77,2012.07,6240.6,76057.71,18,5,1,10902.62,0,True,20000.0
APP-000202,26,26-35,female,arab_expat,self_employed,14,9168.53,2254.52,6078.45,36866.16,43,4,1,4805.37,0,True,20000.0
APP-000203,34,26-35,male,south_asian,self_employed,71,5933.22,1187.32,3225.27,23657.98,6,5,0,5432.78,0,True,17799.66
APP-000204,22,18-25,female,south_asian,salaried,0,7913.11,1149.64,3347.94,19136.64,35,3,0,7509.98,0,True,20000.0
APP-000205,61,46-60,female,western,salaried,180,16854.25,3315.68,12525.54,40762.54,3,0,0,12816.72,0,True,20000.0
APP-000206,55,46-60,male,arab_expat,salaried,167,25421.4,6108.93,15120.66,218179.97,6,4,0,8237.31,0,True,20000.0
APP-000207,50,46-60,male,south_asian,freelancer,152,11466.65,845.53,4278.2,27023.25,45,0,0,10009.02,0,True,20000.0
APP-000208,22,18-25,male,south_asian,salaried,0,3000.0,793.86,1767.95,21517.42,18,3,0,6053.36,0,True,9000.0
APP-000209,22,18-25,male,south_asian,freelancer,0,13554.5,2251.65,5188.7,27723.77,30,1,0,3568.47,0,True,20000.0
APP-000210,56,46-60,female,emirati,salaried,170,10156.41,2095.96,3865.17,60544.35,1,4,1,5536.06,0,True,20000.0
APP-000211,29,26-35,male,south_asian,freelancer,17,24101.24,4985.99,12180.37,71206.74,27,1,0,10460.7,0,True,20000.0
APP-000212,28,26-35,female,south_asian,salaried,21,5679.4,520.14,2128.53,6704.06,22,4,0,15016.45,0,True,17038.199999999997
APP-000213,52,46-60,male,emirati,salaried,155,23599.04,7663.59,9787.54,261090.89,37,3,0,16190.11,0,True,20000.0
APP-000214,62,46-60,male,south_asian,salaried,194,3000.0,1286.83,910.67,33040.93,24,3,0,6346.02,0,True,9000.0
APP-000215,38,36-45,male,emirati,salaried,68,8825.22,1980.78,5083.79,52940.07,8,4,0,5448.66,0,True,20000.0
APP-000216,37,36-45,male,arab_expat,salaried,87,4870.51,1857.43,3375.46,63200.19,29,5,0,2768.26,0,True,14611.53
APP-000217,58,46-60,male,emirati,salaried,184,5918.27,735.1,3881.22,20527.06,45,1,0,8074.38,0,True,17754.81
APP-000218,30,26-35,female,western,salaried,45,12600.22,2937.79,9926.74,37031.68,13,3,0,8205.29,0,True,20000.0
APP-000219,55,46-60,male,emirati,salaried,171,17860.02,2445.59,13958.12,57820.52,19,0,0,8439.13,0,True,20000.0
APP-000220,24,18-25,male,south_asian,salaried,20,3778.64,597.69,1775.32,19883.93,32,4,0,5722.59,0,True,11335.92
APP-000221,34,26-35,male,southeast_asian,unemployed,0,3000.0,69.4,1910.55,2403.48,3,1,0,3505.07,0,True,9000.0
APP-000222,54,46-60,male,western,salaried,165,4911.71,394.26,1735.53,14826.4,32,5,0,594.29,0,True,14735.130000000001
APP-000223,52,46-60,female,arab_expat,salaried,133,26477.3,2123.68,13210.58,69030.39,6,4,0,9827.24,0,True,20000.0
APP-000224,52,46-60,male,south_asian,self_employed,146,3744.96,1253.77,2737.27,19577.08,12,2,0,7081.38,0,True,11234.880000000001
APP-000225,41,36-45,male,south_asian,salaried,91,5380.68,861.44,3553.44,29394.6,26,3,0,13014.22,0,True,16142.04
APP-000226,65,46-60,male,arab_expat,salaried,166,22180.23,6364.73,12951.42,139718.92,33,0,0,5458.65,0,True,20000.0
APP-000227,58,46-60,male,arab_expat,salaried,163,17135.51,2078.47,10082.99,61306.48,25,2,0,13627.26,0,True,20000.0
APP-000228,49,46-60,female,south_asian,salaried,119,6847.53,1727.58,3127.55,51119.77,34,4,0,5789.34,0,True,20000.0
APP-000229,46,46-60,female,western,salaried,102,9542.99,737.71,4757.4,9491.83,44,3,0,1014.12,0,True,20000.0
APP-000230,43,36-45,male,other,salaried,97,16782.34,1777.76,9454.69,26876.6,1,2,0,6841.43,0,True,20000.0
APP-000231,48,46-60,male,western,freelancer,118,43037.63,6602.81,22271.49,192759.76,25,2,0,4929.0,0,True,20000.0
APP-000232,23,18-25,male,south_asian,salaried,4,4789.22,309.49,2138.2,5241.67,0,2,0,12733.52,0,True,14367.66
APP-000233,45,36-45,male,south_asian,salaried,101,4249.65,221.15,2729.64,4100.19,35,2,0,10954.26,0,True,12748.949999999999
APP-000234,29,26-35,male,emirati,salaried,15,8005.41,1652.57,3530.84,22724.78,21,0,0,3438.33,0,True,20000.0
APP-000235,49,46-60,male,south_asian,self_employed,118,10389.73,933.89,5155.5,24557.35,8,2,0,16650.91,0,True,20000.0
APP-000236,25,18-25,female,southeast_asian,salaried,23,10586.57,2598.9,8131.63,38355.46,34,5,0,10658.06,0,True,20000.0
APP-000237,34,26-35,male,south_asian,salaried,74,6051.44,1820.01,4746.86,49927.08,33,5,0,7056.79,0,True,18154.32
APP-000238,23,18-25,male,south_asian,salaried,0,8613.58,1099.64,4685.11,21445.38,26,5,0,16207.74,0,True,20000.0
APP-000239,46,46-60,female,emirati,salaried,113,12030.86,1944.93,6426.85,70075.55,28,4,0,10857.18,0,True,20000.0
APP-000240,46,46-60,male,south_asian,salaried,132,7232.62,113.59,4777.16,3379.15,25,3,0,13822.87,0,True,20000.0
APP-000241,53,46-60,male,south_asian,salaried,146,9999.17,2172.43,5951.01,24923.35,10,5,1,13287.11,0,True,20000.0
APP-000242,23,18-25,male,southeast_asian,salaried,3,9067.27,1535.89,4467.13,24257.21,31,4,0,3988.51,0,True,20000.0
APP-000243,65,46-60,male,arab_expat,self_employed,190,15157.73,886.3,9530.66,23058.88,28,2,0,11226.59,0,True,20000.0
APP-000244,38,36-45,female,south_asian,salaried,81,3602.93,373.0,1895.87,14470.44,0,0,0,6641.59,0,True,10808.789999999999
APP-000245,51,46-60,male,western,salaried,147,6863.36,2061.21,2594.72,36997.99,42,1,2,2292.15,0,True,20000.0
APP-000246,43,36-45,male,south_asian,salaried,94,5752.27,2008.44,1833.17,68789.54,18,0,0,6103.3,0,True,17256.81
APP-000247,45,36-45,male,arab_expat,self_employed,112,9013.86,2813.17,5137.58,40755.52,24,1,3,14765.78,1,True,20000.0
APP-000248,43,36-45,female,arab_expat,salaried,111,11452.6,1091.32,4939.27,23960.82,20,5,0,3129.98,0,True,20000.0
APP-000249,53,46-60,male,south_asian,salaried,110,8709.43,767.02,3102.86,17186.97,17,1,0,12080.6,0,True,20000.0
APP-000250,19,18-25,female,south_asian,salaried,9,8131.18,1516.91,5446.19,26229.57,29,1,0,16492.61,0,True,20000.0
APP-000251,18,18-25,male,arab_expat,salaried,0,11086.29,1958.37,8826.36,60419.89,32,3,0,13438.8,0,True,20000.0
APP-000252,20,18-25,male,emirati,salaried,0,4197.05,163.69,2015.04,2166.72,14,5,0,12346.82,0,True,12591.150000000001
APP-000253,50,46-60,female,emirati,salaried,144,5519.11,856.63,2741.34,12601.16,16,2,0,5354.55,0,True,16557.329999999998
APP-000254,50,46-60,male,emirati,salaried,93,19135.63,3855.85,10722.82,116985.9,41,5,0,5187.04,0,True,20000.0
APP-000255,27,26-35,male,south_asian,salaried,17,9428.09,3026.15,7064.67,112835.7,20,1,0,11514.46,0,True,20000.0
APP-000256,28,26-35,male,south_asian,freelancer,36,5577.92,491.39,2436.98,16399.27,5,1,3,10515.36,1,True,16733.760000000002
APP-000257,56,46-60,male,south_asian,salaried,158,12200.35,1678.02,8858.24,41519.87,6,1,0,8467.49,0,True,20000.0
APP-000258,18,18-25,female,other,salaried,0,5599.68,739.49,2876.99,24614.99,29,3,0,6924.28,0,True,16799.04
APP-000259,65,46-60,male,south_asian,salaried,205,4018.94,1554.58,3182.66,17376.39,18,5,0,2694.07,0,True,12056.82
APP-000260,46,46-60,male,south_asian,self_employed,102,9531.81,1126.46,6303.61,15089.1,37,5,0,8164.8,0,True,20000.0
APP-000261,38,36-45,male,south_asian,salaried,74,6091.54,1053.06,2203.75,14137.28,21,2,3,7327.01,1,True,18274.62
APP-000262,50,46-60,male,south_asian,salaried,141,3000.0,494.73,1995.24,19209.86,13,1,1,8663.69,0,True,9000.0
APP-000263,18,18-25,male,south_asian,salaried,9,3363.08,930.58,1420.42,24586.15,29,4,0,2491.09,0,True,10089.24
APP-000264,29,26-35,male,southeast_asian,salaried,44,13305.46,1644.72,8592.09,45803.92,37,1,0,15112.03,0,True,20000.0
APP-000265,41,36-45,female,emirati,salaried,83,3725.41,1017.93,1628.78,26274.38,25,5,1,1666.94,0,True,11176.23
APP-000266,64,46-60,female,south_asian,salaried,198,23177.81,4501.9,14176.06,170231.07,29,3,0,12821.22,0,True,20000.0
APP-000267,49,46-60,female,western,salaried,127,7581.25,2634.53,3846.09,29940.82,16,5,3,4423.15,1,True,20000.0
APP-000268,36,36-45,male,emirati,salaried,47,4464.08,897.55,3397.79,21876.21,22,0,0,6707.56,0,True,13392.24
APP-000269,58,46-60,male,arab_expat,self_employed,151,11072.53,4631.73,5158.24,173623.15,38,0,0,5968.97,0,True,20000.0
APP-000270,19,18-25,male,south_asian,salaried,8,4502.99,851.13,1962.17,10727.59,42,2,0,12867.98,0,True,13508.97
APP-000271,31,26-35,male,south_asian,salaried,51,3000.0,1098.39,1625.21,39779.7,14,2,1,7488.18,0,True,9000.0
APP-000272,51,46-60,female,south_asian,salaried,120,8624.1,1772.83,4831.99,52776.31,14,4,0,12957.59,0,True,20000.0
APP-000273,31,26-35,male,south_asian,salaried,37,4081.49,1115.84,1874.39,15897.04,33,2,0,2511.53,0,True,12244.47
APP-000274,37,36-45,male,south_asian,salaried,81,7933.89,536.27,4731.6,18815.16,33,4,0,6980.48,0,True,20000.0
APP-000275,30,26-35,female,southeast_asian,salaried,58,7780.14,2303.69,4996.71,72120.42,22,1,0,3302.57,0,True,20000.0
APP-000276,57,46-60,male,south_asian,salaried,177,14606.21,3819.82,10558.58,70543.37,16,4,1,8410.88,0,True,20000.0
APP-000277,63,46-60,female,south_asian,salaried,200,7080.99,1693.32,4216.62,56776.04,20,2,0,5105.01,0,True,20000.0
APP-000278,60,46-60,female,arab_expat,salaried,185,12197.1,927.35,7307.64,28344.69,28,3,0,13077.29,0,True,20000.0
APP-000279,21,18-25,male,arab_expat,self_employed,14,3750.76,745.04,1718.97,20196.76,43,2,0,10571.41,0,True,11252.28
APP-000280,63,46-60,female,south_asian,salaried,231,7526.55,832.65,4904.88,28828.51,17,2,0,5087.2,0,True,20000.0
APP-000281,62,46-60,male,southeast_asian,salaried,181,7352.19,325.51,3739.45,6072.1,41,1,0,1899.05,0,True,20000.0
APP-000282,19,18-25,male,western,salaried,6,15336.34,2591.57,7858.12,26493.36,23,5,0,10283.71,0,True,20000.0
APP-000283,44,36-45,female,southeast_asian,salaried,119,5870.6,986.02,2581.36,25151.88,25,4,2,11291.78,1,True,17611.800000000003
APP-000284,60,46-60,female,emirati,salaried,185,5224.51,1405.41,3484.26,31805.11,46,2,0,1036.02,0,True,15673.53
APP-000285,56,46-60,female,arab_expat,salaried,175,12604.22,1187.3,9187.58,12378.9,5,1,0,14909.86,0,True,20000.0
APP-000286,60,46-60,male,arab_expat,salaried,178,8828.09,1070.75,7034.16,35453.64,11,3,0,3762.02,0,True,20000.0
APP-000287,54,46-60,female,south_asian,salaried,153,4770.33,415.77,2336.99,12958.82,22,1,0,6504.11,0,True,14310.99
APP-000288,36,36-45,female,south_asian,salaried,84,3000.0,275.27,2059.73,8938.77,35,4,0,4919.59,0,True,9000.0
APP-000289,61,46-60,female,south_asian,salaried,176,4037.45,572.78,1396.84,21854.51,31,1,0,7909.64,0,True,12112.349999999999
APP-000290,63,46-60,female,emirati,salaried,182,22832.76,2986.47,14390.09,36648.24,21,2,0,13998.32,0,True,20000.0
APP-000291,60,46-60,female,south_asian,salaried,200,7033.57,434.93,3839.35,16465.4,29,1,0,2614.39,0,True,20000.0
APP-000292,52,46-60,female,south_asian,salaried,160,9294.83,2157.44,7123.99,64589.82,12,5,0,8130.94,0,True,20000.0
APP-000293,18,18-25,male,western,salaried,0,46763.05,8701.67,35891.63,180712.37,32,3,3,2268.01,1,True,20000.0
APP-000294,52,46-60,female,south_asian,self_employed,144,4244.27,844.68,2305.71,30878.48,21,1,1,810.28,0,True,12732.810000000001
APP-000295,55,46-60,male,south_asian,self_employed,149,6564.54,2038.43,3686.38,77873.52,41,4,3,4971.84,1,True,19693.62
APP-000296,22,18-25,male,south_asian,salaried,0,4094.61,109.42,1577.84,3034.36,39,0,3,9917.34,1,True,12283.83
APP-000297,32,26-35,male,south_asian,salaried,58,5779.85,1542.79,2350.18,17537.81,8,0,1,13256.8,0,True,17339.550000000003
APP-000298,28,26-35,female,south_asian,salaried,31,10909.67,481.44,8110.88,10825.98,38,3,0,4520.12,0,True,20000.0
APP-000299,58,46-60,male,south_asian,salaried,181,11963.59,1695.83,6094.17,45331.76,9,4,0,12568.96,0,True,20000.0
APP-000300,52,46-60,male,south_asian,salaried,145,5274.41,1630.41,4015.6,18946.71,17,1,0,5622.47,0,True,15823.23
APP-000301,47,46-60,male,arab_expat,freelancer,129,10352.35,2742.48,4791.51,91514.52,15,0,0,8545.61,0,True,20000.0
APP-000302,30,26-35,male,south_asian,salaried,13,6010.35,372.19,2410.78,5142.31,33,0,0,2447.86,0,True,18031.050000000003
APP-000303,47,46-60,male,south_asian,salaried,132,19197.23,6137.28,10454.94,244692.92,28,3,0,14735.35,0,True,20000.0
APP-000304,65,46-60,female,south_asian,salaried,211,17039.46,472.06,8738.67,10304.88,38,5,0,9322.61,0,True,20000.0
APP-000305,33,26-35,male,arab_expat,salaried,45,6690.65,1557.77,3959.73,61208.87,22,1,0,8404.53,0,True,20000.0
APP-000306,41,36-45,male,southeast_asian,salaried,82,12314.96,1146.91,7236.45,18596.45,32,4,0,14847.34,0,True,20000.0
APP-000307,21,18-25,male,western,salaried,11,11710.98,1258.29,8042.96,17807.54,16,4,0,9830.62,0,True,20000.0
APP-000308,55,46-60,female,southeast_asian,self_employed,159,24039.34,4103.3,13239.07,143150.99,22,4,0,10890.68,0,True,20000.0
APP-000309,36,36-45,male,south_asian,salaried,55,10537.93,2194.6,3940.94,31854.49,9,5,2,19406.7,0,True,20000.0
APP-000310,52,46-60,female,south_asian,salaried,143,8687.41,1236.19,5498.5,32023.49,26,3,0,3073.11,0,True,20000.0
APP-000311,37,36-45,male,south_asian,salaried,92,3154.38,256.8,1396.2,10065.58,40,5,0,7620.83,0,True,9463.14
APP-000312,28,26-35,male,emirati,salaried,35,3857.33,156.89,2198.42,2334.2,14,0,0,6029.54,0,True,11571.99
APP-000313,27,26-35,female,western,salaried,38,12420.26,987.47,9453.63,19907.92,5,3,0,3218.75,0,True,20000.0
APP-000314,53,46-60,male,emirati,salaried,150,6675.9,414.65,2656.06,5186.31,40,5,0,2203.85,0,True,20000.0
APP-000315,50,46-60,male,south_asian,salaried,130,11205.43,2980.13,5294.12,57345.33,21,4,3,17812.2,1,True,20000.0
APP-000316,65,46-60,female,arab_expat,salaried,217,4941.33,697.45,2655.01,25126.18,47,0,0,8960.88,0,True,14823.99
APP-000317,42,36-45,male,south_asian,freelancer,82,15694.18,1314.63,5039.66,45732.62,40,2,0,14927.19,0,True,20000.0
APP-000318,32,26-35,male,emirati,salaried,69,7467.81,1629.54,3275.45,64904.56,3,5,0,9869.48,0,True,20000.0
APP-000319,45,36-45,female,southeast_asian,salaried,108,8352.83,610.31,4257.91,22803.1,17,2,0,12959.46,0,True,20000.0
APP-000320,22,18-25,male,arab_expat,salaried,16,11530.32,3918.15,7427.52,50446.19,27,1,3,5987.65,1,True,20000.0
APP-000321,49,46-60,male,western,salaried,132,19194.3,3425.1,14549.58,46228.47,6,0,0,6575.68,0,True,20000.0
APP-000322,41,36-45,male,south_asian,unemployed,0,3000.0,587.7,1941.37,18007.96,14,1,1,4110.84,0,True,9000.0
APP-000323,25,18-25,male,arab_expat,self_employed,19,15063.16,941.6,9546.93,30730.54,37,4,0,18072.91,0,True,20000.0
APP-000324,29,26-35,female,emirati,salaried,33,9197.81,2698.0,3073.62,93317.33,36,4,0,4235.18,0,True,20000.0
APP-000325,36,36-45,male,arab_expat,salaried,62,7433.74,1142.73,5877.49,25965.97,24,3,2,2910.5,0,True,20000.0
APP-000326,25,18-25,male,south_asian,salaried,9,3000.0,320.57,2161.64,5377.95,19,3,1,8105.41,0,True,9000.0
APP-000327,48,46-60,female,south_asian,salaried,116,6739.6,1673.65,5316.1,53963.44,42,1,1,7103.32,0,True,20000.0
APP-000328,56,46-60,female,south_asian,salaried,150,27009.84,3863.16,12912.02,115896.0,45,3,0,3373.79,0,True,20000.0
APP-000329,47,46-60,male,south_asian,salaried,115,18514.18,3812.16,6262.58,124079.3,36,3,0,13410.82,0,True,20000.0
APP-000330,49,46-60,male,south_asian,self_employed,127,5944.49,1315.73,4099.86,48078.1,7,3,3,7244.12,1,True,17833.47
APP-000331,25,18-25,male,south_asian,salaried,1,6994.01,271.07,4463.88,8943.72,13,0,1,2999.86,0,True,20000.0
APP-000332,41,36-45,male,arab_expat,salaried,99,4303.17,479.52,2685.36,13319.12,43,0,0,1920.53,0,True,12909.51
APP-000333,28,26-35,male,south_asian,salaried,38,11387.19,2925.11,8018.44,38031.4,32,2,0,16323.41,0,True,20000.0
APP-000334,60,46-60,male,southeast_asian,salaried,169,22408.13,3536.84,7752.74,124941.02,4,2,0,11545.35,0,True,20000.0
APP-000335,51,46-60,male,south_asian,self_employed,133,14635.96,2929.67,7707.51,96395.71,8,0,0,10566.37,0,True,20000.0
APP-000336,29,26-35,male,south_asian,freelancer,32,16980.66,3707.76,10415.58,95171.11,17,1,0,15055.45,0,True,20000.0
APP-000337,37,36-45,female,south_asian,self_employed,86,10536.89,973.77,4417.5,14118.56,1,2,0,11416.59,0,True,20000.0
APP-000338,45,36-45,male,western,salaried,109,18366.83,6172.68,12693.63,71972.33,43,2,0,17409.85,0,True,20000.0
APP-000339,44,36-45,female,southeast_asian,self_employed,87,12859.05,3685.87,7589.54,122567.99,25,3,0,5142.5,0,True,20000.0
APP-000340,25,18-25,female,south_asian,self_employed,12,4683.9,494.7,1536.14,12864.23,33,0,0,6242.96,0,True,14051.699999999999
APP-000341,61,46-60,male,south_asian,self_employed,195,6921.87,2621.04,4841.64,30509.35,44,5,3,8001.46,1,True,20000.0
APP-000342,58,46-60,female,south_asian,self_employed,190,15385.91,1245.96,11464.4,46694.5,30,5,0,1160.69,0,True,20000.0
APP-000343,23,18-25,female,western,salaried,0,18385.36,1619.55,9682.3,17524.38,2,5,0,9146.4,0,True,20000.0
APP-000344,59,46-60,male,south_asian,salaried,175,4068.24,921.07,1870.17,22428.94,35,2,3,10177.1,1,True,12204.72
APP-000345,36,36-45,male,south_asian,salaried,87,10796.55,1360.52,4309.26,42227.59,8,3,0,12207.66,0,True,20000.0
APP-000346,27,26-35,male,south_asian,freelancer,38,3000.0,742.06,1185.82,26608.86,37,2,0,3747.62,1,True,9000.0
APP-000347,45,36-45,female,southeast_asian,unemployed,0,3254.9929733657063,592.27,1981.77,22044.2,17,5,0,1294.37,0,True,9764.978920097119
APP-000348,48,46-60,male,south_asian,salaried,117,19001.72,4021.81,7931.71,149799.54,47,5,0,12165.53,0,True,20000.0
APP-000349,65,46-60,female,emirati,salaried,182,12906.82,1113.04,6892.79,14123.85,34,3,0,2778.42,0,True,20000.0
APP-000350,20,18-25,female,south_asian,freelancer,0,3091.91,359.83,2066.74,8901.56,45,4,0,6269.34,0,True,9275.73
APP-000351,46,46-60,male,south_asian,salaried,124,12275.93,337.45,6708.73,11937.34,41,0,0,4472.81,0,True,20000.0
APP-000352,36,36-45,male,south_asian,salaried,63,8011.39,2495.91,5114.91,91402.8,1,5,0,2878.82,0,True,20000.0
APP-000353,41,36-45,male,other,self_employed,94,22022.17,2705.45,17148.69,73249.39,10,0,0,6017.6,0,True,20000.0
APP-000354,21,18-25,female,south_asian,salaried,7,3000.0,594.17,1503.59,17477.53,45,1,2,7309.35,1,True,9000.0
APP-000355,65,46-60,female,south_asian,salaried,218,16992.78,2928.61,8692.41,95750.08,38,4,0,12798.38,0,True,20000.0
APP-000356,23,18-25,male,south_asian,salaried,7,3207.84,813.06,2417.44,19780.4,7,1,0,3240.78,0,True,9623.52
APP-000357,33,26-35,male,south_asian,salaried,56,3211.77,173.53,1372.81,2160.98,24,0,0,4728.54,0,True,9635.31
APP-000358,29,26-35,female,emirati,salaried,30,20965.26,3864.56,14780.57,63116.19,3,4,0,13631.47,0,True,20000.0
APP-000359,45,36-45,male,emirati,salaried,116,36481.97,5110.65,18149.73,97509.67,6,0,0,16411.38,0,True,20000.0
APP-000360,62,46-60,female,arab_expat,salaried,181,8827.39,1074.67,3381.36,15660.81,33,3,0,17266.03,0,True,20000.0
APP-000361,55,46-60,male,south_asian,self_employed,149,7473.06,991.13,2380.23,21795.36,24,5,0,13734.02,0,True,20000.0
APP-000362,49,46-60,male,emirati,salaried,116,5339.73,1166.31,2032.66,37072.65,22,3,0,3909.6,0,True,16019.189999999999
APP-000363,61,46-60,male,southeast_asian,self_employed,183,5041.83,841.8,3641.54,24122.01,13,5,2,2388.1,0,True,15125.49
APP-000364,30,26-35,male,south_asian,self_employed,51,3500.66,564.79,1931.45,19318.34,16,0,0,1707.12,0,True,10501.98
APP-000365,32,26-35,male,other,self_employed,50,14272.58,4195.37,4641.6,161052.0,38,0,0,15742.22,0,True,20000.0
APP-000366,57,46-60,female,western,self_employed,173,44510.83,5135.54,15563.08,151050.56,16,1,0,4436.86,0,True,20000.0
APP-000367,44,36-45,female,emirati,self_employed,95,5110.17,1113.76,3457.56,28834.7,37,1,0,6631.07,0,True,15330.51
APP-000368,44,36-45,female,other,salaried,93,6265.75,2328.24,3138.05,77230.47,20,3,0,12579.41,0,True,18797.25
APP-000369,59,46-60,male,southeast_asian,freelancer,198,5090.59,985.02,2403.16,34288.65,43,4,0,10844.6,0,True,15271.77
APP-000370,46,46-60,male,western,salaried,105,6777.23,1429.7,4469.18,52035.75,24,4,0,2309.98,0,True,20000.0
APP-000371,53,46-60,male,south_asian,salaried,173,8907.67,1031.16,3829.21,26010.99,5,5,0,9250.37,0,True,20000.0
APP-000372,54,46-60,female,south_asian,unemployed,0,3696.791679739515,769.07,2559.64,24183.89,32,5,0,8310.53,0,True,11090.375039218545
APP-000373,24,18-25,male,southeast_asian,self_employed,6,28847.3,4400.42,16139.27,96120.46,12,3,0,19931.98,0,True,20000.0
APP-000374,62,46-60,female,south_asian,freelancer,194,3000.0,307.28,2019.74,11775.61,17,0,0,3973.27,0,True,9000.0
APP-000375,25,18-25,male,south_asian,salaried,21,5398.25,105.21,4148.07,2015.29,13,1,0,8171.49,0,True,16194.75
APP-000376,25,18-25,male,emirati,salaried,4,7524.87,1603.62,5123.23,48135.26,7,5,0,16096.33,0,True,20000.0
APP-000377,60,46-60,male,south_asian,freelancer,180,11547.79,1960.15,7102.52,64974.77,14,5,3,2160.46,1,True,20000.0
APP-000378,57,46-60,male,arab_expat,freelancer,148,10563.21,3030.11,7599.79,82984.36,4,4,0,8335.06,0,True,20000.0
APP-000379,20,18-25,male,western,salaried,1,12732.82,695.7,4982.79,22992.29,7,3,0,1648.82,0,True,20000.0
APP-000380,38,36-45,male,southeast_asian,salaried,82,13976.66,515.94,7747.41,12966.93,45,2,2,11285.86,0,True,20000.0
APP-000381,22,18-25,male,south_asian,salaried,7,3606.36,1059.16,2228.37,17056.4,46,2,0,2235.55,0,True,10819.08
APP-000382,33,26-35,male,south_asian,freelancer,52,5237.6,2340.33,2834.03,65379.54,40,3,0,13315.85,0,True,15712.800000000001
APP-000383,31,26-35,male,south_asian,salaried,42,4617.01,295.25,2382.29,8359.52,45,2,0,13122.18,0,True,13851.03
APP-000384,58,46-60,male,arab_expat,salaried,173,7790.03,1092.64,3946.29,40272.57,33,3,0,15852.45,0,True,20000.0
APP-000385,59,46-60,female,south_asian,self_employed,182,6124.52,582.24,2219.42,12293.66,9,0,0,853.57,0,True,18373.56
APP-000386,35,26-35,female,southeast_asian,salaried,69,12180.54,318.02,3697.62,12570.66,30,0,0,11597.49,0,True,20000.0
APP-000387,49,46-60,male,south_asian,salaried,121,3745.3,1432.2,1166.88,55990.89,32,4,3,9980.89,1,True,11235.900000000001
APP-000388,18,18-25,female,southeast_asian,freelancer,26,3915.76,473.77,1614.37,8687.99,20,3,0,4907.35,0,True,11747.28
APP-000389,39,36-45,male,southeast_asian,salaried,78,7444.87,967.85,2593.52,23614.56,38,4,0,18733.69,0,True,20000.0
APP-000390,34,26-35,male,south_asian,freelancer,68,6656.77,363.29,3483.01,4993.35,46,0,0,17830.21,0,True,19970.31
APP-000391,62,46-60,male,south_asian,freelancer,182,9684.21,2620.0,3369.28,85304.32,11,4,0,12668.16,0,True,20000.0
APP-000392,47,46-60,male,arab_expat,self_employed,111,9818.29,784.88,6820.85,12407.73,27,5,0,7430.13,0,True,20000.0
APP-000393,48,46-60,female,south_asian,salaried,126,5976.56,513.82,2715.37,10423.87,17,0,0,11963.1,0,True,17929.68
APP-000394,27,26-35,male,south_asian,self_employed,31,4379.86,452.78,2627.4,9025.88,27,2,0,5792.13,0,True,13139.579999999998
APP-000395,28,26-35,male,western,freelancer,1,19361.87,3197.95,13695.16,109427.9,18,3,0,19802.62,0,True,20000.0
APP-000396,41,36-45,male,south_asian,salaried,99,30501.2,5733.46,12489.4,102399.4,8,4,0,4321.76,0,True,20000.0
APP-000397,29,26-35,female,western,salaried,28,16953.54,1438.27,13368.73,57431.34,42,5,1,17713.1,0,True,20000.0
APP-000398,26,26-35,female,south_asian,salaried,7,3255.05,1350.26,2397.1,47995.1,46,3,1,7770.04,1,True,9765.150000000001
APP-000399,60,46-60,male,south_asian,salaried,197,6439.57,534.27,5009.19,12936.14,27,5,0,11489.8,0,True,19318.71
APP-000400,20,18-25,male,western,salaried,0,10738.3,1149.13,7257.07,21662.76,24,1,0,9572.44,0,True,20000.0
APP-000401,57,46-60,male,south_asian,salaried,158,7765.84,522.9,4452.36,6455.08,13,1,1,7524.62,0,True,20000.0
APP-000402,52,46-60,male,south_asian,salaried,136,10933.73,2090.61,3326.77,39688.61,39,3,0,16526.3,0,True,20000.0
APP-000403,59,46-60,male,southeast_asian,unemployed,0,3000.0,915.47,1728.92,22028.18,39,2,0,3161.14,0,True,9000.0
APP-000404,30,26-35,male,western,salaried,16,21151.3,4677.44,8730.1,106512.7,36,5,0,6858.55,0,True,20000.0
APP-000405,19,18-25,male,emirati,salaried,38,11492.59,1829.81,5337.4,71103.02,30,2,1,13660.27,0,True,20000.0
APP-000406,29,26-35,male,southeast_asian,salaried,35,15763.12,1551.09,11504.77,34629.38,7,0,0,8659.06,0,True,20000.0
APP-000407,65,46-60,male,other,self_employed,211,8283.26,1358.35,3625.75,13886.82,6,0,0,12294.55,0,True,20000.0
APP-000408,33,26-35,male,western,self_employed,37,17127.94,4779.95,12075.07,72912.35,11,4,0,9427.65,0,True,20000.0
APP-000409,60,46-60,male,south_asian,salaried,190,14248.5,1675.68,9421.18,27678.29,23,4,0,7690.28,0,True,20000.0
APP-000410,24,18-25,male,arab_expat,salaried,13,12589.92,2232.9,4014.77,39116.33,34,1,0,15099.18,0,True,20000.0
APP-000411,49,46-60,male,emirati,salaried,126,10103.65,714.58,3658.29,23040.48,8,5,0,13708.97,0,True,20000.0
APP-000412,27,26-35,male,south_asian,salaried,35,6088.91,1115.51,2139.62,34257.76,21,4,2,14129.11,0,True,18266.73
APP-000413,33,26-35,male,south_asian,salaried,20,5267.54,741.99,3767.48,11156.92,8,3,0,12981.19,0,True,15802.619999999999
APP-000414,38,36-45,male,south_asian,salaried,49,3945.83,580.29,1951.58,13789.59,3,2,0,4683.31,0,True,11837.49
APP-000415,22,18-25,female,south_asian,self_employed,0,18487.8,2375.65,9138.2,89648.96,37,1,0,12889.39,0,True,20000.0
APP-000416,62,46-60,male,arab_expat,salaried,183,12137.85,2415.75,5053.02,68825.83,43,2,0,8855.71,0,True,20000.0
APP-000417,33,26-35,male,emirati,salaried,50,23964.7,2568.62,13430.69,101016.18,31,2,0,4965.7,0,True,20000.0
APP-000418,64,46-60,male,south_asian,salaried,216,3680.09,987.79,1917.99,10056.97,41,0,0,1049.22,0,True,11040.27
APP-000419,27,26-35,female,south_asian,salaried,3,3495.03,769.49,1789.48,21680.79,14,4,0,6846.56,0,True,10485.09
APP-000420,35,26-35,female,south_asian,freelancer,54,6152.66,1756.87,3328.59,57727.02,20,0,0,17048.86,0,True,18457.98
APP-000421,56,46-60,male,south_asian,salaried,155,5062.56,667.6,3837.75,6759.73,41,5,0,7718.31,0,True,15187.68
APP-000422,44,36-45,female,other,salaried,88,9449.8,387.41,3752.65,8944.89,12,5,0,14328.01,0,True,20000.0
APP-000423,58,46-60,female,southeast_asian,salaried,190,25228.03,5055.91,13313.72,153861.43,12,4,0,13420.79,0,True,20000.0
APP-000424,28,26-35,male,arab_expat,salaried,39,19846.49,3768.87,8463.25,71859.49,46,5,0,11928.56,0,True,20000.0
APP-000425,64,46-60,male,western,salaried,216,24397.6,2296.22,17278.25,23070.94,3,5,0,8628.43,0,True,20000.0
APP-000426,36,36-45,female,south_asian,salaried,64,4930.87,648.35,2118.68,24033.17,19,5,0,2060.69,0,True,14792.61
APP-000427,58,46-60,male,south_asian,salaried,170,9977.33,3599.65,3029.25,98894.49,47,0,1,7825.48,0,True,20000.0
APP-000428,51,46-60,female,arab_expat,freelancer,128,9385.86,2525.81,5936.92,53933.8,2,2,0,16222.27,0,True,20000.0
APP-000429,18,18-25,male,southeast_asian,salaried,5,18047.66,1339.91,10994.2,39884.14,22,3,0,561.02,0,True,20000.0
APP-000430,58,46-60,female,arab_expat,salaried,170,16843.64,2899.4,5738.37,66215.01,44,3,0,17213.45,0,True,20000.0
APP-000431,24,18-25,female,south_asian,salaried,18,10868.54,1330.71,6918.16,35213.78,41,1,0,19123.5,0,True,20000.0
APP-000432,48,46-60,female,south_asian,salaried,125,3989.37,537.19,2725.36,8923.41,12,3,0,8190.53,0,True,11968.11
APP-000433,60,46-60,male,south_asian,salaried,197,16743.25,2935.49,8218.01,85901.44,26,3,0,4859.24,0,True,20000.0
APP-000434,25,18-25,male,emirati,salaried,7,23507.91,1893.06,10705.49,52441.16,9,3,0,6733.04,0,True,20000.0
APP-000435,41,36-45,female,western,salaried,82,20653.9,3175.1,13911.02,112632.94,39,0,0,6523.38,0,True,20000.0
APP-000436,62,46-60,male,other,salaried,169,10353.27,1700.53,4196.25,54382.51,38,5,0,18501.58,0,True,20000.0
APP-000437,29,26-35,female,arab_expat,salaried,44,6687.76,1217.97,4436.51,22497.03,44,5,0,8178.56,0,True,20000.0
APP-000438,26,26-35,male,arab_expat,self_employed,45,4519.1,891.75,1829.71,30436.1,9,5,3,11678.89,1,True,13557.300000000001
APP-000439,24,18-25,female,other,salaried,21,10089.84,336.23,7842.61,9947.0,18,5,0,13579.35,0,True,20000.0
APP-000440,23,18-25,female,arab_expat,salaried,2,6938.29,304.25,2161.37,8272.39,27,2,0,2343.79,0,True,20000.0
APP-000441,55,46-60,male,south_asian,salaried,144,10288.83,1592.26,7151.09,21850.07,36,5,0,4022.95,0,True,20000.0
APP-000442,56,46-60,female,emirati,salaried,161,13158.84,1306.41,10305.19,19789.62,46,5,2,1400.24,0,True,20000.0
APP-000443,51,46-60,female,south_asian,salaried,148,8726.78,531.37,5200.21,9735.69,34,3,2,5583.15,0,True,20000.0
APP-000444,59,46-60,female,south_asian,salaried,177,12973.13,989.1,8155.68,34237.94,29,3,0,6669.03,0,True,20000.0
APP-000445,45,36-45,male,other,salaried,108,11150.39,733.15,4160.93,24885.25,13,0,0,19391.08,0,True,20000.0
APP-000446,42,36-45,female,arab_expat,salaried,71,13006.98,704.1,5664.89,9133.57,2,2,0,8096.48,0,True,20000.0
APP-000447,40,36-45,female,southeast_asian,self_employed,62,6337.37,527.14,2353.29,14246.92,12,5,0,7352.27,0,True,19012.11
APP-000448,33,26-35,female,south_asian,salaried,42,6195.83,1886.36,2128.09,36161.23,36,0,0,1887.19,0,True,18587.489999999998
APP-000449,33,26-35,female,south_asian,salaried,52,6113.7,1083.75,4884.71,39711.22,33,3,1,16751.22,0,True,18341.1
APP-000450,65,46-60,male,south_asian,salaried,184,10270.96,802.87,7722.73,12239.29,17,1,0,19073.43,0,True,20000.0
APP-000451,45,36-45,male,south_asian,freelancer,100,10890.33,2010.09,8326.25,77939.33,24,0,0,17903.63,1,True,20000.0
APP-000452,49,46-60,male,emirati,salaried,127,6033.47,893.29,3049.07,33403.04,0,5,0,8784.49,0,True,18100.41
APP-000453,41,36-45,male,south_asian,salaried,93,4373.23,379.53,3215.45,6055.0,9,0,2,9888.09,0,True,13119.689999999999
APP-000454,20,18-25,male,south_asian,salaried,0,5411.72,1726.66,4009.45,43262.77,44,3,1,12973.47,0,True,16235.16
APP-000455,26,26-35,male,south_asian,self_employed,20,9985.56,834.96,3757.05,21155.54,11,0,0,19888.01,0,True,20000.0
APP-000456,33,26-35,female,south_asian,salaried,53,11930.05,903.88,4297.57,19920.15,13,1,0,8812.91,0,True,20000.0
APP-000457,57,46-60,male,arab_expat,salaried,149,9713.77,2354.1,7494.17,73795.31,11,0,1,1516.55,0,True,20000.0
APP-000458,65,46-60,male,south_asian,salaried,196,5104.9,536.95,3498.04,7468.57,17,2,0,9224.54,0,True,15314.699999999999
APP-000459,56,46-60,male,southeast_asian,salaried,144,4093.6,344.21,2712.73,13661.47,9,5,1,2758.46,0,True,12280.8
APP-000460,53,46-60,female,western,self_employed,157,12332.29,2752.45,6929.28,106171.15,37,1,0,14085.77,0,True,20000.0
APP-000461,26,26-35,male,other,salaried,26,15384.73,4606.89,8532.97,123809.97,18,4,0,4089.29,0,True,20000.0
APP-000462,28,26-35,male,southeast_asian,salaried,41,8217.85,1110.53,2954.74,18565.71,25,2,1,18869.9,0,True,20000.0
APP-000463,35,26-35,female,south_asian,self_employed,56,13254.99,4234.45,7616.81,134072.8,19,4,0,19712.6,0,True,20000.0
APP-000464,58,46-60,female,arab_expat,salaried,180,30082.27,6785.02,18565.36,179981.71,39,1,0,4476.41,0,True,20000.0
APP-000465,58,46-60,female,arab_expat,salaried,175,3000.0,270.53,1183.29,6686.3,35,5,0,3136.36,0,True,9000.0
APP-000466,29,26-35,female,southeast_asian,salaried,41,7112.08,1579.39,2175.54,20519.27,18,0,0,15387.19,0,True,20000.0
APP-000467,59,46-60,female,south_asian,self_employed,174,13811.27,207.44,10031.96,2603.16,6,4,0,16401.57,0,True,20000.0
APP-000468,37,36-45,male,south_asian,salaried,65,3624.69,931.05,1130.9,21241.03,7,5,3,4491.36,1,True,10874.07
APP-000469,63,46-60,female,emirati,salaried,201,21860.54,2444.8,16347.16,68784.92,8,4,0,4036.63,0,True,20000.0
APP-000470,45,36-45,male,southeast_asian,salaried,114,24534.84,5922.86,16997.08,144239.18,3,4,0,14670.8,0,True,20000.0
APP-000471,27,26-35,male,other,salaried,16,6274.64,1098.94,3934.06,19096.55,20,3,0,9526.39,0,True,18823.920000000002
APP-000472,52,46-60,female,south_asian,salaried,130,18591.78,9172.91,5737.0,245386.66,45,0,2,7536.74,1,True,20000.0
APP-000473,26,26-35,male,south_asian,self_employed,45,3000.0,152.22,2347.37,3219.53,33,5,0,4553.03,0,True,9000.0
APP-000474,56,46-60,female,emirati,salaried,167,15438.62,864.33,10024.02,16409.5,19,2,0,13074.52,0,True,20000.0
APP-000475,18,18-25,male,south_asian,self_employed,19,6504.74,1346.2,4649.32,50582.8,24,5,0,18210.8,0,True,19514.22
APP-000476,35,26-35,female,south_asian,freelancer,68,7583.51,614.58,5371.24,14782.54,15,5,0,7919.17,0,True,20000.0
APP-000477,21,18-25,female,southeast_asian,salaried,3,16194.87,452.67,9693.53,14800.34,14,4,0,18619.44,0,True,20000.0
APP-000478,33,26-35,male,other,salaried,33,4095.87,604.97,2768.49,19220.29,46,5,0,4405.45,0,True,12287.61
APP-000479,65,46-60,male,south_asian,self_employed,227,7033.16,191.49,4311.16,7388.56,11,1,0,13257.29,0,True,20000.0
APP-000480,63,46-60,male,other,salaried,194,20635.66,6264.79,10636.67,230045.58,37,3,0,19941.69,0,True,20000.0
APP-000481,56,46-60,male,south_asian,salaried,141,40201.11,3113.76,13853.89,47875.89,37,2,0,19580.43,0,True,20000.0
APP-000482,46,46-60,female,south_asian,salaried,112,15616.23,6372.23,11281.44,245721.78,17,5,0,9276.8,0,True,20000.0
APP-000483,61,46-60,male,other,salaried,191,11343.37,651.43,4668.09,23597.9,32,2,0,13028.45,0,True,20000.0
APP-000484,47,46-60,male,south_asian,salaried,131,7511.46,311.06,5037.5,4177.47,21,4,0,9664.37,0,True,20000.0
APP-000485,58,46-60,male,south_asian,unemployed,0,4425.6007454132905,1513.61,1378.45,49583.58,20,2,0,1568.03,0,True,13276.802236239871
APP-000486,22,18-25,male,emirati,self_employed,0,16504.54,1533.25,11419.96,59747.22,20,5,0,16548.81,0,True,20000.0
APP-000487,53,46-60,female,southeast_asian,salaried,140,15045.88,1887.21,5368.42,73788.56,19,4,0,19770.65,0,True,20000.0
APP-000488,26,26-35,male,southeast_asian,salaried,38,3000.0,1000.9,1186.74,30416.2,45,2,0,637.63,0,True,9000.0
APP-000489,37,36-45,male,arab_expat,salaried,64,7027.65,967.39,2726.07,22106.32,8,4,0,8999.59,0,True,20000.0
APP-000490,36,36-45,female,southeast_asian,salaried,63,3000.0,622.26,2290.84,8083.82,21,4,0,6175.54,0,True,9000.0
APP-000491,44,36-45,male,arab_expat,salaried,123,16550.17,2867.59,11457.97,62726.4,45,1,0,5718.38,0,True,20000.0
APP-000492,60,46-60,male,arab_expat,self_employed,174,21289.45,1942.9,9953.78,75335.59,47,1,0,8131.57,0,True,20000.0
APP-000493,57,46-60,male,arab_expat,self_employed,162,10872.3,654.68,7525.16,23104.26,30,2,0,3601.54,0,True,20000.0
APP-000494,38,36-45,male,emirati,salaried,65,5065.58,305.76,2126.84,11293.94,14,4,0,11174.43,0,True,15196.74
APP-000495,42,36-45,female,southeast_asian,salaried,111,11368.83,625.71,5016.29,23049.99,4,3,0,18298.02,0,True,20000.0
APP-000496,31,26-35,male,south_asian,salaried,70,5376.5,404.84,4236.46,16117.57,23,4,0,578.37,0,True,16129.5
APP-000497,51,46-60,female,western,salaried,141,16027.98,2166.81,12340.33,39062.64,23,0,0,11254.19,0,True,20000.0
APP-000498,36,36-45,male,arab_expat,salaried,92,5879.99,1432.31,2251.02,23167.55,34,3,0,7762.84,0,True,17639.97
APP-000499,65,46-60,male,south_asian,salaried,200,3000.0,582.02,1279.6,12975.7,28,5,0,5009.23,0,True,9000.0
APP-000500,43,36-45,male,south_asian,salaried,103,3565.76,253.26,2672.08,6799.83,18,4,0,2717.54,0,True,10697.28
APP-000501,53,46-60,male,southeast_asian,self_employed,151,21190.92,6320.15,14862.52,157747.97,47,3,2,3837.22,0,True,20000.0
APP-000502,38,36-45,male,south_asian,salaried,97,7010.75,1090.87,3285.9,11441.23,22,3,0,5856.13,0,True,20000.0
APP-000503,40,36-45,male,south_asian,salaried,77,9391.98,3813.64,5719.61,41487.24,2,0,2,17297.08,1,True,20000.0
APP-000504,64,46-60,male,south_asian,salaried,211,3000.0,391.15,1819.13,13445.61,12,1,0,5459.35,0,True,9000.0
APP-000505,25,18-25,male,arab_expat,self_employed,38,6895.85,428.41,5435.13,8421.4,35,1,2,14371.94,0,True,20000.0
APP-000506,40,36-45,male,western,salaried,85,8490.76,771.86,5775.79,14939.17,21,1,0,2560.38,0,True,20000.0
APP-000507,26,26-35,male,south_asian,freelancer,28,9244.64,1287.28,5770.43,18560.89,42,5,1,17934.91,0,True,20000.0
APP-000508,29,26-35,male,south_asian,salaried,30,7023.82,719.02,3657.09,15166.59,2,3,0,8740.47,0,True,20000.0
APP-000509,36,36-45,male,south_asian,salaried,55,4847.16,291.55,2743.81,5324.81,42,5,0,6002.97,0,True,14541.48
APP-000510,24,18-25,male,arab_expat,salaried,2,3497.13,495.77,2341.49,17637.97,33,1,0,1193.95,0,True,10491.39
APP-000511,29,26-35,male,south_asian,freelancer,27,10405.43,4602.98,5580.27,52268.2,0,5,0,16789.5,0,True,20000.0
APP-000512,51,46-60,male,arab_expat,self_employed,156,7557.43,828.63,4000.72,28863.24,14,2,0,15603.26,0,True,20000.0
APP-000513,56,46-60,male,south_asian,salaried,158,7486.34,179.11,3018.15,2270.8,44,3,0,19326.33,0,True,20000.0
APP-000514,58,46-60,female,western,salaried,186,7443.65,1345.49,4168.73,27311.07,29,3,0,11549.92,0,True,20000.0
APP-000515,40,36-45,male,other,salaried,81,11844.29,2947.53,7065.54,34178.96,14,3,0,16765.15,0,True,20000.0
APP-000516,21,18-25,male,south_asian,salaried,11,8994.85,450.7,3682.75,10904.84,17,5,0,8739.98,0,True,20000.0
APP-000517,24,18-25,female,western,salaried,15,7821.51,904.94,4149.91,14027.62,37,3,3,9117.08,1,True,20000.0
APP-000518,38,36-45,male,southeast_asian,salaried,68,19568.57,979.72,9521.2,28046.14,43,2,2,2955.75,0,True,20000.0
APP-000519,60,46-60,male,arab_expat,self_employed,178,13277.51,811.25,4387.32,26133.76,32,5,0,14180.67,0,True,20000.0
APP-000520,51,46-60,male,arab_expat,salaried,142,17694.35,1726.15,5308.62,48528.5,5,0,0,2520.34,0,True,20000.0
APP-000521,19,18-25,female,south_asian,salaried,8,14084.65,2922.56,7270.17,85005.33,8,5,0,3830.12,0,True,20000.0
APP-000522,65,46-60,female,south_asian,salaried,205,9736.49,735.79,6881.23,10628.48,13,0,0,714.88,0,True,20000.0
APP-000523,37,36-45,male,southeast_asian,salaried,47,6810.81,1567.15,3831.27,39792.06,8,1,0,14524.58,0,True,20000.0
APP-000524,39,36-45,male,arab_expat,salaried,85,15939.44,1357.08,6847.79,41978.64,28,4,0,12540.76,0,True,20000.0
APP-000525,43,36-45,male,emirati,salaried,102,8088.37,719.79,5644.08,9474.56,42,5,0,15238.37,0,True,20000.0
APP-000526,44,36-45,female,emirati,salaried,125,7359.94,655.04,4553.58,17485.67,9,3,0,6078.74,0,True,20000.0
APP-000527,30,26-35,female,south_asian,salaried,39,12469.93,2314.05,4926.48,37543.71,39,4,0,12560.34,0,True,20000.0
APP-000528,53,46-60,female,arab_expat,salaried,131,11429.09,2017.95,6517.66,21544.19,39,2,0,5401.95,0,True,20000.0
APP-000529,63,46-60,male,western,salaried,193,9098.44,1673.51,6786.56,45993.37,44,2,0,1129.36,0,True,20000.0
APP-000530,44,36-45,male,south_asian,self_employed,115,25796.28,1107.11,16807.45,36498.35,1,0,0,12163.88,0,True,20000.0
APP-000531,57,46-60,female,western,salaried,181,7032.15,708.98,5191.31,11934.02,44,0,0,16321.58,0,True,20000.0
APP-000532,52,46-60,male,south_asian,salaried,157,6992.97,455.8,2510.45,12976.44,43,2,0,9012.23,0,True,20000.0
APP-000533,21,18-25,male,emirati,salaried,0,16042.32,673.34,7332.35,18902.32,42,2,0,8257.46,0,True,20000.0
APP-000534,60,46-60,male,emirati,salaried,168,15350.12,2830.17,9621.79,73033.46,12,5,0,2535.37,0,True,20000.0
APP-000535,40,36-45,female,southeast_asian,salaried,84,3000.0,237.31,1071.36,5924.97,1,2,0,3053.51,0,True,9000.0
APP-000536,23,18-25,male,arab_expat,salaried,16,7522.87,1009.93,2374.62,33216.49,44,4,0,7056.26,0,True,20000.0
APP-000537,34,26-35,female,southeast_asian,self_employed,45,7197.31,2778.59,3555.87,87911.56,32,4,0,11665.75,0,True,20000.0
APP-000538,54,46-60,female,south_asian,freelancer,116,4138.31,327.86,2423.15,3658.32,13,2,0,9822.55,0,True,12414.93
APP-000539,56,46-60,male,south_asian,salaried,175,7945.54,999.12,4686.16,12375.51,43,4,0,1748.85,0,True,20000.0
APP-000540,29,26-35,male,arab_expat,salaried,24,9988.94,2184.23,4581.6,58105.39,10,5,0,19518.01,0,True,20000.0
APP-000541,19,18-25,female,arab_expat,salaried,0,6852.26,1403.83,3328.0,48685.93,19,5,0,6020.15,0,True,20000.0
APP-000542,19,18-25,male,arab_expat,salaried,0,3000.0,1074.36,2267.81,11566.62,29,2,0,7137.43,0,True,9000.0
APP-000543,50,46-60,female,southeast_asian,freelancer,122,12740.91,1686.3,10143.8,45466.14,47,5,0,8652.56,0,True,20000.0
APP-000544,64,46-60,male,western,self_employed,187,16292.73,979.68,6768.74,19049.38,46,5,0,14789.57,0,True,20000.0
APP-000545,44,36-45,male,south_asian,salaried,120,7890.4,1133.68,3975.25,31224.56,6,2,0,7160.65,0,True,20000.0
APP-000546,25,18-25,male,south_asian,unemployed,0,4317.934927301948,1727.83,3303.49,55784.06,6,0,0,798.04,0,True,12953.804781905845
APP-000547,28,26-35,female,south_asian,self_employed,51,5044.49,1424.92,3779.22,39533.47,29,5,3,13973.38,1,True,15133.47
APP-000548,46,46-60,female,southeast_asian,salaried,96,22813.52,4052.78,8580.81,41474.17,28,5,0,7897.8,0,True,20000.0
APP-000549,46,46-60,male,arab_expat,salaried,116,10457.88,1831.27,4628.96,39412.65,36,1,3,17706.49,1,True,20000.0
APP-000550,64,46-60,male,south_asian,salaried,197,6554.51,363.9,4435.66,13731.94,31,1,3,16574.18,1,True,19663.53
APP-000551,28,26-35,male,western,freelancer,7,35098.58,6231.35,12453.24,194353.73,40,3,0,10118.48,0,True,20000.0
APP-000552,23,18-25,female,other,salaried,13,11473.52,1747.4,7899.78,54526.38,15,0,0,18681.18,0,True,20000.0
APP-000553,51,46-60,male,arab_expat,salaried,141,5785.86,415.2,2553.3,6625.42,42,4,0,13133.85,0,True,17357.579999999998
APP-000554,18,18-25,male,south_asian,salaried,0,10692.81,2577.43,8310.11,93655.27,40,2,0,10059.33,0,True,20000.0
APP-000555,58,46-60,male,south_asian,salaried,177,4948.51,408.01,3209.03,12707.29,37,3,0,12894.67,0,True,14845.53
APP-000556,56,46-60,male,south_asian,salaried,138,12309.25,1606.65,9308.06,28999.26,34,2,0,1389.76,0,True,20000.0
APP-000557,46,46-60,male,southeast_asian,salaried,119,6758.71,124.1,4619.04,3299.43,31,4,0,10941.72,0,True,20000.0
APP-000558,28,26-35,female,south_asian,salaried,27,5195.53,2036.45,3520.29,52533.61,24,3,2,5048.1,1,True,15586.59
APP-000559,32,26-35,male,southeast_asian,salaried,47,6569.53,1918.17,4377.41,20341.47,35,4,0,3416.78,0,True,19708.59
APP-000560,65,46-60,male,south_asian,self_employed,219,6240.92,1270.9,3670.29,27066.89,20,1,0,10722.9,0,True,18722.760000000002
APP-000561,48,46-60,male,southeast_asian,salaried,96,27166.57,8945.37,14222.86,217409.97,5,2,0,16288.78,0,True,20000.0
APP-000562,23,18-25,male,south_asian,self_employed,0,3000.0,460.79,2051.11,8091.8,14,2,0,810.33,0,True,9000.0
APP-000563,62,46-60,male,south_asian,salaried,184,16428.21,2421.86,9154.05,86604.71,47,0,0,8801.19,0,True,20000.0
APP-000564,22,18-25,male,arab_expat,salaried,0,3554.75,299.52,2038.8,6584.1,14,3,0,7817.68,0,True,10664.25
APP-000565,61,46-60,male,south_asian,self_employed,180,4245.44,1318.13,2275.79,21509.92,15,5,0,10930.19,0,True,12736.32
APP-000566,26,26-35,male,southeast_asian,salaried,16,5758.27,810.62,1919.73,23581.18,42,2,0,16065.0,0,True,17274.81
APP-000567,35,26-35,male,western,salaried,60,14486.58,2361.89,5637.64,63557.97,6,4,0,15438.06,0,True,20000.0
APP-000568,39,36-45,male,arab_expat,salaried,100,30155.96,4823.55,9050.51,59491.85,46,1,0,9073.94,0,True,20000.0
APP-000569,60,46-60,male,south_asian,self_employed,183,22005.18,3537.49,13262.31,58074.91,7,5,0,14371.28,0,True,20000.0
APP-000570,45,36-45,male,south_asian,self_employed,104,5853.91,169.91,3888.43,2788.8,26,1,0,3554.15,0,True,17561.73
APP-000571,65,46-60,female,south_asian,salaried,211,19930.85,312.36,9948.42,12454.46,33,2,0,19437.24,0,True,20000.0
APP-000572,19,18-25,female,western,unemployed,0,3420.345248653054,1639.41,1288.09,52601.92,41,1,1,1047.09,0,True,10261.035745959161
APP-000573,58,46-60,female,south_asian,self_employed,168,15480.14,1059.9,5953.77,41959.44,34,2,0,18840.63,0,True,20000.0
APP-000574,43,36-45,male,southeast_asian,salaried,107,4940.72,1091.99,3562.57,41749.72,14,4,0,5390.34,0,True,14822.16
APP-000575,54,46-60,female,emirati,freelancer,176,7366.1,2385.28,3905.32,86623.71,45,2,0,13025.19,1,True,20000.0
APP-000576,30,26-35,female,arab_expat,salaried,31,4802.66,899.47,3792.37,15993.14,21,0,0,8548.49,0,True,14407.98
APP-000577,40,36-45,female,south_asian,self_employed,83,19786.44,1303.47,8792.0,26415.39,46,4,0,15988.75,0,True,20000.0
APP-000578,23,18-25,male,south_asian,salaried,2,6797.94,1329.17,4276.94,49230.13,15,0,0,17451.92,0,True,20000.0
APP-000579,18,18-25,male,south_asian,salaried,6,5444.1,1064.95,3248.97,32837.68,35,3,0,4498.84,0,True,16332.300000000001
APP-000580,41,36-45,male,south_asian,salaried,117,5839.83,1583.38,2629.63,44185.07,33,4,3,13296.11,1,True,17519.489999999998
APP-000581,26,26-35,female,arab_expat,salaried,37,4608.3,556.2,1778.96,10693.39,8,1,0,10149.02,0,True,13824.900000000001
APP-000582,27,26-35,female,arab_expat,salaried,13,7361.67,1500.92,4808.0,49367.79,4,1,0,18737.62,0,True,20000.0
APP-000583,43,36-45,female,western,self_employed,99,10805.06,1668.52,6529.08,55120.09,17,2,0,531.03,0,True,20000.0
APP-000584,56,46-60,female,western,salaried,168,9333.63,1295.79,4605.29,44883.9,1,3,0,8265.21,0,True,20000.0
APP-000585,51,46-60,female,south_asian,salaried,137,4031.65,812.36,3144.53,17913.43,37,2,0,9104.21,0,True,12094.95
APP-000586,25,18-25,male,arab_expat,salaried,4,5624.46,856.75,2110.26,17232.22,44,4,0,8930.59,0,True,16873.38
APP-000587,57,46-60,female,south_asian,salaried,166,8286.16,1103.02,4734.5,16944.42,17,0,0,6304.83,0,True,20000.0
APP-000588,20,18-25,male,south_asian,salaried,0,12243.9,2438.18,8784.5,77974.54,25,3,2,7769.51,0,True,20000.0
APP-000589,27,26-35,male,arab_expat,self_employed,35,11502.77,2673.91,7745.78,84623.42,35,0,0,8951.99,0,True,20000.0
APP-000590,25,18-25,female,southeast_asian,unemployed,0,4381.170397484728,701.48,2413.07,7977.42,19,1,0,3947.63,0,True,13143.511192454183
APP-000591,44,36-45,male,arab_expat,salaried,103,18365.33,835.7,11123.75,26612.8,29,3,0,12878.07,0,True,20000.0
APP-000592,39,36-45,male,south_asian,salaried,75,9588.95,1918.35,6044.39,52062.87,3,3,0,7233.33,0,True,20000.0
APP-000593,31,26-35,female,south_asian,salaried,43,6229.67,1154.64,4251.56,37573.89,13,5,0,4769.3,0,True,18689.010000000002
APP-000594,52,46-60,male,southeast_asian,self_employed,150,7107.95,2068.17,4802.42,46627.72,28,2,0,12790.38,0,True,20000.0
APP-000595,60,46-60,female,other,self_employed,176,4792.95,547.41,3652.01,8391.14,13,4,0,11088.66,0,True,14378.849999999999
APP-000596,59,46-60,male,western,salaried,159,12257.19,2280.85,7351.67,72906.09,45,2,0,3745.95,0,True,20000.0
APP-000597,58,46-60,male,emirati,salaried,171,15010.48,6013.42,11067.6,91742.72,44,1,0,6213.15,0,True,20000.0
APP-000598,19,18-25,male,south_asian,salaried,0,6484.08,1358.98,1967.54,14907.57,32,4,0,16840.03,0,True,19452.239999999998
APP-000599,22,18-25,female,other,self_employed,0,12012.59,3717.4,7383.35,86248.79,37,0,2,15279.84,1,True,20000.0
APP-000600,55,46-60,female,emirati,salaried,149,7569.24,2040.68,3388.34,47629.8,37,5,0,5868.33,0,True,20000.0
APP-000601,20,18-25,female,south_asian,salaried,2,5310.81,1189.0,3568.16,36683.59,7,2,0,4470.85,0,True,15932.43
APP-000602,32,26-35,male,south_asian,salaried,39,15852.73,3765.69,11513.92,73163.17,17,3,0,17480.25,0,True,20000.0
APP-000603,48,46-60,male,western,salaried,135,12268.46,952.26,5867.4,22644.41,43,0,0,16992.05,0,True,20000.0
APP-000604,51,46-60,female,arab_expat,salaried,155,27090.42,1844.6,9203.26,62601.18,21,4,0,5493.41,0,True,20000.0
APP-000605,65,46-60,male,western,self_employed,208,11317.81,1688.49,4145.42,32221.16,9,1,0,11834.77,0,True,20000.0
APP-000606,47,46-60,male,western,salaried,121,15181.09,2288.24,6831.19,23541.58,20,0,0,9131.52,0,True,20000.0
APP-000607,59,46-60,male,arab_expat,salaried,177,20325.82,3418.1,15767.1,64906.7,41,1,0,13717.93,0,True,20000.0
APP-000608,50,46-60,male,south_asian,freelancer,147,8126.98,497.37,4239.03,14491.62,25,1,0,2619.88,0,True,20000.0
APP-000609,32,26-35,male,south_asian,salaried,42,3826.87,1039.66,2651.66,36981.45,29,1,0,6171.11,0,True,11480.61
APP-000610,48,46-60,female,arab_expat,self_employed,121,8619.29,1229.5,5797.39,28882.47,20,3,0,610.61,0,True,20000.0
APP-000611,43,36-45,male,south_asian,salaried,109,3000.0,369.69,935.52,8438.16,18,4,0,2195.34,0,True,9000.0
APP-000612,31,26-35,male,south_asian,salaried,49,47655.91,5357.57,37813.28,147780.16,2,0,0,5882.9,0,True,20000.0
APP-000613,41,36-45,male,south_asian,salaried,94,8053.8,1786.58,5076.68,47702.1,39,5,1,17479.14,0,True,20000.0
APP-000614,62,46-60,female,south_asian,self_employed,202,13690.08,2620.94,8926.34,46287.72,35,0,0,13023.68,0,True,20000.0
APP-000615,45,36-45,male,south_asian,salaried,84,6566.17,1007.94,4563.94,24956.88,27,5,1,11353.05,0,True,19698.510000000002
APP-000616,53,46-60,female,south_asian,self_employed,151,25703.84,8065.56,19027.79,259453.72,31,0,0,11716.86,0,True,20000.0
APP-000617,47,46-60,male,southeast_asian,self_employed,117,11381.96,1486.93,7253.37,29439.1,21,5,0,16519.73,0,True,20000.0
APP-000618,40,36-45,female,southeast_asian,salaried,88,6507.72,1356.48,4784.98,51348.15,31,1,0,8571.22,0,True,19523.16
APP-000619,35,26-35,male,western,self_employed,86,11232.1,4089.97,6215.3,111857.02,24,1,0,2846.99,0,True,20000.0
APP-000620,49,46-60,female,south_asian,unemployed,0,3000.0,515.87,924.22,11040.07,20,0,0,8538.72,0,True,9000.0
APP-000621,22,18-25,male,arab_expat,salaried,5,10323.27,2112.07,4765.59,30038.02,11,4,3,3537.29,1,True,20000.0
APP-000622,62,46-60,male,emirati,salaried,196,6035.84,813.82,3828.74,17051.19,44,1,1,5889.04,0,True,18107.52
APP-000623,58,46-60,male,arab_expat,salaried,175,4212.39,453.26,1621.22,5893.95,16,1,1,1864.35,0,True,12637.170000000002
APP-000624,48,46-60,male,south_asian,self_employed,102,6606.36,675.28,4189.86,8705.68,23,4,0,4736.89,0,True,19819.079999999998
APP-000625,26,26-35,female,south_asian,salaried,18,3622.07,287.0,2373.29,6849.1,28,4,0,9659.41,0,True,10866.210000000001
APP-000626,26,26-35,male,south_asian,salaried,17,23188.75,4348.07,9714.11,95235.38,0,3,0,7206.08,0,True,20000.0
APP-000627,58,46-60,female,other,salaried,185,6812.34,1722.71,5438.58,26856.33,16,3,0,9398.16,0,True,20000.0
APP-000628,24,18-25,female,south_asian,salaried,20,3940.51,598.32,2902.79,11494.27,20,0,0,11500.9,0,True,11821.53
APP-000629,29,26-35,male,western,unemployed,0,3000.0,80.0,1127.66,2863.82,25,4,0,2458.6,0,True,9000.0
APP-000630,51,46-60,male,south_asian,salaried,123,13678.9,2097.37,6305.43,66374.27,14,0,0,11337.27,0,True,20000.0
APP-000631,37,36-45,male,arab_expat,salaried,90,3970.78,101.31,1967.99,1497.7,20,4,0,10021.65,0,True,11912.34
APP-000632,22,18-25,male,western,salaried,0,15920.89,1930.13,9845.13,49447.24,25,5,0,5027.53,0,True,20000.0
APP-000633,46,46-60,male,south_asian,salaried,110,6733.92,653.04,4695.08,21389.53,10,0,3,12264.66,1,True,20000.0
APP-000634,56,46-60,female,south_asian,self_employed,144,7828.64,292.8,5890.0,8552.09,15,5,0,19670.19,0,True,20000.0
APP-000635,23,18-25,male,southeast_asian,salaried,0,7384.59,1163.66,5429.13,34940.88,2,0,0,15975.2,0,True,20000.0
APP-000636,24,18-25,male,emirati,self_employed,0,16628.38,2772.08,12074.14,75401.54,25,3,0,12748.31,0,True,20000.0
APP-000637,45,36-45,female,emirati,salaried,139,25512.05,4160.19,11010.67,140652.82,10,4,0,14943.74,0,True,20000.0
APP-000638,40,36-45,female,south_asian,salaried,95,7933.44,1664.91,4846.54,48589.15,36,1,0,14294.22,0,True,20000.0
APP-000639,40,36-45,male,south_asian,salaried,90,4367.6,893.76,2660.9,10973.64,4,5,0,11551.81,0,True,13102.800000000001
APP-000640,43,36-45,female,south_asian,salaried,96,3025.16,569.56,2375.88,11228.93,10,0,1,6224.32,0,True,9075.48
APP-000641,35,26-35,male,south_asian,salaried,67,4680.32,360.11,2705.98,14386.82,9,1,0,8365.88,0,True,14040.96
APP-000642,58,46-60,male,western,salaried,171,7798.15,1142.52,5042.28,22450.38,39,5,0,10996.37,0,True,20000.0
APP-000643,26,26-35,male,western,unemployed,0,3000.0,533.83,2154.92,12708.98,21,4,0,8601.89,0,True,9000.0
APP-000644,28,26-35,male,south_asian,salaried,39,8132.96,1369.53,6085.61,14828.32,28,3,0,18883.59,0,True,20000.0
APP-000645,43,36-45,male,south_asian,salaried,95,11574.87,1904.66,5546.39,25885.28,46,4,2,14742.42,0,True,20000.0
APP-000646,64,46-60,male,other,self_employed,224,14982.01,677.36,10524.22,14521.73,22,2,0,6568.31,0,True,20000.0
APP-000647,29,26-35,female,western,salaried,38,14955.16,6584.69,11829.61,77530.68,17,1,3,745.28,1,True,20000.0
APP-000648,38,36-45,male,emirati,freelancer,54,9433.84,519.36,5658.98,14136.75,42,5,0,15553.68,0,True,20000.0
APP-000649,50,46-60,male,arab_expat,salaried,148,16676.4,2841.62,12509.22,70840.26,28,4,0,18787.46,0,True,20000.0
APP-000650,60,46-60,male,south_asian,salaried,193,6482.71,973.89,3106.26,36519.23,44,5,0,16398.66,0,True,19448.13
APP-000651,24,18-25,female,emirati,salaried,22,12520.58,3850.27,8536.05,72341.86,30,3,0,2106.58,0,True,20000.0
APP-000652,19,18-25,male,south_asian,salaried,0,9802.28,399.04,3790.34,7745.21,2,0,2,8005.58,0,True,20000.0
APP-000653,40,36-45,female,emirati,self_employed,100,8350.23,498.53,5479.47,6076.53,9,1,0,12453.83,0,True,20000.0
APP-000654,20,18-25,female,south_asian,salaried,1,3000.0,980.51,967.14,13972.35,11,5,2,6283.36,1,True,9000.0
APP-000655,63,46-60,female,southeast_asian,salaried,210,4947.68,923.9,3504.75,22770.9,28,5,0,1099.53,0,True,14843.04
APP-000656,46,46-60,male,southeast_asian,salaried,120,11026.2,2315.93,4878.03,43060.48,41,2,1,8200.67,0,True,20000.0
APP-000657,30,26-35,female,south_asian,salaried,65,6254.03,921.12,4397.86,15891.67,29,3,0,8572.28,0,True,18762.09
APP-000658,20,18-25,female,south_asian,freelancer,2,4749.26,1378.32,3673.13,34689.33,10,5,3,10414.64,1,True,14247.78
APP-000659,19,18-25,female,emirati,salaried,0,6640.35,1950.71,2767.9,41816.2,27,3,0,2823.58,0,True,19921.050000000003
APP-000660,32,26-35,female,emirati,salaried,70,7657.02,1208.22,3207.02,29863.42,12,5,0,18428.82,0,True,20000.0
APP-000661,27,26-35,male,western,salaried,19,26497.94,2109.85,11922.19,23792.03,19,4,0,19756.04,0,True,20000.0
APP-000662,26,26-35,female,south_asian,freelancer,8,9986.16,1687.63,6607.38,27301.55,10,1,0,18986.1,0,True,20000.0
APP-000663,64,46-60,female,southeast_asian,freelancer,182,8078.51,1334.74,3636.62,46698.06,37,4,0,4388.49,0,True,20000.0
APP-000664,39,36-45,male,south_asian,salaried,74,5351.19,955.75,3112.69,14026.27,19,1,2,7788.09,1,True,16053.57
APP-000665,65,46-60,male,western,salaried,221,37016.13,1732.95,27933.22,47662.11,39,3,0,3916.75,0,True,20000.0
APP-000666,37,36-45,male,south_asian,freelancer,79,7072.51,581.35,4561.64,21573.64,46,5,0,18229.1,0,True,20000.0
APP-000667,24,18-25,female,south_asian,salaried,4,7213.11,1770.73,5361.11,21366.87,6,2,0,18376.9,0,True,20000.0
APP-000668,25,18-25,female,arab_expat,salaried,24,3000.0,368.62,1680.65,13815.05,23,1,1,6454.38,0,True,9000.0
APP-000669,34,26-35,male,south_asian,salaried,57,6185.43,1285.31,3030.91,14240.59,32,5,0,7122.94,0,True,18556.29
APP-000670,50,46-60,female,arab_expat,salaried,118,17434.99,1579.04,5969.7,47350.16,15,4,0,948.65,0,True,20000.0
APP-000671,26,26-35,female,emirati,salaried,14,32967.11,345.31,12465.59,9939.33,41,3,0,6952.56,0,True,20000.0
APP-000672,60,46-60,male,south_asian,salaried,188,12463.73,1578.49,9895.76,44456.17,8,2,0,12040.33,0,True,20000.0
APP-000673,21,18-25,male,south_asian,salaried,9,16215.24,1021.26,11744.83,33383.55,10,3,0,12050.01,0,True,20000.0
APP-000674,56,46-60,male,southeast_asian,salaried,163,37520.76,8238.04,28191.1,97308.71,36,3,3,9195.67,1,True,20000.0
APP-000675,65,46-60,female,south_asian,self_employed,222,10941.06,900.16,4924.83,22209.31,26,5,0,11950.97,0,True,20000.0
APP-000676,20,18-25,female,south_asian,self_employed,0,13971.58,1240.69,10292.6,41746.69,18,5,0,7631.35,0,True,20000.0
APP-000677,45,36-45,female,southeast_asian,salaried,104,4084.24,841.39,1845.1,32524.66,26,1,3,9005.79,1,True,12252.72
APP-000678,45,36-45,male,arab_expat,salaried,104,13915.08,1040.26,7587.25,40263.99,30,2,0,13839.12,0,True,20000.0
APP-000679,45,36-45,male,southeast_asian,salaried,104,10122.93,3885.34,4282.56,148953.45,33,2,0,18085.88,0,True,20000.0
APP-000680,48,46-60,female,south_asian,salaried,120,4785.21,1294.21,2002.65,44766.35,23,3,0,4843.19,0,True,14355.630000000001
APP-000681,24,18-25,male,south_asian,salaried,0,8334.7,855.36,4016.42,28511.53,22,1,0,6880.68,0,True,20000.0
APP-000682,57,46-60,male,south_asian,salaried,153,10633.83,4175.36,7100.71,66172.33,38,2,2,8748.33,1,True,20000.0
APP-000683,18,18-25,male,south_asian,salaried,16,5703.03,1601.35,2158.54,37350.17,15,2,0,3784.96,0,True,17109.09
APP-000684,56,46-60,male,south_asian,salaried,169,19637.85,2076.41,12066.38,61025.38,18,2,0,15330.36,0,True,20000.0
APP-000685,59,46-60,male,south_asian,salaried,180,10903.41,604.18,5114.56,13521.1,36,3,0,1711.93,0,True,20000.0
APP-000686,44,36-45,male,south_asian,salaried,115,6105.46,584.58,4404.76,9800.83,2,1,0,17424.96,0,True,18316.38
APP-000687,26,26-35,male,south_asian,self_employed,18,11104.78,2398.75,6605.5,39015.9,27,0,0,2072.24,0,True,20000.0
APP-000688,41,36-45,male,arab_expat,salaried,92,11480.55,1415.81,7773.32,25043.34,9,2,0,13184.02,0,True,20000.0
APP-000689,46,46-60,male,southeast_asian,salaried,102,35652.8,4622.57,26501.66,159644.19,17,0,0,4981.3,0,True,20000.0
APP-000690,34,26-35,male,emirati,salaried,69,6832.77,518.33,5421.06,18515.15,11,4,1,17127.29,0,True,20000.0
APP-000691,57,46-60,male,emirati,salaried,181,5466.2,933.61,2405.07,27643.05,14,0,0,5302.17,0,True,16398.6
APP-000692,34,26-35,male,western,unemployed,0,3910.129355138403,1595.18,2590.09,37737.71,42,5,0,3532.96,0,True,11730.388065415209
APP-000693,62,46-60,male,emirati,salaried,194,9240.27,789.09,7204.77,28637.08,34,5,0,16137.85,0,True,20000.0
APP-000694,19,18-25,female,other,salaried,0,12771.8,1739.79,8573.24,32352.29,4,2,0,9713.27,0,True,20000.0
APP-000695,28,26-35,male,western,salaried,18,15479.69,4307.8,11527.95,130402.8,19,3,2,17753.06,1,True,20000.0
APP-000696,39,36-45,female,southeast_asian,salaried,64,14928.48,6672.66,9201.15,215819.29,40,4,1,16581.37,0,True,20000.0
APP-000697,43,36-45,male,south_asian,salaried,97,4148.51,1413.96,2897.55,37404.22,18,5,0,3116.92,0,True,12445.53
APP-000698,40,36-45,female,southeast_asian,unemployed,0,3000.0,576.6,2353.92,19603.28,23,0,0,3105.73,1,True,9000.0
APP-000699,43,36-45,male,south_asian,salaried,108,3196.27,240.24,1682.2,3259.72,45,5,0,6842.34,0,True,9588.81
APP-000700,37,36-45,male,south_asian,salaried,52,9128.11,2089.1,3905.84,50572.78,38,4,0,8742.68,0,True,20000.0
APP-000701,55,46-60,male,south_asian,freelancer,155,3336.81,486.26,2539.83,11495.47,35,1,0,4963.05,0,True,10010.43
APP-000702,38,36-45,male,arab_expat,self_employed,79,18159.17,2542.65,13846.19,75290.59,2,4,0,10576.36,0,True,20000.0
APP-000703,29,26-35,female,south_asian,salaried,30,4029.93,493.17,3033.35,16360.36,2,1,0,10531.72,0,True,12089.789999999999
APP-000704,55,46-60,female,south_asian,salaried,150,9454.13,2916.25,6115.93,84702.36,5,3,2,11366.99,0,True,20000.0
APP-000705,45,36-45,male,emirati,self_employed,103,8181.87,592.19,4734.72,14411.77,46,5,0,8558.49,0,True,20000.0
APP-000706,53,46-60,male,south_asian,salaried,148,6437.74,163.93,2907.75,5629.99,15,1,0,15573.63,0,True,19313.22
APP-000707,30,26-35,female,south_asian,salaried,45,16353.1,569.5,12999.63,6935.2,7,5,0,16875.53,0,True,20000.0
APP-000708,41,36-45,female,arab_expat,salaried,91,5971.62,616.24,4288.74,10316.86,43,3,0,14265.88,0,True,17914.86
APP-000709,44,36-45,male,arab_expat,salaried,97,13300.42,1233.24,6447.52,26882.19,22,2,0,10938.17,0,True,20000.0
APP-000710,38,36-45,female,arab_expat,salaried,56,18985.53,3267.31,6998.71,65712.98,33,2,0,12519.15,0,True,20000.0
APP-000711,22,18-25,male,south_asian,salaried,0,17029.23,1454.31,8612.87,26057.32,20,5,0,12454.55,0,True,20000.0
APP-000712,26,26-35,female,southeast_asian,salaried,11,8677.16,2178.02,3867.68,37921.1,28,5,0,4070.02,0,True,20000.0
APP-000713,59,46-60,female,south_asian,salaried,171,7905.12,1384.93,4548.15,30180.99,3,2,0,9367.83,0,True,20000.0
APP-000714,53,46-60,male,south_asian,salaried,150,10162.9,2051.58,7120.63,23870.27,40,2,3,5734.08,1,True,20000.0
APP-000715,24,18-25,female,southeast_asian,salaried,21,3783.29,841.74,2304.61,22826.74,12,4,0,3064.5,0,True,11349.869999999999
APP-000716,19,18-25,male,south_asian,salaried,7,3000.0,909.44,1043.53,32159.13,10,3,0,8081.02,0,True,9000.0
APP-000717,32,26-35,male,emirati,salaried,26,15517.47,1721.53,5822.04,63082.97,40,3,2,4500.01,0,True,20000.0
APP-000718,61,46-60,male,arab_expat,salaried,181,21984.64,3667.25,14278.24,78222.18,37,1,0,7388.68,0,True,20000.0
APP-000719,35,26-35,male,south_asian,salaried,51,3000.0,529.13,1471.46,13084.71,34,3,2,3459.96,0,True,9000.0
APP-000720,35,26-35,male,other,salaried,73,11758.33,2910.22,3993.45,110472.83,21,2,2,5931.01,1,True,20000.0
APP-000721,29,26-35,male,south_asian,salaried,34,15181.77,1446.85,8065.6,47494.02,34,1,0,4142.73,0,True,20000.0
APP-000722,18,18-25,male,south_asian,salaried,5,12673.78,913.04,8764.92,21796.23,21,5,0,5340.19,0,True,20000.0
APP-000723,58,46-60,male,emirati,unemployed,0,3586.6791560986203,575.89,2669.91,13820.56,31,4,0,6712.63,0,True,10760.03746829586
APP-000724,63,46-60,female,south_asian,salaried,203,12847.05,975.42,4007.48,24011.57,36,1,0,12949.85,0,True,20000.0
APP-000725,27,26-35,male,southeast_asian,self_employed,37,7155.39,2884.39,4697.12,60996.23,9,1,0,1501.25,0,True,20000.0
APP-000726,27,26-35,female,western,salaried,36,8677.91,1535.49,4673.52,58378.28,41,3,2,4272.85,0,True,20000.0
APP-000727,50,46-60,male,other,salaried,132,10770.98,1627.16,4765.77,18757.07,24,0,0,15290.6,0,True,20000.0
APP-000728,45,36-45,female,emirati,self_employed,108,16587.04,2978.38,6155.54,111539.87,4,3,0,4794.63,0,True,20000.0
APP-000729,20,18-25,male,other,salaried,0,12033.44,3744.88,5207.52,91674.43,3,3,0,3729.28,0,True,20000.0
APP-000730,61,46-60,male,emirati,salaried,200,19821.99,2600.92,12536.83,67107.05,32,5,0,13810.73,0,True,20000.0
APP-000731,56,46-60,female,south_asian,self_employed,154,16101.34,430.04,11464.71,11460.75,40,1,0,5350.39,0,True,20000.0
APP-000732,27,26-35,female,southeast_asian,salaried,13,8935.29,646.93,2934.81,14347.45,20,3,0,1096.61,0,True,20000.0
APP-000733,41,36-45,male,south_asian,self_employed,60,7554.55,2151.0,3689.82,26858.14,3,5,3,8856.58,1,True,20000.0
APP-000734,23,18-25,female,arab_expat,salaried,7,7858.59,741.61,5108.02,22234.76,4,1,0,6937.76,0,True,20000.0
APP-000735,20,18-25,female,emirati,salaried,27,15595.95,1505.91,8284.07,53568.02,7,5,0,10180.1,0,True,20000.0
APP-000736,32,26-35,female,emirati,self_employed,38,13333.56,1870.04,9379.93,31891.2,47,2,0,4605.67,0,True,20000.0
APP-000737,47,46-60,male,south_asian,salaried,114,4049.82,216.58,2387.92,6835.09,20,0,0,8284.98,0,True,12149.460000000001
APP-000738,60,46-60,male,southeast_asian,freelancer,185,7698.47,1448.74,3555.07,20263.67,15,5,0,6638.37,0,True,20000.0
APP-000739,54,46-60,female,south_asian,self_employed,158,7054.75,524.21,2829.86,8080.9,1,0,0,14371.62,0,True,20000.0
APP-000740,57,46-60,male,emirati,salaried,174,6746.61,1487.2,5024.83,59203.84,29,4,3,16105.45,1,True,20000.0
APP-000741,47,46-60,female,southeast_asian,salaried,133,8987.41,474.06,6366.39,14246.91,27,3,0,10849.48,0,True,20000.0
APP-000742,20,18-25,male,arab_expat,salaried,3,11627.0,3100.96,7958.11,92716.92,23,4,0,13395.13,0,True,20000.0
APP-000743,36,36-45,female,arab_expat,freelancer,52,3083.87,77.8,1665.08,1010.14,44,5,0,6253.81,0,True,9251.61
APP-000744,60,46-60,male,south_asian,salaried,180,12368.11,3668.33,9505.53,141625.29,3,2,0,2710.73,0,True,20000.0
APP-000745,46,46-60,male,south_asian,self_employed,101,8015.66,3100.96,5637.42,81738.62,12,0,0,12596.67,0,True,20000.0
APP-000746,23,18-25,female,south_asian,salaried,0,9751.72,921.42,5424.0,31654.72,10,1,0,9926.75,0,True,20000.0
APP-000747,55,46-60,female,emirati,unemployed,0,4738.648275601093,895.91,1893.36,10087.0,21,0,0,734.84,0,True,14215.94482680328
APP-000748,60,46-60,female,southeast_asian,salaried,198,25169.98,6960.25,20087.35,221176.63,16,4,0,15829.85,0,True,20000.0
APP-000749,58,46-60,male,south_asian,self_employed,166,4378.89,730.07,2215.78,8930.16,25,0,0,9833.8,0,True,13136.670000000002
APP-000750,44,36-45,male,other,salaried,99,24791.84,1794.75,9701.28,29378.83,38,1,2,16908.61,0,True,20000.0
APP-000751,53,46-60,female,western,salaried,142,36588.91,2732.16,13481.03,35052.11,45,0,0,9801.05,0,True,20000.0
APP-000752,48,46-60,female,south_asian,salaried,140,14466.84,929.84,5091.41,31956.23,22,5,0,3802.71,0,True,20000.0
APP-000753,61,46-60,male,other,salaried,177,40862.47,7383.68,25883.97,116471.3,25,2,0,19487.57,0,True,20000.0
APP-000754,44,36-45,female,south_asian,salaried,109,5132.52,958.56,2188.86,13271.96,8,5,0,14908.54,0,True,15397.560000000001
APP-000755,33,26-35,male,emirati,unemployed,0,4052.2045059811794,240.81,2897.27,2507.51,5,1,0,2213.38,0,False,12156.613517943539
APP-000756,59,46-60,female,arab_expat,salaried,162,14703.28,1944.95,10806.55,69519.14,31,3,0,5841.0,0,True,20000.0
APP-000757,21,18-25,male,south_asian,salaried,4,11093.99,1316.83,4310.35,43549.68,22,4,2,7282.94,0,True,20000.0
APP-000758,59,46-60,male,south_asian,self_employed,194,5339.7,592.26,2628.69,23450.41,26,5,0,2204.38,0,True,16019.099999999999
APP-000759,64,46-60,male,south_asian,salaried,210,6073.04,531.08,2587.41,9202.99,45,4,0,10678.1,0,True,18219.12
APP-000760,51,46-60,female,southeast_asian,freelancer,169,5942.34,1703.22,4053.16,29866.02,38,4,2,12106.27,1,True,17827.02
APP-000761,56,46-60,male,south_asian,salaried,145,3000.0,385.59,1546.23,10361.98,33,0,0,1664.46,0,True,9000.0
APP-000762,44,36-45,female,south_asian,salaried,110,6044.63,2193.82,4588.49,48865.47,47,5,0,8432.37,0,True,18133.89
APP-000763,31,26-35,male,western,salaried,50,18116.35,4268.15,12035.28,161279.93,23,1,0,17805.63,0,True,20000.0
APP-000764,24,18-25,male,southeast_asian,freelancer,7,6362.97,883.67,2784.62,13398.25,7,5,1,4140.75,1,True,19088.91
APP-000765,31,26-35,male,south_asian,salaried,27,9330.05,1733.84,6008.17,60699.29,7,3,2,1185.03,0,True,20000.0
APP-000766,29,26-35,female,western,salaried,34,8149.43,1065.22,4706.28,32291.35,45,4,0,18384.19,0,True,20000.0
APP-000767,39,36-45,female,south_asian,unemployed,0,4860.8543153641795,513.9,2090.72,8440.51,35,0,0,4661.88,0,True,14582.562946092537
APP-000768,52,46-60,male,emirati,salaried,145,13414.67,2192.07,9502.31,25395.02,8,1,0,5189.42,0,True,20000.0
APP-000769,21,18-25,male,southeast_asian,self_employed,0,5663.99,978.53,2910.5,34745.01,9,1,0,1974.1,0,True,16991.97
APP-000770,27,26-35,male,emirati,salaried,5,6505.99,1648.79,4489.29,54837.32,33,5,2,3636.52,0,True,19517.97
APP-000771,65,46-60,female,southeast_asian,salaried,217,11229.41,2863.86,8918.41,55516.84,32,4,0,15174.32,0,True,20000.0
APP-000772,34,26-35,male,south_asian,salaried,50,4098.47,948.35,2120.32,10230.36,28,0,0,10948.29,0,True,12295.41
APP-000773,42,36-45,male,south_asian,salaried,81,5184.99,686.05,2389.35,20471.54,17,1,0,6150.51,0,True,15554.97
APP-000774,20,18-25,male,emirati,salaried,0,10640.43,1234.77,7747.06,31825.77,6,0,0,1416.24,0,True,20000.0
APP-000775,25,18-25,female,south_asian,salaried,34,9039.27,2009.96,4852.47,73189.92,11,1,0,15395.13,0,True,20000.0
APP-000776,51,46-60,male,south_asian,salaried,136,6123.67,1341.66,2778.6,25394.41,0,3,0,2832.35,0,True,18371.010000000002
APP-000777,64,46-60,female,south_asian,salaried,193,13455.76,1309.65,4321.45,28941.14,10,5,0,11097.65,0,True,20000.0
APP-000778,29,26-35,male,other,freelancer,38,6538.44,679.03,3613.2,25491.83,37,5,1,11129.84,0,True,19615.32
APP-000779,50,46-60,male,arab_expat,salaried,133,15315.22,4139.28,12199.54,77575.44,9,1,0,15418.41,0,True,20000.0
APP-000780,40,36-45,male,south_asian,salaried,90,21881.19,5424.4,7918.57,62108.89,46,1,0,12802.04,0,True,20000.0
APP-000781,30,26-35,male,south_asian,salaried,41,5868.22,218.03,3217.74,8470.69,47,0,0,9064.02,0,True,17604.66
APP-000782,44,36-45,female,arab_expat,salaried,131,17546.7,2116.63,9860.1,21999.42,33,2,0,14205.35,0,True,20000.0
APP-000783,34,26-35,female,arab_expat,salaried,83,10990.83,2045.94,8082.88,59697.78,27,0,0,4903.96,0,True,20000.0
APP-000784,43,36-45,male,south_asian,salaried,126,4136.72,1060.19,1939.49,13042.82,12,0,0,10710.31,1,True,12410.16
APP-000785,36,36-45,male,south_asian,freelancer,78,3000.0,1097.64,1539.77,38852.19,45,1,0,970.79,0,True,9000.0
APP-000786,31,26-35,male,south_asian,salaried,51,4471.05,334.01,3057.29,5885.53,16,0,0,7073.77,0,True,13413.150000000001
APP-000787,29,26-35,male,emirati,salaried,13,9634.0,1203.18,3084.53,20770.5,43,0,0,19710.36,0,True,20000.0
APP-000788,30,26-35,male,south_asian,self_employed,55,6812.75,565.13,2392.89,11933.79,33,0,0,1426.08,0,True,20000.0
APP-000789,41,36-45,female,southeast_asian,salaried,87,7594.59,2027.32,5857.67,45862.31,29,3,0,13307.04,0,True,20000.0
APP-000790,53,46-60,male,arab_expat,salaried,139,10819.56,2666.67,4040.74,71893.95,14,4,0,11604.89,0,True,20000.0
APP-000791,30,26-35,female,western,salaried,49,3315.87,854.58,1085.57,24497.85,1,4,0,4260.09,0,True,9947.61
APP-000792,25,18-25,male,south_asian,self_employed,9,3326.73,580.72,2079.52,21460.89,24,5,0,7676.62,0,True,9980.19
APP-000793,36,36-45,female,western,freelancer,71,3634.61,712.1,1357.97,19736.11,17,5,3,3267.82,1,True,10903.83
APP-000794,53,46-60,male,south_asian,salaried,169,3214.66,397.54,1270.25,10278.45,27,0,0,2256.02,0,True,9643.98
APP-000795,35,26-35,male,south_asian,salaried,65,3000.0,12.85,2261.01,278.57,47,0,0,6987.66,0,True,9000.0
APP-000796,50,46-60,male,emirati,salaried,117,21939.15,1976.07,7384.31,63494.9,2,3,0,17326.52,0,True,20000.0
APP-000797,51,46-60,male,southeast_asian,salaried,133,14271.91,3005.22,9378.9,70534.78,6,3,0,8527.1,0,True,20000.0
APP-000798,26,26-35,male,south_asian,salaried,39,24534.74,10344.31,9794.75,244291.15,4,1,0,6626.9,0,True,20000.0
APP-000799,63,46-60,female,south_asian,freelancer,185,19147.51,903.6,6496.7,13464.98,18,1,0,5140.47,0,True,20000.0
APP-000800,50,46-60,female,south_asian,salaried,102,7197.92,1079.84,4291.96,34316.88,8,4,0,3246.6,0,True,20000.0
APP-000801,43,36-45,male,emirati,self_employed,91,3500.31,874.19,2673.68,32477.28,35,3,0,2203.34,0,True,10500.93
APP-000802,29,26-35,male,arab_expat,salaried,51,13773.22,827.36,5313.84,21828.86,35,3,0,13892.2,0,True,20000.0
APP-000803,46,46-60,male,south_asian,self_employed,125,3000.0,501.71,2339.65,5362.06,37,4,0,5911.53,0,True,9000.0
APP-000804,43,36-45,female,other,salaried,97,14622.68,3208.21,7056.07,32298.8,25,0,0,3833.34,0,True,20000.0
APP-000805,32,26-35,male,south_asian,salaried,66,5777.29,267.96,2882.67,6351.13,28,0,0,9492.59,0,True,17331.87
APP-000806,61,46-60,male,south_asian,salaried,183,7037.68,1225.52,5542.21,34249.22,33,4,0,13143.23,0,True,20000.0
APP-000807,37,36-45,female,south_asian,salaried,55,8009.98,1319.62,6059.22,40721.38,21,2,0,5087.98,0,True,20000.0
APP-000808,52,46-60,male,south_asian,salaried,146,3000.0,634.69,1476.71,9201.43,29,3,0,6607.59,0,True,9000.0
APP-000809,27,26-35,female,south_asian,salaried,36,4374.4,551.43,1425.77,9969.75,1,2,0,5425.0,1,True,13123.199999999999
APP-000810,64,46-60,male,southeast_asian,salaried,207,6420.66,1906.89,4925.39,41561.05,28,1,3,6019.1,1,True,19261.98
APP-000811,58,46-60,male,other,salaried,171,17069.54,3584.49,10962.65,134346.38,8,2,0,18677.14,0,True,20000.0
APP-000812,29,26-35,female,south_asian,salaried,22,13011.63,878.97,5357.89,34932.8,24,4,0,7700.01,0,True,20000.0
APP-000813,19,18-25,female,south_asian,salaried,0,4078.46,1247.65,1239.04,23953.11,29,5,0,10173.81,0,True,12235.380000000001
APP-000814,22,18-25,female,emirati,salaried,0,8734.94,3080.45,3538.46,59229.09,15,3,2,4444.8,0,True,20000.0
APP-000815,31,26-35,female,south_asian,self_employed,48,13706.33,852.58,8520.62,11316.41,45,0,2,3957.83,0,True,20000.0
APP-000816,42,36-45,male,western,salaried,84,5878.61,402.22,4280.96,8225.19,7,1,0,10051.62,0,True,17635.829999999998
APP-000817,45,36-45,male,other,self_employed,99,14295.09,2563.13,7935.26,101229.84,42,2,0,7120.96,0,True,20000.0
APP-000818,55,46-60,male,south_asian,self_employed,163,5437.52,1064.79,3515.85,42124.78,1,0,0,1177.96,0,True,16312.560000000001
APP-000819,37,36-45,male,south_asian,salaried,75,5466.16,474.74,1914.17,9066.52,40,4,0,6634.04,0,True,16398.48
APP-000820,57,46-60,female,south_asian,salaried,189,5014.29,1201.54,3356.44,18060.67,17,1,0,1512.09,0,True,15042.869999999999
APP-000821,31,26-35,female,south_asian,salaried,51,4521.79,616.05,1559.68,10683.82,12,1,0,7721.83,0,True,13565.369999999999
APP-000822,40,36-45,male,south_asian,salaried,81,5241.89,749.47,2840.67,16014.14,41,0,0,9918.77,0,True,15725.670000000002
APP-000823,50,46-60,female,arab_expat,salaried,121,7828.37,246.9,4874.81,3769.29,21,1,0,15850.63,0,True,20000.0
APP-000824,64,46-60,male,south_asian,salaried,210,14410.89,3485.8,6679.12,124150.34,3,2,0,11237.85,0,True,20000.0
APP-000825,33,26-35,female,south_asian,salaried,73,14372.44,2295.66,9520.2,54845.21,35,3,0,16260.72,0,True,20000.0
APP-000826,36,36-45,male,emirati,salaried,77,20521.36,6636.0,9553.82,199090.72,28,4,0,14515.91,0,True,20000.0
APP-000827,31,26-35,male,western,salaried,29,21370.09,1176.56,14886.76,25783.08,37,0,0,3878.69,0,True,20000.0
APP-000828,20,18-25,male,south_asian,salaried,23,6738.92,1705.24,4396.99,36092.75,24,1,0,10932.3,0,True,20000.0
APP-000829,21,18-25,female,western,self_employed,1,7801.23,278.35,4135.49,5680.18,41,1,0,11625.06,0,True,20000.0
APP-000830,23,18-25,male,south_asian,salaried,8,7435.83,206.51,4963.13,3259.87,29,1,0,11742.71,0,True,20000.0
APP-000831,48,46-60,male,southeast_asian,salaried,120,7907.4,293.91,3993.68,9575.53,6,0,0,15047.41,0,True,20000.0
APP-000832,23,18-25,male,south_asian,salaried,7,7345.16,388.3,3810.8,6779.8,44,5,0,1221.95,0,True,20000.0
APP-000833,54,46-60,male,south_asian,salaried,161,13389.59,2452.52,5196.08,31154.4,1,4,0,12694.29,0,True,20000.0
APP-000834,26,26-35,female,arab_expat,salaried,16,9497.48,333.07,7572.18,6827.69,18,0,0,14851.67,0,True,20000.0
APP-000835,18,18-25,female,south_asian,salaried,0,9649.36,1258.13,4663.97,24166.61,44,1,0,5557.47,0,True,20000.0
APP-000836,22,18-25,female,arab_expat,salaried,27,7150.48,578.69,4286.95,6854.91,34,0,0,17308.3,0,True,20000.0
APP-000837,19,18-25,male,south_asian,self_employed,0,3577.88,60.31,2784.64,1624.32,36,3,0,9639.08,0,True,10733.64
APP-000838,37,36-45,male,south_asian,salaried,73,3000.0,1257.98,2075.4,17208.04,9,5,0,5207.67,0,True,9000.0
APP-000839,24,18-25,male,south_asian,freelancer,0,5555.88,1669.73,1835.67,20926.81,24,3,0,4485.37,0,True,16667.64
APP-000840,47,46-60,female,south_asian,freelancer,123,8341.32,1683.39,4317.03,34455.64,41,5,0,8805.21,0,True,20000.0
APP-000841,45,36-45,male,south_asian,salaried,100,13390.47,461.31,9629.96,16925.05,20,1,0,11910.37,0,True,20000.0
APP-000842,51,46-60,male,south_asian,self_employed,143,5583.88,289.93,1864.49,3912.43,21,3,0,2520.46,0,True,16751.64
APP-000843,34,26-35,male,arab_expat,salaried,59,10921.23,1680.27,6411.68,32683.62,32,5,1,1324.79,0,True,20000.0
APP-000844,57,46-60,male,emirati,salaried,158,10157.16,2796.72,3377.86,66834.43,21,0,0,7953.31,0,True,20000.0
APP-000845,53,46-60,female,emirati,freelancer,155,7600.98,1635.31,5177.01,37786.8,10,5,0,13559.76,0,True,20000.0
APP-000846,56,46-60,male,south_asian,salaried,146,5255.37,106.65,1854.33,2380.67,40,5,0,918.74,0,False,15766.11
APP-000847,60,46-60,male,emirati,freelancer,208,15756.89,3424.78,11699.1,114391.7,21,1,0,2128.27,0,True,20000.0
APP-000848,46,46-60,female,arab_expat,salaried,93,25790.73,9816.62,13556.79,357377.19,17,4,0,5046.19,0,True,20000.0
APP-000849,46,46-60,female,south_asian,freelancer,111,7452.12,2223.92,4335.01,42224.84,19,5,0,18715.9,0,True,20000.0
APP-000850,50,46-60,female,southeast_asian,salaried,138,4644.6,405.72,2949.96,14377.89,31,0,0,8410.38,0,True,13933.800000000001
APP-000851,32,26-35,female,south_asian,self_employed,51,5543.12,249.19,3209.99,4983.6,18,0,0,7923.37,0,True,16629.36
APP-000852,60,46-60,female,south_asian,salaried,198,6736.98,1555.69,2532.06,36276.19,7,2,1,3616.24,0,True,20000.0
APP-000853,40,36-45,male,south_asian,salaried,84,4338.12,1688.79,3437.99,36909.61,7,4,0,7705.15,0,True,13014.36
APP-000854,45,36-45,male,arab_expat,salaried,149,9627.1,1443.13,2890.17,22509.09,11,2,0,10465.35,0,True,20000.0
APP-000855,43,36-45,male,arab_expat,salaried,114,5844.16,811.62,1845.49,12821.53,13,0,0,7592.17,0,True,17532.48
APP-000856,22,18-25,male,arab_expat,self_employed,4,8554.41,1638.14,4880.47,60982.37,0,3,0,11247.48,0,True,20000.0
APP-000857,24,18-25,male,south_asian,salaried,12,4267.81,428.21,2181.25,12801.35,29,1,0,7657.76,0,True,12803.43
APP-000858,62,46-60,male,south_asian,freelancer,184,6745.94,1366.51,4460.35,41522.35,2,5,0,19896.34,0,True,20000.0
APP-000859,33,26-35,female,south_asian,salaried,50,7685.24,734.3,4283.24,13068.45,17,0,0,649.73,0,True,20000.0
APP-000860,19,18-25,male,southeast_asian,salaried,9,8961.98,1194.01,6208.49,38467.18,26,3,0,8503.98,0,True,20000.0
APP-000861,38,36-45,female,south_asian,salaried,79,5728.2,946.16,3959.67,18218.92,15,1,0,8949.45,0,True,17184.6
APP-000862,56,46-60,male,south_asian,self_employed,148,13178.0,3652.58,6154.14,103175.17,10,0,3,8797.16,1,True,20000.0
APP-000863,29,26-35,male,south_asian,salaried,34,16205.46,5053.81,5407.21,54745.23,3,2,0,2448.34,0,True,20000.0
APP-000864,41,36-45,female,arab_expat,self_employed,91,8455.23,1701.47,4899.08,27013.41,3,4,0,18864.49,0,True,20000.0
APP-000865,46,46-60,female,western,freelancer,114,46665.5,15384.35,16587.43,229822.45,9,2,0,15314.58,0,True,20000.0
APP-000866,48,46-60,male,south_asian,salaried,121,8963.42,1735.47,6937.63,26456.98,6,5,0,15147.98,0,True,20000.0
APP-000867,50,46-60,male,south_asian,self_employed,143,4069.42,347.84,2941.19,4278.82,6,1,3,12029.42,1,True,12208.26
APP-000868,36,36-45,female,southeast_asian,salaried,85,15902.69,601.59,6702.16,11312.36,30,5,0,3809.56,0,True,20000.0
APP-000869,30,26-35,female,south_asian,salaried,40,5918.57,876.32,2920.89,15255.1,2,2,0,3853.85,0,True,17755.71
APP-000870,42,36-45,male,arab_expat,salaried,93,3063.65,180.92,2125.93,5827.29,24,5,0,4328.72,0,True,9190.95
APP-000871,50,46-60,male,western,self_employed,130,29817.47,6161.23,14336.71,73803.66,28,1,0,15793.43,0,True,20000.0
APP-000872,24,18-25,male,southeast_asian,self_employed,15,4189.43,317.44,3087.89,10177.2,38,4,0,12425.55,0,True,12568.29
APP-000873,51,46-60,male,south_asian,self_employed,137,9253.22,1608.96,4519.47,17847.99,4,5,0,11038.72,0,True,20000.0
APP-000874,42,36-45,female,south_asian,salaried,100,3886.35,494.28,1384.96,14523.0,26,0,0,9615.96,0,True,11659.05
APP-000875,54,46-60,male,south_asian,self_employed,170,9079.23,1276.86,4817.93,27301.91,2,0,0,12811.89,0,True,20000.0
APP-000876,60,46-60,female,western,salaried,181,20693.62,3347.83,13704.41,123642.83,13,2,0,13002.49,0,True,20000.0
APP-000877,23,18-25,male,arab_expat,self_employed,1,14911.43,1216.04,6832.36,36831.95,4,0,0,15575.35,0,True,20000.0
APP-000878,19,18-25,male,arab_expat,freelancer,22,5771.52,1041.2,4337.12,11851.27,20,5,0,5017.61,0,True,17314.56
APP-000879,22,18-25,male,southeast_asian,freelancer,0,3000.0,493.08,1787.22,16356.83,22,4,0,3621.92,0,True,9000.0
APP-000880,53,46-60,female,south_asian,salaried,146,9143.84,1731.59,5156.92,45364.31,26,4,0,11532.18,0,True,20000.0
APP-000881,48,46-60,male,southeast_asian,salaried,125,9388.45,2718.23,7244.45,38003.66,42,2,0,19286.15,0,True,20000.0
APP-000882,51,46-60,male,arab_expat,salaried,172,11131.62,2713.77,5207.45,52730.28,45,3,0,6170.35,0,True,20000.0
APP-000883,23,18-25,female,south_asian,salaried,0,13975.62,1426.24,7237.57,21836.85,6,3,0,11958.88,0,True,20000.0
APP-000884,46,46-60,male,southeast_asian,unemployed,0,3099.324046069407,650.96,1000.11,15006.93,24,0,0,1745.23,0,True,9297.97213820822
APP-000885,41,36-45,male,emirati,salaried,94,9645.52,2759.54,3721.61,96082.83,13,3,0,10310.42,0,True,20000.0
APP-000886,53,46-60,male,western,self_employed,148,15136.63,1281.25,12061.52,15598.76,45,4,0,15999.41,0,True,20000.0
APP-000887,41,36-45,male,emirati,self_employed,107,10687.28,738.15,8448.59,21929.05,15,3,1,15005.43,0,True,20000.0
APP-000888,32,26-35,female,arab_expat,salaried,50,3383.52,985.18,2419.18,29170.56,42,4,0,5921.44,0,True,10150.56
APP-000889,38,36-45,female,south_asian,salaried,81,5302.54,601.85,2330.54,14544.62,5,5,3,12718.73,1,True,15907.619999999999
APP-000890,50,46-60,female,other,salaried,128,3000.0,270.86,1504.92,8271.54,3,2,3,3559.52,1,True,9000.0
APP-000891,34,26-35,male,western,salaried,62,12801.46,3058.68,5080.62,80867.25,47,2,0,18653.5,0,True,20000.0
APP-000892,50,46-60,male,south_asian,salaried,138,16762.24,1402.19,10934.75,30573.64,21,2,0,7602.33,0,True,20000.0
APP-000893,43,36-45,male,south_asian,salaried,103,5368.2,2062.03,1883.48,35069.21,45,0,0,8419.5,0,True,16104.599999999999
APP-000894,42,36-45,male,other,salaried,91,11559.0,2147.92,3471.46,26807.74,6,3,0,15806.2,0,True,20000.0
APP-000895,54,46-60,male,other,salaried,166,13080.06,964.08,9852.59,19677.58,38,5,0,5562.78,0,True,20000.0
APP-000896,58,46-60,female,south_asian,salaried,194,4023.52,320.46,1918.95,10349.23,32,5,1,8210.93,0,True,12070.56
APP-000897,22,18-25,male,other,salaried,0,3929.13,617.42,1426.39,6756.42,10,0,0,8386.83,0,True,11787.39
APP-000898,36,36-45,male,south_asian,salaried,92,13878.9,2192.21,6757.64,59217.0,7,2,0,1148.52,0,True,20000.0
APP-000899,44,36-45,female,south_asian,salaried,98,3000.0,566.54,1943.18,9772.29,22,2,0,1565.1,0,True,9000.0
APP-000900,31,26-35,female,southeast_asian,salaried,16,6863.23,64.21,2598.33,1274.1,10,5,0,715.56,0,False,20000.0
APP-000901,49,46-60,male,south_asian,salaried,135,3506.36,455.27,2283.44,6593.93,37,2,0,1454.31,0,True,10519.08
APP-000902,18,18-25,female,emirati,salaried,9,10749.39,120.71,5968.26,2086.99,7,0,0,8155.35,0,True,20000.0
APP-000903,32,26-35,female,southeast_asian,salaried,56,3000.0,547.12,1748.39,8525.25,8,5,0,4099.73,0,True,9000.0
APP-000904,28,26-35,male,south_asian,self_employed,9,9371.24,1615.62,6981.24,49837.18,6,3,2,16916.15,1,True,20000.0
APP-000905,32,26-35,female,south_asian,salaried,20,8577.42,794.82,6475.36,25182.82,32,4,1,15569.65,0,True,20000.0
APP-000906,50,46-60,male,south_asian,salaried,115,20919.07,4840.5,10268.33,123446.89,34,2,0,9835.63,0,True,20000.0
APP-000907,62,46-60,male,south_asian,salaried,171,8605.84,3413.98,3919.92,39611.09,4,4,3,15202.86,1,True,20000.0
APP-000908,28,26-35,male,south_asian,salaried,27,11726.83,1863.97,7831.88,59728.29,6,5,0,1488.8,0,True,20000.0
APP-000909,63,46-60,female,south_asian,salaried,193,12740.68,1736.17,5077.43,52893.21,39,2,0,12099.98,0,True,20000.0
APP-000910,46,46-60,male,south_asian,freelancer,127,10019.03,2796.18,7316.9,41309.76,35,4,0,18910.19,0,True,20000.0
APP-000911,19,18-25,male,arab_expat,salaried,1,7053.58,1797.26,3833.08,44990.12,17,4,0,19392.36,0,True,20000.0
APP-000912,44,36-45,female,western,salaried,106,8135.78,1620.96,3607.97,53316.64,12,5,2,8134.57,0,True,20000.0
APP-000913,30,26-35,female,southeast_asian,salaried,40,6426.27,764.9,2305.33,14430.24,7,1,0,12996.63,0,True,19278.81
APP-000914,65,46-60,male,southeast_asian,salaried,205,36067.08,7477.77,28607.12,287977.37,29,5,0,8447.5,0,True,20000.0
APP-000915,58,46-60,male,south_asian,self_employed,186,10879.27,1367.75,8516.8,54271.93,45,1,0,13500.85,0,True,20000.0
APP-000916,41,36-45,male,south_asian,salaried,97,9854.96,305.29,4955.41,6476.99,34,2,0,15678.06,0,True,20000.0
APP-000917,42,36-45,female,south_asian,salaried,89,15173.8,3659.21,7287.16,62930.64,17,3,0,5781.66,0,True,20000.0
APP-000918,42,36-45,female,southeast_asian,salaried,100,5341.37,332.52,4028.08,9038.09,44,4,0,5255.8,0,True,16024.11
APP-000919,23,18-25,female,south_asian,salaried,17,5232.3,1033.07,1605.13,37297.41,13,1,0,11402.32,0,True,15696.900000000001
APP-000920,25,18-25,male,south_asian,freelancer,5,7267.37,2003.06,3331.13,38595.74,34,0,0,8546.66,1,True,20000.0
APP-000921,60,46-60,female,south_asian,freelancer,181,9426.55,403.7,3497.67,5493.31,17,4,0,18364.93,0,True,20000.0
APP-000922,53,46-60,male,south_asian,salaried,158,17300.9,1565.9,5610.76,39016.91,30,1,0,18708.3,0,True,20000.0
APP-000923,61,46-60,male,south_asian,self_employed,202,5038.94,879.82,1986.1,21151.68,5,0,0,1181.75,0,True,15116.82
APP-000924,58,46-60,female,arab_expat,self_employed,176,21124.13,6374.68,8219.2,88230.08,14,2,0,17010.3,0,True,20000.0
APP-000925,30,26-35,male,emirati,salaried,56,14400.26,3997.18,8801.69,82069.83,7,3,3,1022.39,1,True,20000.0
APP-000926,59,46-60,male,arab_expat,self_employed,179,3000.0,836.61,1859.9,27713.32,21,5,0,8095.78,0,True,9000.0
APP-000927,56,46-60,male,emirati,salaried,144,15320.66,1500.17,8193.05,19125.88,2,3,1,8087.25,0,True,20000.0
APP-000928,49,46-60,female,south_asian,salaried,142,7357.5,1984.05,5709.97,78200.38,10,4,0,12826.34,0,True,20000.0
APP-000929,29,26-35,female,other,salaried,38,8496.13,1304.45,3165.44,51382.73,46,5,0,3261.87,0,True,20000.0
APP-000930,28,26-35,female,south_asian,salaried,29,8245.96,2041.62,5021.51,81239.62,10,5,2,5223.74,0,True,20000.0
APP-000931,58,46-60,female,south_asian,self_employed,188,8811.68,2965.2,4782.83,57695.85,41,2,0,13237.42,0,True,20000.0
APP-000932,38,36-45,male,western,salaried,77,17034.45,1808.23,10704.88,39027.91,15,2,0,1378.14,0,True,20000.0
APP-000933,38,36-45,male,emirati,salaried,73,6252.7,1881.33,3656.5,56657.68,27,3,0,4361.95,0,True,18758.1
APP-000934,38,36-45,male,south_asian,self_employed,96,7797.36,921.82,3125.9,15956.27,34,4,0,10873.62,0,True,20000.0
APP-000935,59,46-60,male,emirati,freelancer,172,5180.64,554.96,3534.86,13214.41,16,4,0,8543.89,0,True,15541.920000000002
APP-000936,48,46-60,male,south_asian,salaried,119,11544.21,914.45,5245.5,9991.57,24,5,0,12920.22,0,True,20000.0
APP-000937,29,26-35,male,south_asian,salaried,24,3051.4,235.17,925.93,2704.04,6,4,0,3149.66,0,True,9154.2
APP-000938,52,46-60,female,south_asian,salaried,129,7036.24,825.0,2243.28,26543.09,46,4,0,4136.19,0,True,20000.0
APP-000939,47,46-60,male,emirati,salaried,116,13654.89,1140.52,5320.26,23372.6,7,1,0,13651.21,0,True,20000.0
APP-000940,45,36-45,male,other,self_employed,90,10745.58,2270.57,5447.73,52311.06,14,2,0,17555.85,0,True,20000.0
APP-000941,36,36-45,female,south_asian,salaried,90,7844.36,1706.4,3435.0,40145.98,10,2,0,5643.99,0,True,20000.0
APP-000942,51,46-60,female,arab_expat,salaried,143,12767.68,671.11,7504.97,23171.53,30,4,0,18708.27,0,True,20000.0
APP-000943,24,18-25,male,emirati,salaried,21,3000.0,462.37,2248.86,11816.87,9,5,0,4008.79,0,True,9000.0
APP-000944,39,36-45,male,southeast_asian,self_employed,87,4222.69,576.27,3004.36,8207.84,35,2,1,2982.77,0,True,12668.07
APP-000945,47,46-60,male,south_asian,salaried,116,6479.08,3197.85,5088.84,39546.02,27,1,0,5444.35,0,True,19437.239999999998
APP-000946,41,36-45,male,south_asian,salaried,84,6847.99,938.3,5248.26,30237.52,1,1,0,9421.63,0,True,20000.0
APP-000947,29,26-35,male,south_asian,salaried,27,9454.03,2106.73,5390.08,22838.24,26,5,0,14303.0,0,True,20000.0
APP-000948,27,26-35,male,south_asian,self_employed,30,9149.03,2493.12,4126.66,87867.95,2,1,0,15931.81,0,True,20000.0
APP-000949,41,36-45,female,south_asian,self_employed,83,5651.29,1162.84,2257.61,16284.76,47,4,0,653.34,0,True,16953.87
APP-000950,19,18-25,male,south_asian,unemployed,0,3000.0,300.68,1938.39,9053.42,20,3,0,7434.17,1,True,9000.0
APP-000951,46,46-60,female,south_asian,salaried,99,4479.15,820.67,3067.28,28298.3,8,0,3,12375.28,1,True,13437.449999999999
APP-000952,26,26-35,male,south_asian,salaried,39,6127.57,635.78,2017.47,21889.73,34,2,0,10272.27,0,True,18382.71
APP-000953,64,46-60,female,emirati,freelancer,190,8212.31,455.45,6264.59,5238.31,17,4,0,17511.74,0,True,20000.0
APP-000954,46,46-60,male,southeast_asian,salaried,102,17636.0,3840.82,7775.25,67758.49,24,5,0,5324.41,0,True,20000.0
APP-000955,33,26-35,male,south_asian,self_employed,59,3000.0,676.91,2014.12,7784.4,43,0,0,920.61,0,True,9000.0
APP-000956,49,46-60,male,emirati,salaried,130,15636.19,723.95,8552.93,10989.49,6,3,0,15094.55,0,True,20000.0
APP-000957,33,26-35,male,south_asian,salaried,46,3606.46,336.54,2246.91,11947.14,9,1,0,515.56,0,True,10819.380000000001
APP-000958,52,46-60,female,south_asian,salaried,136,13807.62,3955.33,4223.36,94685.65,38,0,0,12470.07,0,True,20000.0
APP-000959,42,36-45,female,southeast_asian,salaried,97,13867.0,2194.79,8721.88,32480.15,42,5,0,5046.84,0,True,20000.0
APP-000960,29,26-35,male,south_asian,salaried,46,6955.6,353.79,4189.31,3832.72,17,5,0,3442.73,0,True,20000.0
APP-000961,36,36-45,male,south_asian,self_employed,78,3681.85,913.25,2600.06,26824.51,8,4,0,7503.09,0,True,11045.55
APP-000962,29,26-35,male,south_asian,salaried,32,9067.29,995.41,6167.04,11161.96,13,4,0,4876.77,0,True,20000.0
APP-000963,28,26-35,male,southeast_asian,salaried,45,13696.63,2005.23,7529.75,44203.09,42,0,0,2639.84,0,True,20000.0
APP-000964,38,36-45,male,south_asian,salaried,96,18779.68,641.38,14389.35,14923.2,25,1,0,10655.23,0,True,20000.0
APP-000965,65,46-60,female,southeast_asian,salaried,220,14525.38,2743.22,8791.6,86262.67,20,1,0,4269.5,0,True,20000.0
APP-000966,19,18-25,male,emirati,salaried,0,11421.06,1918.95,3940.54,68853.89,21,3,0,12084.2,0,True,20000.0
APP-000967,57,46-60,male,southeast_asian,salaried,177,4329.54,209.87,2788.63,3157.02,0,0,0,2956.62,0,True,12988.619999999999
APP-000968,28,26-35,male,south_asian,salaried,29,7929.47,655.89,5192.95,24962.86,26,1,0,16927.8,0,True,20000.0
APP-000969,57,46-60,male,arab_expat,self_employed,180,11203.33,1927.32,4354.23,51409.91,42,4,0,8014.61,0,True,20000.0
APP-000970,31,26-35,male,south_asian,freelancer,52,3000.0,373.47,1496.47,4908.38,20,2,0,1423.61,0,True,9000.0
APP-000971,22,18-25,male,southeast_asian,self_employed,2,9175.44,2299.62,6093.97,27363.23,22,5,0,14857.52,0,True,20000.0
APP-000972,62,46-60,male,other,salaried,178,8495.03,3131.03,4834.63,40745.77,31,2,1,12612.81,1,True,20000.0
APP-000973,47,46-60,male,other,salaried,136,7248.49,1787.99,3442.83,44564.5,35,0,0,16527.22,0,True,20000.0
APP-000974,27,26-35,female,south_asian,salaried,30,13040.5,2676.3,5920.7,67487.97,27,1,0,4858.56,0,True,20000.0
APP-000975,35,26-35,female,southeast_asian,salaried,52,7268.91,1140.33,3941.32,30644.17,26,4,0,13877.03,0,True,20000.0
APP-000976,49,46-60,male,south_asian,salaried,118,3458.95,1008.99,1830.36,38656.14,16,3,0,5798.29,0,True,10376.849999999999
APP-000977,52,46-60,male,south_asian,self_employed,134,3385.93,181.67,1568.81,2748.13,40,0,1,9782.87,0,True,10157.789999999999
APP-000978,20,18-25,male,south_asian,salaried,21,3188.02,191.15,1259.19,5729.1,1,3,0,7885.43,0,True,9564.06
APP-000979,53,46-60,male,southeast_asian,salaried,158,5657.19,293.16,1830.79,4803.61,32,5,0,11681.32,0,True,16971.57
APP-000980,24,18-25,male,arab_expat,salaried,8,17155.44,1431.43,8906.03,37561.97,40,2,0,11604.9,0,True,20000.0
APP-000981,50,46-60,female,western,freelancer,125,18718.48,5002.95,8382.38,192567.64,12,4,0,1343.68,0,True,20000.0
APP-000982,48,46-60,male,south_asian,salaried,134,17451.01,1951.96,6430.06,74122.1,36,1,0,4025.6,0,True,20000.0
APP-000983,56,46-60,male,south_asian,freelancer,157,12659.89,1884.57,8769.93,39898.16,10,3,0,2379.58,0,True,20000.0
APP-000984,32,26-35,male,south_asian,salaried,53,4980.88,173.79,1502.54,3036.82,6,1,0,13939.14,0,True,14942.64
APP-000985,22,18-25,female,arab_expat,salaried,1,21102.33,2744.02,12845.89,73184.53,34,2,0,3833.9,0,True,20000.0
APP-000986,55,46-60,female,south_asian,self_employed,173,8467.33,2922.9,4780.2,85062.13,17,4,2,9355.11,1,True,20000.0
APP-000987,35,26-35,male,arab_expat,salaried,58,7082.03,2531.07,3757.88,52373.44,14,4,0,5569.17,0,True,20000.0
APP-000988,56,46-60,male,south_asian,salaried,154,5143.65,220.16,3200.15,8267.74,47,3,0,8159.28,0,True,15430.949999999999
APP-000989,50,46-60,male,south_asian,freelancer,153,8101.74,142.07,2684.09,2194.44,21,2,0,16718.78,0,True,20000.0
APP-000990,31,26-35,female,arab_expat,salaried,48,3159.42,204.95,2321.16,5102.62,35,3,0,8881.34,0,True,9478.26
APP-000991,55,46-60,female,southeast_asian,salaried,155,8126.49,1392.91,6386.08,28197.58,29,4,0,1065.37,0,True,20000.0
APP-000992,20,18-25,male,south_asian,salaried,0,6760.84,522.45,3793.06,19402.78,8,2,0,14854.39,0,True,20000.0
APP-000993,50,46-60,female,south_asian,self_employed,148,14653.17,1341.58,10915.39,26640.83,34,2,0,2965.16,0,True,20000.0
APP-000994,51,46-60,female,arab_expat,salaried,147,14518.82,1974.71,10308.37,37474.45,25,5,0,17267.64,0,True,20000.0
APP-000995,23,18-25,male,western,self_employed,0,8447.11,357.89,6736.21,14122.8,5,1,0,12944.81,0,True,20000.0
APP-000996,31,26-35,male,south_asian,salaried,23,7965.8,520.57,5659.96,16729.38,29,5,0,16995.5,0,True,20000.0
APP-000997,24,18-25,male,southeast_asian,salaried,23,23240.85,4116.92,10610.39,103490.22,36,5,0,15105.54,0,True,20000.0
APP-000998,60,46-60,male,south_asian,salaried,182,12153.41,591.92,4462.74,21299.76,16,1,0,1324.12,0,True,20000.0
APP-000999,21,18-25,female,south_asian,salaried,11,3771.98,256.42,1886.86,9531.98,44,4,0,4600.48,0,True,11315.94
APP-001000,43,36-45,male,south_asian,salaried,89,5663.22,890.48,4173.27,28974.68,46,0,0,16257.95,0,True,16989.66
APP-001001,46,46-60,female,emirati,salaried,106,12892.77,2780.37,5454.28,107587.99,29,5,3,18264.76,1,True,20000.0
APP-001002,48,46-60,male,south_asian,self_employed,112,13083.12,185.81,6395.76,3278.92,3,5,0,1992.6,0,True,20000.0
APP-001003,24,18-25,male,southeast_asian,freelancer,0,3000.0,711.85,1183.36,19082.2,0,3,0,570.32,1,True,9000.0
APP-001004,27,26-35,male,south_asian,salaried,39,4665.65,375.81,2139.17,6141.65,1,3,0,1106.06,0,True,13996.949999999999
APP-001005,49,46-60,male,southeast_asian,self_employed,120,11488.36,1564.42,7779.91,32099.0,41,1,0,15454.93,0,True,20000.0
APP-001006,52,46-60,female,south_asian,self_employed,150,3523.51,500.14,1243.2,10759.22,39,2,0,8210.67,0,True,10570.53
APP-001007,20,18-25,male,western,salaried,1,12269.45,2293.54,8173.28,37690.82,13,3,0,16673.3,0,True,20000.0
APP-001008,24,18-25,male,emirati,salaried,34,5891.71,2326.54,2933.77,47602.0,37,0,0,1664.82,0,True,17675.13
APP-001009,28,26-35,female,south_asian,salaried,45,6109.99,1657.48,3344.45,45990.02,33,0,0,3344.97,0,True,18329.97
APP-001010,41,36-45,female,south_asian,salaried,106,8926.4,498.64,3351.97,10817.12,12,4,0,4074.98,0,True,20000.0
APP-001011,41,36-45,male,south_asian,salaried,97,7845.05,1639.61,4046.56,50215.14,10,3,3,8287.45,1,True,20000.0
APP-001012,62,46-60,female,emirati,freelancer,192,4653.03,513.68,2234.36,11443.82,26,0,2,6903.78,1,True,13959.09
APP-001013,38,36-45,male,emirati,salaried,66,7307.8,1057.44,2777.87,14037.21,25,3,0,14993.27,0,True,20000.0
APP-001014,48,46-60,female,southeast_asian,salaried,125,17146.11,5741.24,13411.8,139046.11,0,2,0,8437.72,0,True,20000.0
APP-001015,27,26-35,female,arab_expat,salaried,29,5538.72,651.37,2054.63,20828.89,44,5,2,5416.89,0,True,16616.16
APP-001016,46,46-60,female,south_asian,salaried,109,3387.56,793.0,2402.36,25063.56,1,5,2,8492.59,1,True,10162.68
APP-001017,40,36-45,male,south_asian,salaried,90,8351.11,979.22,6200.27,17292.02,26,4,0,2974.58,0,True,20000.0
APP-001018,47,46-60,male,emirati,salaried,109,6339.22,593.22,3691.19,16109.85,23,4,0,2918.95,0,True,19017.66
APP-001019,45,36-45,male,emirati,salaried,108,18117.91,6369.74,9503.27,245346.57,24,0,0,19326.55,0,True,20000.0
APP-001020,44,36-45,male,south_asian,salaried,110,13646.72,3865.17,10089.36,126935.56,0,0,3,7849.62,1,True,20000.0
APP-001021,36,36-45,female,other,salaried,53,15352.42,982.23,9055.2,35042.25,4,4,0,12741.62,0,True,20000.0
APP-001022,33,26-35,male,south_asian,freelancer,52,7494.06,1685.4,4278.27,53918.74,14,0,0,17398.72,0,True,20000.0
APP-001023,53,46-60,male,other,salaried,151,19715.38,5080.99,14691.1,161018.48,11,3,1,10706.13,0,True,20000.0
APP-001024,23,18-25,male,southeast_asian,salaried,0,8146.45,2380.8,3763.42,40890.73,19,0,0,7813.71,0,True,20000.0
APP-001025,54,46-60,male,south_asian,salaried,146,7761.83,427.95,5069.79,11200.41,4,4,0,3186.57,0,True,20000.0
APP-001026,32,26-35,male,southeast_asian,self_employed,54,8635.78,533.14,3572.63,19929.99,30,1,0,3615.5,0,True,20000.0
APP-001027,32,26-35,male,south_asian,salaried,62,3000.0,208.82,1165.03,6044.59,15,4,3,7863.36,1,True,9000.0
APP-001028,43,36-45,male,emirati,salaried,102,7498.75,403.99,2360.7,12807.37,35,1,0,18129.55,0,True,20000.0
APP-001029,54,46-60,female,western,salaried,149,19624.93,3554.32,13260.86,59469.64,39,5,0,15201.43,0,True,20000.0
APP-001030,37,36-45,male,emirati,self_employed,57,18913.19,2083.73,6686.48,26345.39,11,2,0,14998.67,0,True,20000.0
APP-001031,58,46-60,female,other,salaried,178,10994.14,1101.18,6971.27,17066.29,21,0,0,17022.43,0,True,20000.0
APP-001032,63,46-60,female,western,freelancer,202,26209.97,734.75,13219.91,19377.8,24,2,0,6222.31,0,True,20000.0
APP-001033,47,46-60,female,southeast_asian,salaried,112,4629.79,962.45,1933.62,34573.93,38,2,3,6113.84,1,True,13889.369999999999
APP-001034,65,46-60,female,south_asian,freelancer,212,20773.9,5836.1,14392.73,61371.01,19,5,0,6019.57,0,True,20000.0
APP-001035,23,18-25,female,emirati,salaried,0,9051.88,1224.06,3735.47,37107.44,37,4,0,10302.46,0,True,20000.0
APP-001036,29,26-35,female,south_asian,salaried,38,15215.37,5937.72,6930.62,176322.65,13,5,1,2810.05,0,True,20000.0
APP-001037,43,36-45,male,southeast_asian,freelancer,80,5929.21,1430.77,1952.06,21310.85,47,1,2,10021.31,1,True,17787.63
APP-001038,55,46-60,male,western,salaried,166,27969.7,1459.87,16637.69,35035.48,31,3,3,2546.76,1,True,20000.0
APP-001039,58,46-60,female,western,salaried,183,8717.23,1032.07,6395.55,38844.98,30,0,0,9032.22,0,True,20000.0
APP-001040,32,26-35,male,south_asian,salaried,40,8084.34,1295.78,4845.53,15143.97,10,0,0,2562.78,0,True,20000.0
APP-001041,19,18-25,male,south_asian,self_employed,0,4019.2,709.39,2172.62,23584.96,25,3,0,3119.93,0,True,12057.599999999999
APP-001042,46,46-60,female,south_asian,salaried,121,14013.15,4949.52,10286.54,78324.37,36,1,0,19298.17,0,True,20000.0
APP-001043,28,26-35,female,south_asian,salaried,31,8589.94,1258.19,4247.44,29283.77,32,0,0,13956.82,0,True,20000.0
APP-001044,33,26-35,male,other,freelancer,43,7065.46,545.07,2817.79,6209.78,45,5,0,5531.54,0,True,20000.0
APP-001045,28,26-35,male,south_asian,salaried,40,4653.87,1028.56,2385.31,35260.13,3,0,0,3577.77,0,True,13961.61
APP-001046,27,26-35,male,western,salaried,20,17121.22,1571.64,8737.05,51960.34,7,4,0,11911.55,0,True,20000.0
APP-001047,45,36-45,female,south_asian,salaried,100,5335.86,501.07,2511.5,8912.99,18,5,3,13093.68,1,True,16007.579999999998
APP-001048,47,46-60,male,arab_expat,salaried,117,8744.66,3287.68,2890.75,82195.97,5,3,0,15216.62,0,True,20000.0
APP-001049,48,46-60,male,southeast_asian,salaried,122,5739.62,1799.42,2587.75,63699.98,33,5,1,3208.42,0,True,17218.86
APP-001050,29,26-35,male,arab_expat,salaried,0,13327.07,4265.86,5668.48,43974.91,31,3,0,3304.43,0,True,20000.0
APP-001051,22,18-25,female,southeast_asian,freelancer,3,18518.24,6102.41,9548.35,153283.33,22,0,0,13600.53,0,True,20000.0
APP-001052,19,18-25,female,south_asian,freelancer,16,4846.82,430.09,3740.75,12093.93,6,1,0,10920.88,0,True,14540.46
APP-001053,38,36-45,male,south_asian,freelancer,78,13237.04,2001.78,7037.96,62696.55,16,1,0,2001.0,0,True,20000.0
APP-001054,63,46-60,female,south_asian,self_employed,195,7105.93,1473.62,4417.99,36051.17,5,0,0,16687.58,0,True,20000.0
APP-001055,59,46-60,female,south_asian,salaried,165,4416.77,1352.81,2545.14,36950.29,11,2,1,11153.47,0,True,13250.310000000001
APP-001056,55,46-60,male,southeast_asian,self_employed,168,17242.96,4325.92,5390.78,52532.18,22,0,0,16221.36,0,True,20000.0
APP-001057,23,18-25,male,south_asian,self_employed,15,7224.35,1382.0,4253.6,49177.57,41,3,2,15759.14,1,True,20000.0
APP-001058,45,36-45,female,western,salaried,113,33688.85,2398.36,20428.05,94973.19,15,5,0,14894.12,0,True,20000.0
APP-001059,32,26-35,male,southeast_asian,unemployed,0,3000.0,817.98,1744.82,18713.04,6,3,0,4346.78,0,True,9000.0
APP-001060,59,46-60,male,south_asian,self_employed,167,3212.83,505.57,1841.16,9626.35,0,5,0,3820.82,0,True,9638.49
APP-001061,44,36-45,female,emirati,salaried,124,19447.14,809.26,15018.02,29508.45,11,0,0,11073.17,0,True,20000.0
APP-001062,20,18-25,male,south_asian,salaried,8,4890.78,317.51,3554.39,3740.71,29,5,0,5285.21,0,True,14672.34
APP-001063,39,36-45,female,southeast_asian,salaried,91,3000.0,787.95,1341.81,13701.42,44,4,0,561.56,0,True,9000.0
APP-001064,52,46-60,male,south_asian,salaried,152,6087.93,521.76,3648.02,10117.82,41,4,0,17400.09,0,True,18263.79
APP-001065,25,18-25,male,other,salaried,26,9185.94,1048.57,3688.84,24582.78,29,0,0,4025.82,0,True,20000.0
APP-001066,46,46-60,male,south_asian,salaried,116,5990.81,1984.06,3897.68,72836.21,20,3,0,4493.65,0,True,17972.43
APP-001067,18,18-25,male,south_asian,salaried,0,10996.62,1977.72,8027.86,40817.71,15,2,0,15551.91,0,True,20000.0
APP-001068,24,18-25,male,emirati,salaried,17,3917.13,650.11,1908.35,20957.9,41,1,0,6145.03,0,True,11751.39
APP-001069,33,26-35,female,south_asian,self_employed,40,13483.43,3951.96,7366.26,90668.48,30,4,0,4574.91,0,True,20000.0
APP-001070,33,26-35,female,southeast_asian,unemployed,0,4617.821237836284,923.5,1517.72,23635.1,30,2,0,7582.74,0,True,13853.463713508852
APP-001071,65,46-60,male,other,salaried,186,3843.43,505.93,1739.43,8348.45,37,2,0,1384.11,0,True,11530.289999999999
APP-001072,55,46-60,male,south_asian,salaried,159,5130.62,1140.97,3804.16,21674.18,8,3,2,13616.93,1,True,15391.86
APP-001073,59,46-60,male,arab_expat,salaried,191,3923.78,84.93,2537.95,950.6,19,0,0,9866.98,0,True,11771.34
APP-001074,39,36-45,female,emirati,salaried,74,7841.58,241.54,5333.29,6581.39,11,1,0,3963.91,0,True,20000.0
APP-001075,28,26-35,male,south_asian,salaried,18,3175.69,124.71,2140.99,4355.95,2,3,0,4028.88,0,True,9527.07
APP-001076,31,26-35,female,southeast_asian,salaried,53,7726.71,1252.25,3179.28,16704.67,47,1,0,2735.99,0,True,20000.0
APP-001077,59,46-60,female,southeast_asian,salaried,188,6604.87,621.54,4936.35,15974.05,22,3,0,15025.59,0,True,19814.61
APP-001078,45,36-45,female,south_asian,salaried,105,3390.36,612.1,1884.36,14226.07,47,3,0,5960.6,0,True,10171.08
APP-001079,29,26-35,male,south_asian,self_employed,31,3000.0,230.09,2071.36,7796.35,24,3,0,4313.4,0,True,9000.0
APP-001080,18,18-25,male,western,self_employed,0,18276.43,2858.74,10195.67,91531.9,12,5,1,12114.59,0,True,20000.0
APP-001081,32,26-35,male,south_asian,self_employed,19,3739.36,380.96,2613.97,10456.03,10,4,3,5080.28,1,True,11218.08
APP-001082,37,36-45,male,southeast_asian,salaried,79,8579.58,1893.58,2927.16,61680.06,40,2,0,5499.94,0,True,20000.0
APP-001083,44,36-45,female,south_asian,self_employed,105,10261.92,1179.47,6909.07,32007.99,45,1,0,18527.8,0,True,20000.0
APP-001084,28,26-35,male,emirati,self_employed,27,6029.77,874.35,2826.34,9701.04,33,3,0,7972.04,0,True,18089.31
APP-001085,50,46-60,male,emirati,salaried,126,19535.79,5246.32,13039.12,118665.94,42,3,0,13026.28,0,True,20000.0
APP-001086,23,18-25,male,arab_expat,salaried,0,3000.0,1126.53,1207.87,25280.8,14,1,0,6395.6,0,True,9000.0
APP-001087,50,46-60,female,other,salaried,146,26787.68,7885.42,9616.08,186587.47,12,4,0,14153.1,0,True,20000.0
APP-001088,22,18-25,male,south_asian,salaried,11,53916.7,4370.1,29896.01,124422.39,32,4,0,18644.53,0,True,20000.0
APP-001089,49,46-60,male,south_asian,salaried,149,12152.04,434.09,5240.05,9618.03,14,0,0,14061.39,0,True,20000.0
APP-001090,52,46-60,female,southeast_asian,freelancer,161,20696.16,331.14,10540.0,3577.48,18,1,0,7129.58,0,True,20000.0
APP-001091,52,46-60,male,emirati,salaried,138,3613.79,818.61,2569.45,10036.44,34,0,0,5691.35,0,True,10841.369999999999
APP-001092,18,18-25,male,south_asian,salaried,0,4119.67,894.93,3053.67,24545.75,34,1,0,8256.37,0,True,12359.01
APP-001093,23,18-25,male,south_asian,salaried,17,5699.61,1800.07,1799.5,52595.63,41,0,0,7174.57,0,True,17098.829999999998
APP-001094,51,46-60,male,western,salaried,127,7558.97,1388.37,4032.43,25363.16,3,4,3,13865.75,1,True,20000.0
APP-001095,64,46-60,male,western,self_employed,208,14112.49,1535.76,7453.44,44641.59,38,3,0,18076.42,0,True,20000.0
APP-001096,34,26-35,male,south_asian,self_employed,44,8072.41,1455.34,3142.76,46677.91,14,5,0,3280.78,0,True,20000.0
APP-001097,28,26-35,female,south_asian,salaried,33,6124.45,488.49,4337.22,15204.97,11,3,0,8522.62,0,True,18373.35
APP-001098,26,26-35,female,south_asian,salaried,32,7948.12,1137.72,2699.02,29562.12,21,2,0,5928.44,0,True,20000.0
APP-001099,19,18-25,female,western,self_employed,0,12302.47,1704.15,6875.67,31174.62,34,3,0,4352.92,0,True,20000.0
APP-001100,26,26-35,male,emirati,salaried,0,18345.21,3349.36,9948.62,125068.89,42,1,0,1484.71,0,True,20000.0
APP-001101,34,26-35,male,south_asian,salaried,72,3486.94,550.01,1647.15,15569.78,28,4,0,2037.15,0,True,10460.82
APP-001102,65,46-60,male,other,salaried,210,8517.24,2670.36,4402.68,50825.59,11,4,3,18976.78,1,True,20000.0
APP-001103,34,26-35,female,arab_expat,salaried,62,3000.0,186.26,2245.21,3480.79,2,5,0,8404.54,0,True,9000.0
APP-001104,27,26-35,female,arab_expat,freelancer,33,9921.31,422.71,5539.0,11517.73,15,5,0,9666.51,0,True,20000.0
APP-001105,20,18-25,male,south_asian,salaried,5,12138.16,648.35,7102.21,15906.86,20,4,0,2494.95,0,True,20000.0
APP-001106,34,26-35,male,southeast_asian,salaried,83,16995.71,4020.61,5135.37,97362.05,17,5,0,9247.11,0,True,20000.0
APP-001107,44,36-45,male,western,salaried,98,26026.89,7664.66,11837.29,259541.34,14,2,1,6700.76,0,True,20000.0
APP-001108,22,18-25,female,south_asian,salaried,3,3000.0,272.29,993.16,6145.94,36,5,1,1746.21,0,True,9000.0
APP-001109,39,36-45,female,arab_expat,salaried,78,8266.39,1025.74,6000.51,19812.44,40,2,0,501.67,0,True,20000.0
APP-001110,35,26-35,male,emirati,salaried,38,12241.13,2447.18,6203.43,30067.25,36,0,0,12782.56,0,True,20000.0
APP-001111,62,46-60,male,arab_expat,salaried,183,34636.19,7870.97,14820.71,221572.19,3,2,0,7214.11,0,True,20000.0
APP-001112,52,46-60,female,arab_expat,self_employed,134,4391.68,1142.32,3341.69,13030.14,23,3,2,643.33,1,True,13175.04
APP-001113,33,26-35,female,arab_expat,salaried,48,9208.25,2545.21,6129.86,43666.7,17,4,0,13847.61,0,True,20000.0
APP-001114,35,26-35,male,southeast_asian,salaried,48,4775.41,809.14,1926.03,13036.63,11,5,0,3266.46,0,True,14326.23
APP-001115,30,26-35,male,south_asian,salaried,64,12841.4,2100.16,4125.69,31598.23,46,5,3,12495.11,1,True,20000.0
APP-001116,52,46-60,female,arab_expat,salaried,167,6128.56,1027.78,2875.84,11728.38,7,3,0,12271.27,0,True,18385.68
APP-001117,25,18-25,male,south_asian,salaried,0,4008.99,668.59,2628.23,12628.31,34,0,0,8325.61,0,True,12026.97
APP-001118,61,46-60,female,western,self_employed,204,6729.3,1659.58,3436.06,56060.89,38,3,2,4006.14,1,True,20000.0
APP-001119,38,36-45,female,southeast_asian,freelancer,55,4422.8,1538.38,2555.33,36079.21,10,3,0,1118.23,1,True,13268.400000000001
APP-001120,21,18-25,male,emirati,salaried,0,9768.41,268.52,5795.8,7457.06,47,0,0,5126.52,0,True,20000.0
APP-001121,19,18-25,male,south_asian,salaried,0,10792.52,1330.31,3842.75,39214.9,8,3,3,14473.85,1,True,20000.0
APP-001122,45,36-45,male,arab_expat,salaried,135,5749.69,2080.93,3325.73,58576.61,33,2,1,2582.84,0,True,17249.07
APP-001123,19,18-25,male,south_asian,salaried,0,6762.01,1289.1,4713.8,27238.48,5,4,0,6640.5,0,True,20000.0
APP-001124,44,36-45,male,south_asian,self_employed,115,3000.0,351.84,1509.16,4901.99,16,0,0,3603.91,0,True,9000.0
APP-001125,22,18-25,male,south_asian,salaried,0,7550.49,1385.25,3926.4,16422.35,6,2,0,4579.18,0,True,20000.0
APP-001126,55,46-60,male,south_asian,salaried,150,12275.72,570.48,6552.4,6636.07,34,0,0,14839.12,0,True,20000.0
APP-001127,59,46-60,female,southeast_asian,salaried,159,5076.12,1095.46,2119.41,39911.12,34,3,0,10376.14,0,True,15228.36
APP-001128,47,46-60,male,other,salaried,99,39057.37,6250.69,18745.21,154179.94,10,1,0,12272.24,0,True,20000.0
APP-001129,48,46-60,male,southeast_asian,salaried,137,7767.44,1879.95,3863.46,64137.93,46,3,0,12077.92,0,True,20000.0
APP-001130,29,26-35,male,south_asian,freelancer,20,3518.0,705.27,1093.55,9039.88,33,0,3,2399.19,1,True,10554.0
APP-001131,29,26-35,male,south_asian,salaried,28,8133.61,2135.64,5867.35,65566.94,6,3,2,6810.35,1,True,20000.0
APP-001132,54,46-60,female,southeast_asian,salaried,159,7431.0,1812.68,5623.82,44923.46,22,1,0,1970.93,0,True,20000.0
APP-001133,64,46-60,male,other,freelancer,193,7787.85,1390.35,5442.03,27878.94,15,4,0,6432.59,0,True,20000.0
APP-001134,58,46-60,male,arab_expat,salaried,154,13804.29,2024.09,9535.32,42515.44,8,3,0,7739.38,0,True,20000.0
APP-001135,18,18-25,female,south_asian,salaried,4,3924.23,589.1,1969.06,22772.24,12,3,0,3687.07,0,True,11772.69
APP-001136,46,46-60,male,southeast_asian,salaried,118,5210.27,1120.59,3407.69,39515.82,28,0,0,14327.97,0,True,15630.810000000001
APP-001137,50,46-60,male,southeast_asian,salaried,130,26894.02,8303.14,9840.36,138437.85,28,3,1,3560.5,0,True,20000.0
APP-001138,53,46-60,male,western,salaried,138,29662.35,4677.45,19277.61,72376.87,21,5,0,18424.52,0,True,20000.0
APP-001139,28,26-35,male,south_asian,salaried,2,12364.84,4677.97,6560.14,117512.81,23,4,0,10763.93,0,True,20000.0
APP-001140,26,26-35,male,south_asian,salaried,8,8887.72,496.49,5916.05,15360.03,12,5,0,6465.97,0,True,20000.0
APP-001141,65,46-60,female,southeast_asian,freelancer,218,15490.45,2981.45,7643.15,108846.24,25,0,0,17232.56,0,True,20000.0
APP-001142,46,46-60,male,south_asian,salaried,117,16488.84,3846.44,12373.79,122984.71,32,3,0,6945.61,0,True,20000.0
APP-001143,60,46-60,female,western,salaried,182,15684.58,4444.23,7352.76,149356.77,19,4,0,6177.82,0,True,20000.0
APP-001144,21,18-25,male,south_asian,salaried,0,3000.0,713.49,2172.05,11452.58,25,4,0,644.4,0,True,9000.0
APP-001145,32,26-35,female,arab_expat,self_employed,46,17983.1,441.06,13633.95,11194.47,19,1,3,6989.3,0,True,20000.0
APP-001146,21,18-25,male,arab_expat,salaried,20,6339.07,635.7,2111.59,17940.76,28,4,0,2998.52,0,True,19017.21
APP-001147,35,26-35,male,south_asian,salaried,65,5329.52,567.52,2396.03,14348.71,47,4,0,10416.08,0,True,15988.560000000001
APP-001148,32,26-35,male,southeast_asian,self_employed,33,8587.65,2841.76,6254.44,96741.82,46,2,0,12209.06,0,True,20000.0
APP-001149,26,26-35,male,south_asian,self_employed,26,5299.09,255.59,3000.85,6085.16,29,0,0,1526.9,0,True,15897.27
APP-001150,45,36-45,female,other,salaried,108,8132.38,386.44,4051.68,9826.82,45,0,0,3603.88,0,True,20000.0
APP-001151,59,46-60,female,south_asian,self_employed,194,12170.87,2633.66,5431.47,67133.61,4,3,0,548.51,0,True,20000.0
APP-001152,43,36-45,male,southeast_asian,salaried,89,10790.74,2854.14,4028.62,61205.73,17,2,0,8579.23,0,True,20000.0
APP-001153,53,46-60,male,emirati,salaried,152,14174.76,2320.23,11202.99,84728.08,10,5,0,1603.97,0,True,20000.0
APP-001154,63,46-60,female,arab_expat,salaried,207,19058.97,2841.74,15098.81,77942.53,33,0,0,9180.82,0,True,20000.0
APP-001155,49,46-60,male,south_asian,salaried,154,9523.75,514.62,4536.84,6146.65,23,0,0,6398.75,0,True,20000.0
APP-001156,50,46-60,female,arab_expat,salaried,145,7024.52,1198.67,5477.32,36628.28,19,1,0,8283.39,0,True,20000.0
APP-001157,24,18-25,male,western,self_employed,0,10074.6,532.73,4971.65,15806.04,36,4,0,16401.85,0,True,20000.0
APP-001158,19,18-25,male,south_asian,freelancer,0,3154.57,369.31,1557.76,10414.86,11,2,0,5083.87,0,True,9463.710000000001
APP-001159,45,36-45,female,southeast_asian,salaried,128,3224.88,319.75,2362.27,12756.85,9,2,0,621.74,0,True,9674.64
APP-001160,49,46-60,male,arab_expat,self_employed,139,6533.24,1575.84,3127.71,46189.8,25,4,0,17253.78,0,True,19599.72
APP-001161,32,26-35,male,southeast_asian,salaried,59,8199.65,1962.13,2879.73,28591.24,10,5,0,17091.22,0,True,20000.0
APP-001162,30,26-35,male,other,salaried,30,21144.25,4728.74,6908.22,172477.97,11,2,0,12737.48,0,True,20000.0
APP-001163,40,36-45,male,south_asian,salaried,64,3000.0,868.77,1548.01,33125.29,29,3,2,4801.27,1,True,9000.0
APP-001164,31,26-35,female,south_asian,freelancer,30,10866.57,1558.97,6329.42,19739.44,26,5,0,13029.39,0,True,20000.0
APP-001165,32,26-35,male,south_asian,salaried,59,7440.88,850.07,5754.53,31717.35,14,3,0,14325.87,0,True,20000.0
APP-001166,42,36-45,male,south_asian,salaried,82,6157.77,1094.34,4610.81,13468.78,31,3,0,1790.58,0,True,18473.31
APP-001167,36,36-45,female,emirati,self_employed,64,7554.73,211.11,4105.44,4959.49,1,1,0,14519.83,0,True,20000.0
APP-001168,26,26-35,male,south_asian,salaried,19,3831.02,1083.05,2270.15,33804.6,8,4,0,5068.89,0,True,11493.06
APP-001169,46,46-60,male,southeast_asian,salaried,104,7672.63,535.01,2814.47,16568.43,10,4,0,1272.55,0,True,20000.0
APP-001170,31,26-35,female,other,salaried,53,9160.1,2577.48,4142.33,88736.38,5,2,1,4620.13,0,True,20000.0
APP-001171,40,36-45,male,south_asian,salaried,70,9316.23,2043.87,5438.87,68405.97,17,5,0,12440.64,0,True,20000.0
APP-001172,39,36-45,male,arab_expat,salaried,68,13223.56,2087.49,10372.2,78442.42,26,0,0,14987.55,0,True,20000.0
APP-001173,39,36-45,male,arab_expat,freelancer,91,5818.58,1454.95,3297.52,37942.64,27,2,0,4589.73,0,True,17455.739999999998
APP-001174,32,26-35,male,western,salaried,45,9457.64,2097.17,6131.78,57988.44,25,3,0,6677.9,0,True,20000.0
APP-001175,22,18-25,male,southeast_asian,salaried,0,6806.41,1917.82,3314.64,22146.89,4,5,0,19318.07,0,True,20000.0
APP-001176,23,18-25,male,southeast_asian,salaried,13,6988.57,385.28,4013.2,10195.97,4,4,0,12801.81,0,True,20000.0
APP-001177,38,36-45,male,south_asian,self_employed,83,8787.0,598.01,6697.88,18923.78,17,2,0,14989.4,0,True,20000.0
APP-001178,18,18-25,male,emirati,salaried,5,10897.53,3043.13,4845.46,44436.02,19,3,2,1970.06,1,True,20000.0
APP-001179,38,36-45,female,south_asian,salaried,88,10785.88,1867.57,4487.5,73431.83,6,5,0,7762.55,0,True,20000.0
APP-001180,26,26-35,female,emirati,salaried,16,5640.66,766.66,2204.19,16379.67,46,1,3,10315.5,1,True,16921.98
APP-001181,39,36-45,female,south_asian,salaried,88,6488.15,1942.17,2801.94,49253.36,20,2,1,14338.03,0,True,19464.449999999997
APP-001182,55,46-60,female,south_asian,self_employed,149,4920.66,942.41,2352.6,33026.92,4,5,2,14502.93,0,True,14761.98
APP-001183,43,36-45,male,south_asian,self_employed,98,5667.7,1552.4,2880.77,29502.41,12,2,2,14511.07,1,True,17003.1
APP-001184,62,46-60,male,south_asian,salaried,201,13640.89,2344.82,8794.28,88582.61,6,5,0,11743.44,0,True,20000.0
APP-001185,39,36-45,female,south_asian,salaried,98,3000.0,238.13,1586.5,6988.12,44,1,0,5149.94,0,True,9000.0
APP-001186,32,26-35,male,south_asian,salaried,38,9109.27,2722.5,3402.84,73412.76,28,1,0,15164.99,0,True,20000.0
APP-001187,52,46-60,female,emirati,salaried,155,10535.13,628.19,5159.79,15168.22,7,0,0,5840.46,0,True,20000.0
APP-001188,57,46-60,male,south_asian,salaried,164,9185.47,961.72,4785.73,14924.27,30,1,0,19834.15,0,True,20000.0
APP-001189,58,46-60,male,arab_expat,salaried,172,23647.94,3481.67,14550.69,66211.81,10,4,0,17006.37,0,True,20000.0
APP-001190,23,18-25,female,emirati,salaried,1,5451.54,964.36,4058.69,16129.78,15,4,1,15655.95,0,True,16354.619999999999
APP-001191,24,18-25,male,arab_expat,salaried,25,4213.41,595.21,2147.28,14559.39,38,5,0,10146.21,0,True,12640.23
APP-001192,36,36-45,male,south_asian,self_employed,65,6428.39,310.59,1962.02,5742.12,31,4,0,2059.88,0,True,19285.170000000002
APP-001193,19,18-25,male,south_asian,self_employed,13,3000.0,982.65,2347.22,35655.58,28,1,1,8615.57,1,True,9000.0
APP-001194,30,26-35,male,western,freelancer,35,9940.78,273.05,3477.73,10273.08,18,0,0,9870.77,0,True,20000.0
APP-001195,62,46-60,female,arab_expat,salaried,207,7960.96,599.41,3539.95,8138.15,40,3,0,6331.94,0,True,20000.0
APP-001196,26,26-35,female,western,salaried,26,7861.77,1922.67,6147.84,21390.24,30,2,0,2668.38,0,True,20000.0
APP-001197,42,36-45,male,southeast_asian,salaried,96,3000.0,360.2,1550.01,10754.38,18,3,0,7420.26,0,True,9000.0
APP-001198,39,36-45,male,south_asian,self_employed,71,4928.43,1449.54,3215.27,26493.99,25,2,0,9135.59,0,True,14785.29
APP-001199,50,46-60,male,western,salaried,145,20325.95,5698.35,10182.19,119486.48,37,2,0,17108.89,0,True,20000.0
APP-001200,29,26-35,male,arab_expat,salaried,28,10566.38,772.41,8447.48,29065.36,5,1,2,10430.26,0,True,20000.0
APP-001201,44,36-45,female,south_asian,self_employed,84,5318.6,242.88,1616.08,5399.06,9,5,2,13949.35,0,True,15955.800000000001
APP-001202,60,46-60,male,south_asian,salaried,188,5217.64,830.94,3146.23,23154.03,1,2,3,11884.53,1,True,15652.920000000002
APP-001203,35,26-35,male,arab_expat,salaried,66,4792.75,1250.59,2499.41,17969.19,36,4,0,13317.06,0,True,14378.25
APP-001204,18,18-25,female,south_asian,salaried,0,18702.44,662.0,14275.89,6961.47,3,2,0,6110.12,0,True,20000.0
APP-001205,63,46-60,female,south_asian,salaried,186,15398.41,6251.95,7776.12,147695.86,35,5,1,3918.08,1,True,20000.0
APP-001206,59,46-60,male,south_asian,salaried,186,10402.19,300.05,3720.91,4313.9,10,5,0,18145.57,0,True,20000.0
APP-001207,46,46-60,male,western,salaried,112,56967.98,8537.36,25016.27,232876.79,35,3,0,8883.55,0,True,20000.0
APP-001208,58,46-60,male,south_asian,self_employed,151,7495.93,1978.95,3944.16,36018.97,21,0,2,3306.08,0,True,20000.0
APP-001209,44,36-45,male,south_asian,salaried,120,6897.4,870.2,4276.9,30862.85,14,2,0,16828.59,0,True,20000.0
APP-001210,29,26-35,male,western,salaried,32,7519.4,511.77,3541.67,19584.88,19,0,0,7091.71,0,True,20000.0
APP-001211,47,46-60,male,other,freelancer,103,11695.07,994.93,7969.54,16564.29,6,2,0,6176.77,0,True,20000.0
APP-001212,29,26-35,female,arab_expat,salaried,12,8381.16,1498.05,3284.66,54607.5,29,0,0,2434.57,0,True,20000.0
APP-001213,36,36-45,female,southeast_asian,self_employed,72,4857.4,328.76,3642.68,7059.63,10,0,0,14378.04,0,True,14572.199999999999
APP-001214,40,36-45,female,other,salaried,87,3000.0,326.68,1265.28,6928.93,10,4,0,5631.47,0,True,9000.0
APP-001215,18,18-25,male,emirati,salaried,0,6936.36,731.91,2302.84,23566.67,16,4,0,14678.33,0,True,20000.0
APP-001216,55,46-60,female,arab_expat,salaried,179,4649.97,832.45,2853.98,19949.0,37,0,0,5568.52,0,True,13949.91
APP-001217,46,46-60,female,arab_expat,salaried,116,4434.79,199.41,2816.27,7821.07,20,3,0,4853.25,0,True,13304.369999999999
APP-001218,40,36-45,male,south_asian,self_employed,81,9178.43,640.78,4620.33,7833.77,34,0,0,5295.18,0,True,20000.0
APP-001219,61,46-60,male,south_asian,salaried,189,10871.49,2513.52,5904.82,65790.21,28,0,0,7881.74,0,True,20000.0
APP-001220,58,46-60,male,south_asian,salaried,150,4624.6,260.37,2165.82,9698.76,27,4,0,9820.07,0,True,13873.800000000001
APP-001221,33,26-35,female,emirati,salaried,37,19451.18,2606.75,10609.54,69371.68,38,3,0,11617.43,0,True,20000.0
APP-001222,39,36-45,female,western,salaried,98,14516.71,1637.88,5690.47,38250.22,38,1,0,7691.6,0,True,20000.0
APP-001223,27,26-35,male,other,salaried,6,18491.26,6313.35,11220.45,248258.82,12,3,0,11979.27,0,True,20000.0
APP-001224,28,26-35,male,arab_expat,salaried,22,3533.44,487.3,2003.16,9752.86,5,5,2,8235.99,0,True,10600.32
APP-001225,46,46-60,female,southeast_asian,salaried,133,18056.77,2960.01,6667.31,41232.09,5,3,0,13306.49,0,True,20000.0
APP-001226,18,18-25,male,arab_expat,salaried,0,17314.86,228.65,8428.7,8213.24,13,5,0,972.43,0,True,20000.0
APP-001227,32,26-35,male,south_asian,salaried,30,3995.03,915.19,2331.87,28457.66,15,5,0,6107.45,0,True,11985.09
APP-001228,64,46-60,male,south_asian,salaried,202,8649.46,302.71,2711.89,11646.6,2,5,0,6197.47,0,True,20000.0
APP-001229,35,26-35,male,arab_expat,self_employed,67,24540.07,3384.47,15844.76,95298.42,23,5,0,14097.58,0,True,20000.0
APP-001230,42,36-45,male,south_asian,salaried,88,3000.0,250.66,1752.39,8777.69,5,1,3,3641.53,1,True,9000.0
APP-001231,23,18-25,female,western,salaried,19,21703.9,708.02,16219.07,20722.65,25,0,0,10716.49,0,True,20000.0
APP-001232,50,46-60,male,arab_expat,salaried,130,7007.15,1734.49,3258.93,44529.94,31,2,0,4736.21,0,True,20000.0
APP-001233,37,36-45,male,south_asian,salaried,88,3268.86,347.97,1039.65,13522.81,29,1,0,7855.08,0,True,9806.58
APP-001234,60,46-60,male,western,salaried,164,15508.85,592.55,5527.53,16035.89,22,3,0,11793.28,0,True,20000.0
APP-001235,63,46-60,male,southeast_asian,salaried,218,56011.61,9916.79,26788.59,259557.65,28,3,0,14258.99,0,True,20000.0
APP-001236,52,46-60,male,south_asian,salaried,144,14859.88,1406.17,11185.19,43608.11,16,0,2,11018.8,1,True,20000.0
APP-001237,35,26-35,female,south_asian,salaried,63,10517.13,1191.55,5584.73,29037.71,18,4,0,13123.31,0,True,20000.0
APP-001238,34,26-35,male,southeast_asian,self_employed,55,3644.91,364.21,1321.39,11531.55,0,3,0,2834.88,0,True,10934.73
APP-001239,63,46-60,female,other,self_employed,170,23021.63,1259.7,17514.19,20095.47,37,0,1,3355.32,0,True,20000.0
APP-001240,21,18-25,female,southeast_asian,salaried,6,7311.52,1354.21,3910.39,44312.1,40,5,0,18726.17,0,True,20000.0
APP-001241,61,46-60,male,southeast_asian,salaried,176,8146.45,3407.44,5218.87,87640.91,11,2,0,813.52,0,True,20000.0
APP-001242,57,46-60,female,south_asian,freelancer,183,18893.61,4722.04,12229.43,65237.46,4,0,0,5255.61,0,True,20000.0
APP-001243,57,46-60,female,south_asian,salaried,164,5994.65,694.48,4629.92,7718.63,33,0,3,14990.77,1,True,17983.949999999997
APP-001244,27,26-35,male,emirati,salaried,11,15963.6,4619.85,12120.47,74376.09,15,4,0,4536.81,0,True,20000.0
APP-001245,49,46-60,female,southeast_asian,salaried,117,6001.89,614.47,3701.88,21870.16,32,1,0,901.68,0,True,18005.670000000002
APP-001246,31,26-35,male,other,salaried,54,7387.21,1258.15,5499.67,46613.52,47,3,0,6156.92,0,True,20000.0
APP-001247,20,18-25,female,southeast_asian,salaried,0,7201.75,594.53,4282.26,15924.1,16,1,0,10162.39,0,True,20000.0
APP-001248,25,18-25,male,southeast_asian,salaried,27,5399.89,1652.68,2162.04,17164.58,43,0,0,9752.33,0,True,16199.670000000002
APP-001249,51,46-60,female,southeast_asian,salaried,133,22915.76,675.48,10714.3,24603.3,28,1,0,1486.16,0,True,20000.0
APP-001250,65,46-60,male,western,salaried,198,12501.4,3817.63,7000.24,78122.85,47,4,0,9447.85,0,True,20000.0
APP-001251,62,46-60,female,arab_expat,self_employed,210,13272.27,1217.92,4609.89,33536.51,5,2,0,8732.72,0,True,20000.0
APP-001252,32,26-35,male,south_asian,self_employed,35,5089.19,345.76,3201.61,9086.84,45,3,0,6886.12,0,True,15267.57
APP-001253,51,46-60,female,southeast_asian,salaried,137,23180.44,3387.21,11964.07,78974.82,39,4,3,13911.84,0,True,20000.0
APP-001254,46,46-60,male,emirati,salaried,118,12167.26,3294.34,8568.33,88841.82,5,2,0,9794.11,0,True,20000.0
APP-001255,47,46-60,male,south_asian,salaried,109,8967.73,1637.25,6834.66,61484.76,45,2,2,2632.53,0,True,20000.0
APP-001256,42,36-45,male,south_asian,salaried,116,40060.51,3611.89,20859.53,106365.16,40,2,0,1267.87,0,True,20000.0
APP-001257,59,46-60,male,emirati,salaried,181,13612.47,2885.77,5045.43,45841.35,5,5,0,7127.96,0,True,20000.0
APP-001258,18,18-25,male,south_asian,self_employed,9,4879.29,945.82,2459.34,15440.15,5,4,1,13032.31,0,True,14637.869999999999
APP-001259,18,18-25,female,south_asian,salaried,20,8491.5,963.14,6560.49,30862.19,13,0,0,6869.32,0,True,20000.0
APP-001260,62,46-60,male,southeast_asian,salaried,178,29135.71,8175.51,16647.42,202657.85,9,5,0,18825.01,0,True,20000.0
APP-001261,32,26-35,male,arab_expat,salaried,33,3000.0,321.7,2079.82,8636.66,41,5,0,3501.98,0,True,9000.0
APP-001262,53,46-60,female,southeast_asian,self_employed,152,10788.02,342.47,5776.98,12921.17,43,2,0,15576.22,0,True,20000.0
APP-001263,59,46-60,male,arab_expat,salaried,168,3000.0,632.45,947.51,6775.67,34,2,0,1006.37,0,True,9000.0
APP-001264,64,46-60,male,south_asian,salaried,182,3312.37,272.05,1933.01,8408.6,21,5,0,1838.92,0,True,9937.11
APP-001265,55,46-60,male,southeast_asian,freelancer,142,4551.74,958.49,1667.43,29632.73,0,2,1,13121.4,0,True,13655.22
APP-001266,24,18-25,male,south_asian,self_employed,18,3014.96,865.28,2198.62,28340.49,9,5,0,1359.36,0,True,9044.880000000001
APP-001267,27,26-35,male,south_asian,salaried,31,3000.0,249.91,1415.92,7686.49,25,3,1,5209.06,0,True,9000.0
APP-001268,61,46-60,male,south_asian,freelancer,185,20535.63,6475.98,15639.52,131595.81,17,5,0,9348.23,0,True,20000.0
APP-001269,20,18-25,female,south_asian,salaried,0,6100.74,395.31,3867.26,13801.72,17,3,0,14074.13,0,True,18302.22
APP-001270,65,46-60,male,south_asian,self_employed,212,8681.45,1600.52,5161.8,60799.4,20,1,2,5189.73,1,True,20000.0
APP-001271,33,26-35,female,southeast_asian,freelancer,39,4094.04,709.12,3106.73,9751.31,32,5,0,3181.19,0,True,12282.119999999999
APP-001272,24,18-25,female,other,salaried,14,8707.26,948.33,2861.14,19989.77,39,3,0,1400.86,0,True,20000.0
APP-001273,61,46-60,male,south_asian,salaried,194,7425.91,1034.6,4894.92,19434.07,1,2,0,4284.61,0,True,20000.0
APP-001274,23,18-25,male,southeast_asian,salaried,4,3000.0,952.79,1381.04,21190.06,32,0,0,8457.08,0,True,9000.0
APP-001275,56,46-60,male,western,freelancer,172,11116.61,568.25,3632.77,14264.55,10,4,0,2410.03,0,True,20000.0
APP-001276,53,46-60,male,south_asian,salaried,145,7017.12,541.13,4362.79,11032.4,28,4,0,2079.02,0,True,20000.0
APP-001277,30,26-35,male,south_asian,salaried,41,3000.0,728.34,951.32,11938.52,45,5,0,969.97,0,True,9000.0
APP-001278,56,46-60,male,south_asian,self_employed,179,33100.62,3844.63,20281.31,100322.1,34,1,0,11063.22,0,True,20000.0
APP-001279,24,18-25,male,western,self_employed,2,9430.87,1015.44,2843.04,17313.9,31,1,0,5102.9,0,True,20000.0
APP-001280,20,18-25,female,arab_expat,salaried,17,7095.97,2051.69,4035.73,62170.52,32,5,0,9838.24,0,True,20000.0
APP-001281,33,26-35,female,southeast_asian,salaried,34,10578.16,1115.79,3439.77,27020.72,0,0,0,5745.39,0,True,20000.0
APP-001282,41,36-45,female,emirati,salaried,75,4816.94,41.86,2851.97,519.7,12,5,0,4120.82,0,False,14450.82
APP-001283,41,36-45,male,south_asian,salaried,84,3983.16,641.45,2809.88,19655.93,32,4,0,2118.57,0,True,11949.48
APP-001284,45,36-45,male,south_asian,salaried,109,3760.44,778.74,1990.71,12356.98,40,4,0,3588.8,0,True,11281.32
APP-001285,20,18-25,male,south_asian,salaried,18,4562.38,255.8,2496.17,4129.59,10,2,0,1956.52,0,True,13687.14
APP-001286,47,46-60,male,emirati,salaried,116,5431.76,339.96,4038.99,7638.81,23,2,0,6456.52,0,True,16295.28
APP-001287,54,46-60,male,south_asian,salaried,165,40174.89,2931.74,13634.51,59618.29,46,5,0,15699.55,0,True,20000.0
APP-001288,63,46-60,female,southeast_asian,salaried,210,7811.32,1153.23,6001.6,16554.18,4,4,0,3001.51,0,True,20000.0
APP-001289,28,26-35,male,south_asian,salaried,33,15783.36,2898.25,8843.73,50897.13,27,2,0,9251.52,0,True,20000.0
APP-001290,56,46-60,male,south_asian,self_employed,168,3000.0,921.67,1729.34,23996.71,4,0,0,4686.39,0,True,9000.0
APP-001291,58,46-60,female,arab_expat,self_employed,163,5207.03,550.74,2025.56,19827.75,19,3,0,9705.76,0,True,15621.09
APP-001292,31,26-35,male,south_asian,salaried,20,7056.05,1293.6,5567.33,19404.89,2,1,0,752.88,0,True,20000.0
APP-001293,22,18-25,male,south_asian,salaried,0,3635.55,1205.29,1230.42,34251.46,25,2,0,8349.87,0,True,10906.650000000001
APP-001294,20,18-25,male,southeast_asian,salaried,0,6577.04,1520.44,4945.29,52622.23,11,4,0,11041.71,0,True,19731.12
APP-001295,25,18-25,male,arab_expat,unemployed,0,3000.0,440.26,1308.49,15412.98,33,1,0,7984.97,0,True,9000.0
APP-001296,22,18-25,male,arab_expat,freelancer,11,10464.81,1565.63,4360.01,43754.7,17,0,0,14604.89,0,True,20000.0
APP-001297,53,46-60,male,south_asian,salaried,149,18206.3,2377.19,11384.51,54341.3,31,2,0,11796.25,0,True,20000.0
APP-001298,47,46-60,male,south_asian,salaried,101,9612.29,416.73,6011.77,13674.18,4,3,0,1797.58,0,True,20000.0
APP-001299,31,26-35,male,southeast_asian,salaried,40,10150.93,2989.66,3916.49,45209.88,40,2,3,10741.61,1,True,20000.0
APP-001300,64,46-60,male,arab_expat,salaried,208,7080.11,1557.11,3173.77,60977.55,41,2,3,1100.94,1,True,20000.0
APP-001301,62,46-60,male,arab_expat,self_employed,208,9565.89,1867.69,4862.0,34027.32,29,4,0,6524.12,0,True,20000.0
APP-001302,40,36-45,male,south_asian,salaried,97,3000.0,186.0,2136.98,4011.33,3,0,1,3205.6,0,True,9000.0
APP-001303,38,36-45,male,south_asian,salaried,80,12052.93,1542.36,6167.64,23440.9,8,2,0,10976.56,0,True,20000.0
APP-001304,23,18-25,male,emirati,salaried,14,3037.14,728.9,1337.01,21085.46,7,0,0,6298.48,0,True,9111.42
APP-001305,50,46-60,female,south_asian,salaried,140,8875.85,1043.67,5936.07,22373.64,43,2,0,10400.74,0,True,20000.0
APP-001306,41,36-45,female,south_asian,salaried,80,7477.67,521.37,3542.16,20449.4,40,5,0,10699.7,0,True,20000.0
APP-001307,57,46-60,female,southeast_asian,self_employed,188,17384.23,1569.72,8055.5,30894.41,4,3,0,1373.63,0,True,20000.0
APP-001308,47,46-60,male,south_asian,salaried,135,9556.51,2353.34,4227.81,75052.19,30,5,0,19275.99,0,True,20000.0
APP-001309,45,36-45,male,south_asian,salaried,98,7126.84,556.61,3067.07,21452.83,34,3,2,9868.47,1,True,20000.0
APP-001310,40,36-45,male,arab_expat,salaried,78,8908.26,1786.76,6622.48,54483.17,9,5,0,19328.24,0,True,20000.0
APP-001311,57,46-60,female,other,salaried,156,7904.81,2819.26,5185.29,104414.19,43,4,0,9696.76,0,True,20000.0
APP-001312,62,46-60,male,south_asian,salaried,182,18793.02,6435.25,9174.68,224768.12,24,0,0,15331.53,0,True,20000.0
APP-001313,33,26-35,male,south_asian,salaried,52,20523.7,2614.03,7025.06,86507.18,40,1,0,11773.06,0,True,20000.0
APP-001314,56,46-60,male,other,salaried,168,14162.19,2251.33,7611.1,82727.39,18,3,0,18934.41,0,True,20000.0
APP-001315,65,46-60,male,south_asian,salaried,210,5342.23,973.86,1794.83,37873.53,9,2,0,7047.28,0,True,16026.689999999999
APP-001316,48,46-60,female,arab_expat,salaried,141,18601.64,3597.75,10586.03,111165.48,24,4,0,12306.34,0,True,20000.0
APP-001317,49,46-60,male,south_asian,self_employed,122,6315.49,865.74,4573.81,20244.25,22,2,0,16533.91,0,True,18946.47
APP-001318,33,26-35,male,south_asian,salaried,50,6236.98,402.1,2108.2,13121.1,36,5,0,1581.64,0,True,18710.94
APP-001319,55,46-60,male,emirati,salaried,149,4674.24,1009.22,3090.49,20489.34,25,2,0,6215.6,0,True,14022.72
APP-001320,33,26-35,male,south_asian,salaried,40,6016.48,1072.72,1915.7,25737.18,41,4,0,1730.91,0,True,18049.44
APP-001321,65,46-60,male,south_asian,unemployed,0,3000.0,603.4,1498.65,11724.51,3,4,2,4770.25,1,True,9000.0
APP-001322,65,46-60,female,arab_expat,salaried,197,7338.85,1607.53,3712.02,48445.23,41,3,0,3371.59,0,True,20000.0
APP-001323,57,46-60,male,south_asian,salaried,140,9222.74,1609.31,5956.3,16267.33,8,5,0,8744.85,0,True,20000.0
APP-001324,36,36-45,female,south_asian,self_employed,60,3000.0,139.43,1362.49,2680.66,41,1,0,7623.07,0,True,9000.0
APP-001325,34,26-35,male,arab_expat,salaried,56,6417.29,731.82,4803.96,26501.28,7,5,0,9961.22,0,True,19251.87
APP-001326,59,46-60,male,south_asian,salaried,193,13107.44,1588.61,5267.79,62084.84,44,0,0,4164.02,0,True,20000.0
APP-001327,27,26-35,male,south_asian,salaried,35,3000.0,184.8,1447.02,2778.21,5,4,0,3421.68,0,True,9000.0
APP-001328,57,46-60,female,emirati,salaried,159,14610.26,793.93,11490.98,10573.61,22,4,0,10991.72,0,True,20000.0
APP-001329,24,18-25,male,south_asian,self_employed,0,8178.13,340.3,5995.18,5333.3,6,4,0,3874.46,0,True,20000.0
APP-001330,28,26-35,male,southeast_asian,salaried,6,30478.53,5323.73,10471.75,168825.45,4,1,3,7448.99,1,True,20000.0
APP-001331,30,26-35,female,other,salaried,42,7580.68,1662.45,3817.88,47242.41,14,2,0,8432.16,0,True,20000.0
APP-001332,63,46-60,male,arab_expat,salaried,206,32587.53,4610.62,23751.21,128813.96,16,0,0,13846.5,0,True,20000.0
APP-001333,57,46-60,female,arab_expat,salaried,194,7648.43,87.51,5073.62,2545.97,7,2,0,14931.04,0,True,20000.0
APP-001334,43,36-45,male,south_asian,salaried,113,8517.33,1674.6,6620.54,18277.1,9,2,0,16092.8,0,True,20000.0
APP-001335,63,46-60,male,emirati,salaried,198,62544.67,3777.56,25056.54,54294.94,2,5,0,18300.95,0,True,20000.0
APP-001336,35,26-35,male,southeast_asian,salaried,62,7759.81,1836.28,5476.11,36607.12,47,5,1,18313.79,0,True,20000.0
APP-001337,51,46-60,male,arab_expat,salaried,132,11761.95,474.79,6090.64,18463.68,12,0,0,8084.11,0,True,20000.0
APP-001338,58,46-60,female,south_asian,salaried,158,8582.04,2257.13,6765.42,64786.88,11,1,0,19200.14,0,True,20000.0
APP-001339,44,36-45,male,western,salaried,84,28536.3,264.92,19308.18,9822.31,3,4,0,4679.22,0,True,20000.0
APP-001340,19,18-25,male,south_asian,salaried,0,5088.74,539.34,3336.43,7367.95,22,4,0,14631.76,1,True,15266.22
APP-001341,32,26-35,male,south_asian,salaried,44,10277.79,2547.53,6462.2,55575.12,0,4,0,10455.39,0,True,20000.0
APP-001342,51,46-60,male,southeast_asian,salaried,120,7318.65,1088.53,4152.59,16945.3,42,4,0,14479.63,0,True,20000.0
APP-001343,18,18-25,female,emirati,salaried,0,7095.6,1139.67,3627.29,42395.08,30,4,2,5931.57,0,True,20000.0
APP-001344,53,46-60,male,other,salaried,128,10220.44,1899.06,7651.14,57941.03,34,4,0,18513.43,0,True,20000.0
APP-001345,62,46-60,male,south_asian,salaried,196,16143.72,1512.29,6106.28,35255.84,36,5,0,15903.22,0,True,20000.0
APP-001346,57,46-60,male,south_asian,salaried,159,3769.75,665.01,1961.4,18597.37,11,5,1,6615.06,0,True,11309.25
APP-001347,31,26-35,male,south_asian,salaried,49,9629.03,2248.68,3496.55,41427.28,25,5,0,15559.72,0,True,20000.0
APP-001348,56,46-60,male,south_asian,salaried,149,4046.43,1125.59,2333.88,13686.82,41,1,0,3316.83,0,True,12139.289999999999
APP-001349,51,46-60,male,other,salaried,148,7167.63,1254.49,4404.96,40747.85,18,5,0,6328.79,0,True,20000.0
APP-001350,54,46-60,male,southeast_asian,salaried,120,7351.99,1784.7,5445.03,36983.45,15,5,0,4741.41,0,True,20000.0
APP-001351,33,26-35,female,southeast_asian,salaried,63,5209.95,1060.19,2724.31,29987.8,39,3,0,1743.46,0,True,15629.849999999999
APP-001352,54,46-60,female,western,salaried,166,13496.82,4572.65,9317.88,92237.65,32,3,0,12588.29,0,True,20000.0
APP-001353,29,26-35,male,southeast_asian,salaried,35,8950.85,1007.16,2849.5,10637.89,15,5,0,13148.52,0,True,20000.0
APP-001354,63,46-60,male,arab_expat,salaried,198,12614.1,4969.88,3801.09,136512.06,36,0,0,18958.87,0,True,20000.0
APP-001355,62,46-60,male,arab_expat,salaried,183,8370.86,1645.77,3517.4,20000.54,42,2,0,9933.25,0,True,20000.0
APP-001356,29,26-35,male,south_asian,freelancer,28,4387.17,636.41,2341.86,18193.2,15,1,0,7291.72,0,True,13161.51
APP-001357,41,36-45,male,emirati,self_employed,91,15901.88,3604.96,9967.47,79574.3,7,4,0,5618.58,0,True,20000.0
APP-001358,58,46-60,male,south_asian,salaried,177,19067.69,3078.33,13412.82,122864.58,21,5,3,19591.91,1,True,20000.0
APP-001359,60,46-60,male,arab_expat,self_employed,171,5815.91,1477.61,3196.75,27338.79,34,3,2,930.44,0,True,17447.73
APP-001360,56,46-60,female,emirati,salaried,152,12491.21,519.56,3956.24,13659.17,33,1,0,6595.72,0,True,20000.0
APP-001361,61,46-60,male,western,salaried,187,24010.47,4116.5,15328.96,84751.4,9,3,0,5182.98,0,True,20000.0
APP-001362,61,46-60,female,southeast_asian,salaried,191,4632.76,526.88,1838.86,5384.21,13,0,0,12702.83,0,True,13898.28
APP-001363,37,36-45,male,southeast_asian,freelancer,73,10187.74,1579.94,7234.23,18764.42,33,4,0,4322.34,0,True,20000.0
APP-001364,60,46-60,male,emirati,salaried,178,17389.06,2630.65,6730.49,93372.35,8,5,0,17990.07,0,True,20000.0
APP-001365,48,46-60,female,western,salaried,126,16260.23,3787.65,10343.29,146610.17,38,1,3,13324.66,1,True,20000.0
APP-001366,38,36-45,female,arab_expat,salaried,87,11359.65,3516.89,5216.77,136852.15,30,2,0,7759.88,0,True,20000.0
APP-001367,31,26-35,male,southeast_asian,salaried,42,9004.47,1613.76,3085.51,34633.54,21,4,0,13899.41,0,True,20000.0
APP-001368,27,26-35,male,south_asian,salaried,6,10369.76,1787.15,7980.05,31820.43,32,1,1,5590.19,0,True,20000.0
APP-001369,51,46-60,male,south_asian,salaried,144,5701.81,779.69,4214.92,17033.72,13,3,3,675.47,1,True,17105.43
APP-001370,44,36-45,female,south_asian,salaried,85,3983.44,462.17,1325.85,10390.08,46,3,2,6747.3,0,True,11950.32
APP-001371,51,46-60,male,emirati,salaried,117,7281.3,1762.82,3747.68,33414.81,28,0,0,6796.57,0,True,20000.0
APP-001372,61,46-60,female,southeast_asian,salaried,189,13243.19,2703.3,8356.48,36318.24,46,3,0,2905.97,0,True,20000.0
APP-001373,22,18-25,female,south_asian,salaried,14,3539.91,405.88,2351.61,13568.07,16,1,0,534.89,0,True,10619.73
APP-001374,29,26-35,male,southeast_asian,freelancer,52,6496.73,744.62,2595.4,29643.05,26,4,0,4148.47,0,True,19490.19
APP-001375,57,46-60,male,emirati,salaried,169,21114.97,2499.13,13788.27,34146.94,42,5,1,18193.25,0,True,20000.0
APP-001376,23,18-25,male,south_asian,salaried,0,19754.05,2462.06,6913.58,93234.3,3,3,0,4248.79,0,True,20000.0
APP-001377,40,36-45,male,south_asian,salaried,82,5407.62,1411.43,2186.93,33093.15,26,0,0,7631.03,0,True,16222.86
APP-001378,43,36-45,male,arab_expat,salaried,111,5324.35,546.44,3298.58,13208.86,11,1,0,4587.93,0,True,15973.050000000001
APP-001379,44,36-45,female,arab_expat,salaried,134,14101.4,15.83,8366.7,491.16,47,5,0,16952.1,0,True,20000.0
APP-001380,52,46-60,male,south_asian,salaried,138,8170.93,1223.95,5385.13,23214.51,22,0,1,9940.28,0,True,20000.0
APP-001381,54,46-60,male,south_asian,salaried,148,7209.51,1824.56,4241.41,34450.06,16,5,1,11809.42,1,True,20000.0
APP-001382,56,46-60,male,other,salaried,175,4333.01,1390.88,2708.03,49914.62,3,4,2,10271.59,1,True,12999.03
APP-001383,48,46-60,male,arab_expat,salaried,112,12689.35,3480.18,6778.88,53985.0,35,3,1,1575.9,0,True,20000.0
APP-001384,46,46-60,female,other,salaried,103,12731.42,936.11,4149.72,13379.75,29,1,0,7892.16,0,True,20000.0
APP-001385,43,36-45,female,western,self_employed,111,10370.98,702.48,7148.34,19643.85,4,4,0,9906.69,0,True,20000.0
APP-001386,21,18-25,male,south_asian,freelancer,0,7025.33,1502.62,4140.23,48990.38,38,0,0,7561.14,1,True,20000.0
APP-001387,37,36-45,female,south_asian,salaried,72,9517.06,1717.82,7475.31,39043.13,25,3,0,1034.55,0,True,20000.0
APP-001388,29,26-35,male,arab_expat,freelancer,38,3491.83,351.28,2401.83,10487.46,25,3,0,8248.32,0,True,10475.49
APP-001389,28,26-35,female,south_asian,salaried,30,9125.9,788.8,4527.82,14997.07,20,1,0,4063.65,0,True,20000.0
APP-001390,53,46-60,male,south_asian,salaried,151,8775.64,3643.13,5838.53,108137.23,0,5,0,7536.62,0,True,20000.0
APP-001391,41,36-45,female,emirati,salaried,84,13613.89,2424.63,9393.03,50105.83,19,5,0,5430.82,0,True,20000.0
APP-001392,28,26-35,female,south_asian,salaried,42,9558.91,1767.94,6159.74,29144.53,25,5,1,16014.61,0,True,20000.0
APP-001393,34,26-35,male,other,salaried,66,3982.51,451.06,1385.22,5109.85,5,3,0,11732.51,0,True,11947.53
APP-001394,48,46-60,female,emirati,salaried,130,4301.22,1189.6,1611.66,32063.36,40,2,0,11055.47,0,True,12903.66
APP-001395,48,46-60,male,south_asian,salaried,136,20279.4,1153.3,10742.92,35613.6,5,2,0,6331.02,0,True,20000.0
APP-001396,47,46-60,female,southeast_asian,salaried,131,10950.66,2243.37,8584.48,84009.75,34,1,0,13092.4,0,True,20000.0
APP-001397,63,46-60,female,south_asian,self_employed,196,4910.97,347.23,1877.93,13623.43,18,3,2,11212.87,1,True,14732.91
APP-001398,37,36-45,male,south_asian,salaried,78,9982.23,2190.86,5895.42,49432.05,2,0,0,11568.67,0,True,20000.0
APP-001399,18,18-25,male,south_asian,salaried,1,4987.17,560.78,2408.72,15599.21,44,1,0,9171.05,0,True,14961.51
APP-001400,21,18-25,male,emirati,freelancer,14,5859.84,266.49,2292.02,5149.17,3,3,0,6106.5,0,True,17579.52
APP-001401,54,46-60,female,emirati,salaried,162,6824.52,1283.82,2586.2,33586.17,11,5,0,12520.91,0,True,20000.0
APP-001402,61,46-60,male,southeast_asian,self_employed,188,3487.33,92.42,2339.57,2213.38,37,3,0,925.44,0,False,10461.99
APP-001403,30,26-35,male,south_asian,salaried,33,4166.27,521.39,2190.65,12860.98,40,5,0,3617.38,0,True,12498.810000000001
APP-001404,21,18-25,female,south_asian,salaried,11,9368.17,2522.36,6853.19,96814.93,10,1,0,5008.35,0,True,20000.0
APP-001405,54,46-60,male,emirati,salaried,158,11798.63,2725.8,5003.33,92525.39,24,1,0,18717.95,0,True,20000.0
APP-001406,32,26-35,male,south_asian,self_employed,46,15422.16,1222.85,6581.39,35470.27,25,1,0,9443.41,0,True,20000.0
APP-001407,21,18-25,male,south_asian,salaried,3,4810.89,1295.06,2642.76,44186.35,45,2,0,10228.69,0,True,14432.670000000002
APP-001408,35,26-35,male,western,self_employed,49,10798.73,1514.66,3950.15,25714.54,38,0,0,15528.55,0,True,20000.0
APP-001409,22,18-25,male,arab_expat,self_employed,0,15338.92,4516.59,11746.55,177155.09,29,3,3,10195.64,0,True,20000.0
APP-001410,38,36-45,male,western,self_employed,60,6081.51,1431.15,4207.9,19477.58,19,0,0,15984.02,0,True,18244.53
APP-001411,60,46-60,male,western,salaried,181,26851.44,2750.16,14781.38,57079.52,31,4,0,17606.66,0,True,20000.0
APP-001412,37,36-45,male,south_asian,freelancer,99,5901.88,409.55,3318.17,10942.37,25,1,2,11794.53,1,True,17705.64
APP-001413,42,36-45,female,south_asian,salaried,109,6860.41,620.59,2215.04,12731.73,1,4,0,19868.59,0,True,20000.0
APP-001414,53,46-60,male,south_asian,salaried,146,11596.13,3130.17,4598.77,51094.86,20,0,0,4853.88,0,True,20000.0
APP-001415,64,46-60,female,emirati,salaried,213,6368.94,1493.28,2815.25,39510.31,19,0,0,9446.27,0,True,19106.82
APP-001416,54,46-60,male,south_asian,salaried,151,3061.84,1166.97,1578.54,23961.2,29,2,0,2299.88,0,True,9185.52
APP-001417,37,36-45,male,arab_expat,salaried,87,3170.6,287.13,1695.84,6978.56,38,0,0,1395.97,0,True,9511.8
APP-001418,49,46-60,female,south_asian,salaried,136,6286.62,852.49,4888.81,15943.41,15,5,2,5930.62,0,True,18859.86
APP-001419,20,18-25,male,arab_expat,salaried,0,18345.65,4063.88,6742.99,86663.04,18,0,0,15974.31,0,True,20000.0
APP-001420,36,36-45,male,south_asian,salaried,82,4740.27,1255.5,3061.37,39442.9,5,4,0,9333.7,0,True,14220.810000000001
APP-001421,38,36-45,female,south_asian,salaried,62,4572.07,1318.24,3150.13,38169.76,2,1,1,2213.34,0,True,13716.21
APP-001422,36,36-45,male,south_asian,salaried,86,3420.22,602.53,1200.99,15363.0,30,4,0,616.86,0,True,10260.66
APP-001423,22,18-25,male,south_asian,salaried,7,4645.95,1032.22,1471.94,27566.69,38,3,1,6864.64,0,True,13937.849999999999
APP-001424,57,46-60,male,south_asian,self_employed,174,5565.58,1001.93,3684.93,17362.94,22,3,2,1173.01,0,True,16696.739999999998
APP-001425,22,18-25,female,western,freelancer,6,20036.22,4514.57,8500.73,122853.17,0,0,2,18648.25,1,True,20000.0
APP-001426,23,18-25,female,south_asian,salaried,15,14641.3,4028.99,8779.27,147669.44,34,3,0,13547.07,0,True,20000.0
APP-001427,31,26-35,male,other,salaried,47,13950.19,522.43,6361.64,20094.39,16,0,0,5013.39,0,True,20000.0
APP-001428,38,36-45,male,south_asian,salaried,87,3082.08,10.44,2315.77,246.35,14,4,0,2360.15,0,False,9246.24
APP-001429,19,18-25,male,south_asian,self_employed,0,5212.65,1210.78,2264.36,14092.97,34,0,2,4519.5,0,True,15637.949999999999
APP-001430,57,46-60,male,southeast_asian,freelancer,152,5175.54,1837.1,2599.47,34930.22,0,3,1,6910.77,1,True,15526.619999999999
APP-001431,46,46-60,male,western,salaried,104,32649.26,3690.14,19631.36,108195.69,14,0,0,4904.26,0,True,20000.0
APP-001432,20,18-25,male,south_asian,salaried,0,5013.54,1052.0,2136.58,12708.26,0,5,0,12250.62,0,True,15040.619999999999
APP-001433,19,18-25,female,western,salaried,0,3906.58,780.55,1566.52,30993.23,1,4,1,5463.05,0,True,11719.74
APP-001434,54,46-60,female,south_asian,salaried,169,5796.68,407.74,2548.56,6919.7,31,4,0,10036.87,0,True,17390.04
APP-001435,44,36-45,female,western,salaried,113,8464.03,108.56,5911.99,2986.29,18,3,0,4681.63,0,True,20000.0
APP-001436,42,36-45,female,other,salaried,88,3836.95,1336.93,2527.89,19475.19,44,5,0,9558.44,0,True,11510.849999999999
APP-001437,51,46-60,male,south_asian,salaried,142,7518.26,1761.58,5734.13,30374.54,27,0,0,9891.3,0,True,20000.0
APP-001438,56,46-60,male,western,salaried,153,29429.4,3553.41,9189.3,109887.71,28,4,0,17599.7,0,True,20000.0
APP-001439,34,26-35,male,south_asian,self_employed,41,10171.06,990.02,3724.24,30560.24,47,5,0,8204.83,0,True,20000.0
APP-001440,65,46-60,male,south_asian,salaried,187,17220.77,576.85,11622.69,7207.7,15,0,0,16998.72,0,True,20000.0
APP-001441,47,46-60,male,south_asian,salaried,122,8572.26,1132.77,4766.15,33591.68,9,2,0,7821.63,0,True,20000.0
APP-001442,54,46-60,male,arab_expat,salaried,168,11699.72,1180.04,7401.89,30535.61,23,3,0,5277.73,0,True,20000.0
APP-001443,44,36-45,female,western,freelancer,104,22065.32,1779.8,12425.75,70340.33,39,0,0,1731.04,0,True,20000.0
APP-001444,58,46-60,male,southeast_asian,self_employed,179,25378.25,3880.19,15552.75,107604.06,19,3,0,791.54,0,True,20000.0
APP-001445,33,26-35,male,arab_expat,salaried,48,13538.61,2361.15,9883.7,89932.6,15,4,0,5516.63,0,True,20000.0
APP-001446,37,36-45,female,south_asian,freelancer,78,5070.06,573.94,1709.59,19223.9,10,0,0,857.58,0,True,15210.18
APP-001447,63,46-60,male,south_asian,salaried,206,14077.74,2376.01,9140.68,35656.74,23,3,0,1516.54,0,True,20000.0
APP-001448,40,36-45,male,southeast_asian,salaried,82,19492.59,964.06,12912.34,15898.24,9,4,0,10936.15,0,True,20000.0
APP-001449,18,18-25,male,south_asian,salaried,0,6215.29,920.69,2980.24,22709.69,27,2,3,15309.28,1,True,18645.87
APP-001450,34,26-35,female,south_asian,salaried,74,6117.91,1256.21,3251.72,28808.24,4,2,0,5707.28,0,True,18353.73
APP-001451,28,26-35,male,emirati,salaried,40,3000.0,515.69,2263.67,18531.24,38,0,0,6305.09,0,True,9000.0
APP-001452,51,46-60,male,emirati,salaried,140,3000.0,936.57,933.76,17652.28,26,2,0,1089.52,0,True,9000.0
APP-001453,61,46-60,female,south_asian,salaried,187,7510.78,1785.99,4917.21,18841.5,17,0,1,12559.65,0,True,20000.0
APP-001454,62,46-60,male,south_asian,salaried,185,5135.75,173.98,3863.15,5235.05,32,5,0,15344.11,0,True,15407.25
APP-001455,39,36-45,female,southeast_asian,unemployed,0,4870.105971997701,80.98,1999.45,1835.07,43,3,0,12298.32,0,True,14610.317915993102
APP-001456,48,46-60,female,south_asian,salaried,130,6210.84,989.45,3560.66,18507.16,35,4,2,13716.22,0,True,18632.52
APP-001457,24,18-25,male,south_asian,salaried,0,6741.14,2305.69,4227.36,89759.85,19,4,0,8606.2,0,True,20000.0
APP-001458,64,46-60,female,south_asian,salaried,207,5301.22,526.43,2102.22,12466.32,21,2,0,14690.37,0,True,15903.66
APP-001459,65,46-60,male,southeast_asian,salaried,194,16506.27,1201.7,6265.43,23720.01,24,3,0,9528.63,0,True,20000.0
APP-001460,63,46-60,male,south_asian,salaried,203,4822.69,1702.99,2876.76,23044.84,26,0,0,12366.51,1,True,14468.07
APP-001461,37,36-45,female,south_asian,salaried,80,14625.23,3905.83,6966.18,86720.97,15,3,0,19659.81,0,True,20000.0
APP-001462,23,18-25,male,south_asian,salaried,0,3174.84,621.89,1468.58,22412.58,4,3,3,9334.16,1,True,9524.52
APP-001463,40,36-45,female,southeast_asian,freelancer,105,25402.08,6739.31,14149.19,122445.43,20,5,3,10397.95,1,True,20000.0
APP-001464,54,46-60,female,southeast_asian,salaried,189,10460.31,908.93,6298.66,26514.88,27,4,0,2550.08,0,True,20000.0
APP-001465,39,36-45,female,western,freelancer,86,12673.13,2661.28,7054.9,85204.63,46,4,0,10485.99,0,True,20000.0
APP-001466,50,46-60,female,south_asian,self_employed,139,7544.95,286.6,4037.54,7134.4,13,4,0,17068.24,0,True,20000.0
APP-001467,64,46-60,female,south_asian,salaried,176,29653.24,3275.75,19924.27,46067.3,30,2,0,5029.06,0,True,20000.0
APP-001468,46,46-60,female,other,salaried,93,14512.68,3732.22,6743.97,107488.83,34,4,0,9510.19,0,True,20000.0
APP-001469,56,46-60,female,southeast_asian,salaried,152,10637.54,2072.19,3574.44,50371.91,14,1,0,13705.21,0,True,20000.0
APP-001470,49,46-60,female,southeast_asian,salaried,112,9943.44,280.79,4911.58,4128.08,9,5,0,6770.16,0,True,20000.0
APP-001471,18,18-25,male,south_asian,salaried,0,7729.24,592.49,2853.03,20524.35,38,2,0,9442.71,0,True,20000.0
APP-001472,38,36-45,female,southeast_asian,self_employed,73,3682.77,442.17,1242.63,10044.52,29,0,0,7993.11,0,True,11048.31
APP-001473,38,36-45,male,southeast_asian,unemployed,0,3000.0,774.88,1363.75,29531.09,38,4,2,7293.16,1,True,9000.0
APP-001474,25,18-25,female,emirati,salaried,28,17088.21,1023.69,6009.65,14960.86,41,4,0,13296.2,0,True,20000.0
APP-001475,58,46-60,male,south_asian,salaried,162,6924.43,427.13,2100.24,10657.99,36,4,0,6576.46,0,True,20000.0
APP-001476,31,26-35,male,south_asian,salaried,58,7460.2,894.33,3644.42,26669.53,39,1,0,8769.73,0,True,20000.0
APP-001477,54,46-60,male,western,salaried,165,13078.57,3057.27,4176.46,49577.28,40,2,0,1146.71,0,True,20000.0
APP-001478,45,36-45,male,western,freelancer,96,12976.09,1817.89,9441.2,22136.53,28,4,0,15772.33,0,True,20000.0
APP-001479,57,46-60,male,emirati,salaried,172,5911.93,2452.27,2462.83,58606.88,35,1,0,1433.16,0,True,17735.79
APP-001480,36,36-45,male,south_asian,salaried,54,3035.9,371.13,1697.91,11434.9,35,0,0,1941.02,0,True,9107.7
APP-001481,54,46-60,male,western,salaried,150,17375.16,204.47,10831.09,7480.23,45,3,0,12738.73,0,True,20000.0
APP-001482,39,36-45,male,south_asian,salaried,72,6124.35,437.29,2672.01,8545.7,22,0,0,2044.42,0,True,18373.050000000003
APP-001483,57,46-60,male,southeast_asian,freelancer,173,9428.47,1580.75,5864.04,33716.85,5,0,1,17380.89,1,True,20000.0
APP-001484,22,18-25,male,western,salaried,0,12707.37,1462.14,9339.57,51384.59,30,1,0,10712.09,0,True,20000.0
APP-001485,25,18-25,female,arab_expat,unemployed,0,3000.0,715.41,927.01,19533.57,4,4,0,2724.38,0,True,9000.0
APP-001486,19,18-25,male,emirati,salaried,0,20202.92,3843.66,10781.69,50366.62,45,3,0,1635.2,0,True,20000.0
APP-001487,32,26-35,male,other,salaried,46,7654.03,1204.94,2492.31,29002.25,39,3,0,7561.35,0,True,20000.0
APP-001488,64,46-60,male,south_asian,salaried,193,13080.47,5469.21,7979.77,200013.81,17,4,0,9730.73,0,True,20000.0
APP-001489,59,46-60,male,southeast_asian,salaried,193,20298.09,4234.88,14527.51,63565.33,7,5,0,12502.84,0,True,20000.0
APP-001490,65,46-60,male,southeast_asian,salaried,214,6065.98,662.85,2931.05,24534.53,47,1,0,14321.68,0,True,18197.94
APP-001491,57,46-60,female,arab_expat,self_employed,171,14931.92,4516.44,7292.18,169443.29,40,2,0,15453.02,0,True,20000.0
APP-001492,47,46-60,male,southeast_asian,self_employed,103,8381.35,932.25,5592.34,28168.13,21,2,0,11516.28,0,True,20000.0
APP-001493,54,46-60,male,south_asian,salaried,154,20275.18,4997.07,12263.32,150158.76,34,4,0,3735.92,0,True,20000.0
APP-001494,33,26-35,male,southeast_asian,salaried,50,14641.07,2097.23,7456.63,30715.82,29,3,0,3117.99,0,True,20000.0
APP-001495,39,36-45,female,south_asian,self_employed,87,13960.68,3246.69,4636.61,106364.44,13,5,0,14712.46,0,True,20000.0
APP-001496,35,26-35,male,south_asian,salaried,38,16112.89,3055.83,6285.94,54600.09,3,1,0,10939.04,0,True,20000.0
APP-001497,35,26-35,male,south_asian,self_employed,67,14376.78,2876.14,7696.16,54059.41,15,2,0,15290.59,0,True,20000.0
APP-001498,22,18-25,male,emirati,freelancer,5,19005.76,3465.83,12006.78,41312.95,33,1,0,17968.35,0,True,20000.0
APP-001499,51,46-60,male,emirati,self_employed,147,18584.59,1569.72,14134.71,18989.16,17,4,0,3154.01,0,True,20000.0
APP-001500,26,26-35,female,south_asian,self_employed,40,3000.0,393.69,1053.21,4351.73,33,3,0,3045.83,0,True,9000.0
APP-001501,33,26-35,male,arab_expat,freelancer,63,15079.03,2225.31,6772.38,80480.89,16,1,0,16096.11,1,True,20000.0
APP-001502,24,18-25,male,emirati,salaried,24,9913.6,1437.98,4616.41,31693.36,11,3,0,16750.92,0,True,20000.0
APP-001503,23,18-25,male,emirati,salaried,0,6769.52,436.66,4007.55,16304.87,15,4,0,11991.97,0,True,20000.0
APP-001504,63,46-60,male,arab_expat,salaried,189,16102.02,2228.85,5468.59,37013.57,32,4,0,17407.43,0,True,20000.0
APP-001505,47,46-60,male,arab_expat,self_employed,121,27495.31,4360.44,14125.38,114450.02,31,2,0,3308.49,0,True,20000.0
APP-001506,47,46-60,female,other,salaried,128,22770.53,795.44,6913.74,12297.42,25,1,0,12849.26,0,True,20000.0
APP-001507,58,46-60,female,south_asian,salaried,165,25216.32,8944.06,11847.34,185084.67,28,1,1,15631.01,0,True,20000.0
APP-001508,32,26-35,female,southeast_asian,salaried,27,10672.72,1513.19,7416.19,46179.52,47,3,0,19669.75,0,True,20000.0
APP-001509,59,46-60,male,emirati,salaried,192,21866.78,2727.05,13611.23,46320.04,18,2,0,698.1,0,True,20000.0
APP-001510,35,26-35,male,western,salaried,55,8614.94,697.68,4887.51,26191.32,21,0,0,8753.19,0,True,20000.0
APP-001511,28,26-35,male,southeast_asian,freelancer,14,7456.25,997.85,2554.3,38239.25,2,1,0,1064.25,0,True,20000.0
APP-001512,25,18-25,male,western,salaried,22,12914.22,2333.3,8878.92,28631.67,25,0,0,7636.52,0,True,20000.0
APP-001513,31,26-35,male,south_asian,self_employed,37,3000.0,525.97,2289.0,11031.92,20,4,0,6423.12,0,True,9000.0
APP-001514,55,46-60,female,south_asian,freelancer,152,4008.39,690.45,1432.46,17550.12,42,2,0,6944.31,0,True,12025.17
APP-001515,57,46-60,male,south_asian,salaried,166,4114.64,152.32,3243.4,2272.73,36,3,0,1640.34,0,False,12343.920000000002
APP-001516,22,18-25,male,southeast_asian,salaried,5,6008.39,1067.14,2209.6,30861.96,36,2,0,950.76,0,True,18025.170000000002
APP-001517,64,46-60,female,south_asian,freelancer,208,10807.42,658.04,4324.45,21838.45,11,5,0,15826.75,0,True,20000.0
APP-001518,54,46-60,male,south_asian,salaried,164,3639.45,367.56,2379.11,6788.61,39,4,0,1422.45,0,True,10918.349999999999
APP-001519,59,46-60,male,south_asian,salaried,192,12130.79,1438.12,4055.67,23628.56,36,4,0,3930.06,0,True,20000.0
APP-001520,47,46-60,male,south_asian,salaried,121,6042.35,532.85,1916.54,15208.64,45,0,0,11864.6,0,True,18127.050000000003
APP-001521,63,46-60,male,south_asian,salaried,199,3352.85,654.85,1663.94,17581.17,39,1,1,2731.97,0,True,10058.55
APP-001522,45,36-45,female,southeast_asian,salaried,142,16575.3,2818.54,10697.55,104447.74,4,0,0,15967.08,0,True,20000.0
APP-001523,48,46-60,male,south_asian,self_employed,139,14330.38,1960.43,8019.56,64887.1,16,5,0,7261.67,0,True,20000.0
APP-001524,63,46-60,male,southeast_asian,salaried,199,6402.69,488.13,2217.96,19121.32,32,0,0,17127.97,0,True,19208.07
APP-001525,46,46-60,female,other,freelancer,116,6111.05,291.46,3647.71,5371.04,43,3,0,11281.85,0,True,18333.15
APP-001526,63,46-60,male,arab_expat,salaried,193,3000.0,1051.04,2269.61,19160.93,2,3,1,2337.72,0,True,9000.0
APP-001527,31,26-35,female,arab_expat,salaried,59,8871.54,1215.69,5321.94,12346.7,27,1,0,17092.9,0,True,20000.0
APP-001528,38,36-45,female,arab_expat,salaried,56,11943.54,2321.87,3725.94,38178.83,14,1,0,5086.55,0,True,20000.0
APP-001529,49,46-60,male,western,salaried,117,18850.54,1986.36,9086.83,38408.31,20,2,0,14892.06,0,True,20000.0
APP-001530,63,46-60,male,south_asian,salaried,199,5030.31,694.04,1815.51,14401.68,14,4,3,11826.25,1,True,15090.93
APP-001531,34,26-35,female,south_asian,salaried,65,4035.61,228.34,1990.99,2496.08,9,3,3,7551.98,1,True,12106.83
APP-001532,43,36-45,female,emirati,salaried,91,6689.77,716.43,3701.31,12655.48,40,1,0,2245.34,0,True,20000.0
APP-001533,35,26-35,female,south_asian,self_employed,54,11280.82,4127.32,8185.51,52753.24,45,5,0,3467.66,0,True,20000.0
APP-001534,27,26-35,female,other,salaried,1,15090.3,2525.19,10585.25,54840.48,25,4,0,15829.02,0,True,20000.0
APP-001535,21,18-25,female,south_asian,salaried,0,7299.3,2837.1,5499.6,31192.18,5,1,0,14016.88,0,True,20000.0
APP-001536,34,26-35,female,arab_expat,freelancer,58,10956.01,995.79,3372.24,22504.03,38,4,0,13384.95,1,True,20000.0
APP-001537,39,36-45,female,south_asian,self_employed,72,3000.0,690.53,2012.82,21338.05,40,5,0,7680.3,0,True,9000.0
APP-001538,26,26-35,male,south_asian,salaried,31,4183.27,671.14,1640.1,13014.3,5,3,0,7137.07,0,True,12549.810000000001
APP-001539,28,26-35,male,western,salaried,23,5305.78,1372.59,3244.38,39925.54,16,3,0,11872.86,0,True,15917.34
APP-001540,33,26-35,male,south_asian,unemployed,0,3678.311719339527,274.4,2742.23,9723.16,38,2,0,8652.65,0,True,11034.935158018581
APP-001541,52,46-60,male,south_asian,salaried,130,6604.38,1700.55,5013.73,38154.7,15,2,0,18858.79,0,True,19813.14
APP-001542,48,46-60,male,emirati,salaried,138,11131.71,2813.44,4011.99,111596.12,5,2,0,5527.0,0,True,20000.0
APP-001543,42,36-45,female,emirati,salaried,83,3000.0,308.87,2277.47,5061.32,35,5,0,5146.27,0,True,9000.0
APP-001544,59,46-60,female,other,salaried,158,10274.51,2343.05,5490.47,62829.56,5,1,0,3865.35,0,True,20000.0
APP-001545,24,18-25,male,arab_expat,salaried,6,6467.19,1084.85,2003.3,28460.26,17,5,0,10882.89,0,True,19401.57
APP-001546,31,26-35,female,southeast_asian,salaried,52,18058.41,981.96,7123.25,39072.9,22,5,0,19685.17,0,True,20000.0
APP-001547,46,46-60,male,south_asian,salaried,130,13144.35,2516.41,5420.71,27925.94,38,5,3,5074.28,1,True,20000.0
APP-001548,50,46-60,male,south_asian,salaried,116,11510.66,1733.71,8422.82,59574.13,18,3,0,9682.38,0,True,20000.0
APP-001549,41,36-45,female,emirati,salaried,94,7808.66,3027.8,2859.44,43827.29,8,1,0,19838.06,0,True,20000.0
APP-001550,32,26-35,male,south_asian,salaried,34,5108.91,339.68,1632.86,7280.33,16,3,0,2674.16,0,True,15326.73
APP-001551,27,26-35,male,south_asian,salaried,31,7274.35,2841.04,3485.0,99858.29,10,5,0,8459.8,0,True,20000.0
APP-001552,31,26-35,male,south_asian,salaried,49,6830.69,715.19,2526.72,24027.3,41,1,0,3945.92,0,True,20000.0
APP-001553,39,36-45,female,south_asian,salaried,88,22690.04,6067.26,17421.48,66866.55,35,0,0,4226.2,0,True,20000.0
APP-001554,30,26-35,female,southeast_asian,salaried,41,5569.39,709.06,2420.96,11751.69,4,4,0,10901.07,0,True,16708.170000000002
APP-001555,41,36-45,female,southeast_asian,salaried,106,7189.0,982.96,5147.32,14078.33,17,5,0,15935.23,0,True,20000.0
APP-001556,47,46-60,male,south_asian,salaried,111,10734.55,2132.24,5166.86,34383.11,34,1,0,11343.81,0,True,20000.0
APP-001557,58,46-60,female,emirati,salaried,160,10784.79,915.05,6371.95,27658.1,46,2,0,13778.24,0,True,20000.0
APP-001558,64,46-60,male,south_asian,salaried,177,10910.66,2814.27,3783.93,53289.01,27,5,0,5308.96,0,True,20000.0
APP-001559,53,46-60,male,arab_expat,salaried,147,8233.76,591.96,6206.38,13764.84,9,5,0,4943.12,0,True,20000.0
APP-001560,56,46-60,male,south_asian,salaried,178,4027.92,324.45,1607.92,7818.57,24,1,1,9052.65,0,True,12083.76
APP-001561,23,18-25,male,south_asian,self_employed,0,8132.06,2108.64,5801.53,31841.21,35,2,0,9314.34,0,True,20000.0
APP-001562,54,46-60,male,other,salaried,136,11473.91,210.83,7614.41,6838.0,9,5,0,6536.06,0,True,20000.0
APP-001563,46,46-60,female,south_asian,salaried,108,8750.08,1874.9,2880.0,64651.65,32,4,0,2386.19,0,True,20000.0
APP-001564,44,36-45,male,western,salaried,96,12930.24,2239.59,6693.53,61005.2,14,3,0,13928.99,0,True,20000.0
APP-001565,32,26-35,male,arab_expat,self_employed,47,15975.39,2334.22,7546.54,92484.09,26,3,0,17931.62,0,True,20000.0
APP-001566,65,46-60,male,emirati,salaried,206,20695.12,4940.7,6628.41,72787.77,15,1,0,10474.33,0,True,20000.0
APP-001567,54,46-60,male,arab_expat,salaried,140,12812.48,1724.43,6442.76,34314.95,47,1,0,13877.57,0,True,20000.0
APP-001568,42,36-45,male,south_asian,salaried,111,5768.61,799.05,3106.22,14212.47,13,3,0,10295.09,0,True,17305.829999999998
APP-001569,60,46-60,female,emirati,salaried,192,37548.42,6357.71,24597.23,199178.86,33,5,0,12957.19,0,True,20000.0
APP-001570,20,18-25,female,south_asian,salaried,0,3000.0,491.73,1235.14,9546.38,35,0,2,7175.94,0,True,9000.0
APP-001571,48,46-60,male,south_asian,salaried,126,5317.9,800.79,3583.4,23721.22,4,2,0,12410.56,0,True,15953.699999999999
APP-001572,25,18-25,male,south_asian,self_employed,0,4355.59,909.22,2561.93,23610.3,3,3,0,6688.57,0,True,13066.77
APP-001573,48,46-60,male,emirati,salaried,140,7320.18,2134.51,5056.1,81266.93,17,3,0,14188.9,0,True,20000.0
APP-001574,56,46-60,male,south_asian,salaried,164,12259.68,3266.93,8947.14,111895.81,1,0,0,16623.45,0,True,20000.0
APP-001575,48,46-60,female,emirati,freelancer,110,8762.53,1537.49,5654.05,56716.3,47,3,0,14942.8,0,True,20000.0
APP-001576,64,46-60,male,south_asian,salaried,170,7298.83,1335.73,3764.82,46675.58,3,0,0,13510.9,0,True,20000.0
APP-001577,26,26-35,female,southeast_asian,self_employed,30,9355.78,379.2,6403.97,10399.28,43,0,0,3437.55,0,True,20000.0
APP-001578,25,18-25,female,arab_expat,salaried,0,8207.19,232.44,5592.42,8322.59,2,2,0,7203.71,0,True,20000.0
APP-001579,23,18-25,male,arab_expat,self_employed,5,3000.0,580.48,1937.69,14504.39,4,0,0,5190.39,0,True,9000.0
APP-001580,33,26-35,male,south_asian,salaried,42,22244.03,2811.75,8138.01,107802.32,12,3,0,11371.29,0,True,20000.0
APP-001581,61,46-60,male,south_asian,self_employed,184,4459.8,410.84,1985.4,8534.22,44,5,0,6052.03,0,True,13379.400000000001
APP-001582,38,36-45,female,southeast_asian,salaried,73,7163.69,2509.23,5217.6,46598.24,6,5,0,9653.56,0,True,20000.0
APP-001583,36,36-45,female,south_asian,salaried,65,4820.71,1174.42,1776.69,37082.09,19,0,0,4806.5,0,True,14462.130000000001
APP-001584,51,46-60,male,arab_expat,salaried,113,10343.86,949.65,7352.0,17910.94,7,2,0,10196.19,0,True,20000.0
APP-001585,26,26-35,male,southeast_asian,salaried,23,5652.53,131.7,3446.07,3688.4,42,3,0,6457.08,0,True,16957.59
APP-001586,21,18-25,male,south_asian,salaried,21,3059.88,354.07,943.45,10048.01,39,1,0,1796.86,0,True,9179.64
APP-001587,27,26-35,male,southeast_asian,salaried,4,22682.27,9608.61,16040.74,358047.58,30,0,0,1103.89,0,True,20000.0
APP-001588,52,46-60,female,south_asian,salaried,136,6803.27,1124.15,4613.72,14501.61,5,4,1,4731.71,0,True,20000.0
APP-001589,57,46-60,female,arab_expat,freelancer,153,21695.04,1744.61,14696.44,40224.73,10,2,0,9732.69,0,True,20000.0
APP-001590,36,36-45,female,western,self_employed,49,7905.16,1082.24,4847.71,21035.52,14,1,2,4450.68,0,True,20000.0
APP-001591,25,18-25,male,south_asian,salaried,7,4395.52,647.81,1667.74,25659.98,21,3,0,12109.24,0,True,13186.560000000001
APP-001592,63,46-60,male,south_asian,salaried,186,12629.26,1511.02,5099.74,46116.98,39,5,0,11331.18,0,True,20000.0
APP-001593,56,46-60,male,south_asian,self_employed,167,9959.05,2781.46,6997.57,34625.24,44,2,3,7948.05,1,True,20000.0
APP-001594,37,36-45,male,south_asian,salaried,73,10347.52,2375.27,3956.0,54545.89,29,0,1,15053.08,0,True,20000.0
APP-001595,58,46-60,male,south_asian,salaried,153,9022.92,2803.61,4992.33,98507.88,22,3,3,19921.52,1,True,20000.0
APP-001596,26,26-35,male,southeast_asian,salaried,12,3668.32,789.62,2847.68,12886.35,5,1,3,3877.27,1,True,11004.960000000001
APP-001597,53,46-60,male,western,salaried,131,17975.64,3461.35,7692.12,82280.71,10,3,0,19961.33,0,True,20000.0
APP-001598,40,36-45,male,emirati,freelancer,72,12238.96,2468.49,8926.59,61967.39,41,4,0,11334.14,0,True,20000.0
APP-001599,34,26-35,female,south_asian,salaried,61,3000.0,687.33,2040.74,25433.97,19,3,2,5116.18,0,True,9000.0
APP-001600,32,26-35,male,south_asian,salaried,44,7017.97,2137.86,4413.68,84324.48,38,2,2,4035.65,1,True,20000.0
APP-001601,19,18-25,female,arab_expat,salaried,0,11028.08,1997.1,8545.06,25653.6,33,5,0,7317.45,0,True,20000.0
APP-001602,41,36-45,female,arab_expat,self_employed,87,6193.32,932.94,4220.94,20807.73,43,3,0,9477.51,0,True,18579.96
APP-001603,49,46-60,male,south_asian,salaried,114,6090.64,390.18,4867.7,4755.99,16,4,3,12093.64,1,True,18271.920000000002
APP-001604,37,36-45,male,arab_expat,self_employed,77,12167.37,1169.3,9533.24,22490.94,8,1,0,5396.73,0,True,20000.0
APP-001605,57,46-60,male,emirati,unemployed,0,4592.020289438715,579.9,3258.66,20122.2,39,5,0,4640.35,0,True,13776.060868316144
APP-001606,58,46-60,female,southeast_asian,salaried,201,10108.99,2149.98,5317.79,84567.85,28,3,1,15352.67,1,True,20000.0
APP-001607,47,46-60,male,south_asian,salaried,133,6445.7,790.22,4882.64,18426.3,9,3,0,2733.04,0,True,19337.1
APP-001608,61,46-60,male,southeast_asian,salaried,204,51135.39,597.87,28338.88,18316.22,41,5,0,15209.33,0,True,20000.0
APP-001609,20,18-25,female,south_asian,salaried,0,6964.78,767.33,5278.63,30528.82,19,2,0,1495.68,0,True,20000.0
APP-001610,42,36-45,male,south_asian,self_employed,82,9870.07,1806.32,5154.4,58240.27,18,2,0,12843.76,0,True,20000.0
APP-001611,46,46-60,female,south_asian,self_employed,118,24381.64,10285.98,12711.17,155211.24,31,4,0,13744.91,0,True,20000.0
APP-001612,65,46-60,male,south_asian,self_employed,200,14024.18,1948.74,4258.38,32908.69,10,5,0,18535.8,0,True,20000.0
APP-001613,55,46-60,male,arab_expat,salaried,148,29542.53,5271.25,15636.83,61467.4,38,2,1,14573.36,0,True,20000.0
APP-001614,42,36-45,male,arab_expat,salaried,101,4545.95,389.52,1823.13,7299.82,18,2,0,4000.95,0,True,13637.849999999999
APP-001615,43,36-45,female,arab_expat,salaried,118,13586.77,4418.13,5072.19,51297.02,45,4,0,16406.47,0,True,20000.0
APP-001616,21,18-25,female,emirati,salaried,0,9026.07,2164.2,5379.08,51604.3,27,3,0,4328.09,0,True,20000.0
APP-001617,33,26-35,female,emirati,salaried,52,6920.85,739.58,3257.62,28381.47,43,5,0,13005.88,0,True,20000.0
APP-001618,29,26-35,male,south_asian,salaried,30,6143.17,872.11,3506.99,33375.64,45,4,0,16332.59,0,True,18429.510000000002
APP-001619,43,36-45,female,arab_expat,salaried,110,4309.72,668.92,3261.11,16687.47,44,3,3,6777.03,1,True,12929.16
APP-001620,18,18-25,male,emirati,salaried,3,9556.41,309.44,5436.84,9086.59,21,5,0,19395.21,0,True,20000.0
APP-001621,18,18-25,male,south_asian,self_employed,0,19631.29,3665.45,6456.3,37742.14,5,3,0,16473.77,0,True,20000.0
APP-001622,33,26-35,female,arab_expat,self_employed,52,3476.32,613.57,1496.72,11053.18,1,4,0,9445.99,0,True,10428.960000000001
APP-001623,65,46-60,male,emirati,unemployed,0,3878.9999310850667,997.75,1268.6,32223.85,7,5,1,7260.73,1,True,11636.9997932552
APP-001624,56,46-60,female,south_asian,salaried,179,10777.88,1493.56,6516.62,24569.14,26,2,2,2996.45,0,True,20000.0
APP-001625,23,18-25,female,south_asian,salaried,5,5067.71,746.71,3826.24,8719.69,46,2,0,10921.82,0,True,15203.130000000001
APP-001626,31,26-35,female,south_asian,self_employed,30,10775.6,1726.66,3688.73,25389.54,6,5,0,10546.79,0,True,20000.0
APP-001627,26,26-35,male,south_asian,salaried,0,6518.93,712.11,4509.28,21250.43,3,2,0,5143.73,0,True,19556.79
APP-001628,50,46-60,male,south_asian,salaried,139,3848.27,486.68,2221.23,13411.01,5,5,0,8641.07,0,True,11544.81
APP-001629,50,46-60,male,southeast_asian,salaried,133,22498.69,2125.25,16434.65,53660.66,3,0,0,14380.21,0,True,20000.0
APP-001630,60,46-60,male,south_asian,salaried,160,4849.27,321.02,2701.81,4639.23,13,4,0,3988.34,0,True,14547.810000000001
APP-001631,56,46-60,male,emirati,salaried,157,28926.82,3057.84,15357.9,54902.14,34,0,0,3085.15,0,True,20000.0
APP-001632,61,46-60,male,arab_expat,salaried,180,8801.54,2571.41,3800.1,82354.87,0,2,1,18269.7,0,True,20000.0
APP-001633,27,26-35,male,southeast_asian,salaried,25,5691.48,491.12,4350.82,16979.84,2,2,0,6075.48,0,True,17074.44
APP-001634,33,26-35,female,south_asian,salaried,41,14700.62,3648.59,11540.64,108512.04,33,3,0,1552.39,0,True,20000.0
APP-001635,57,46-60,male,emirati,unemployed,0,3508.2262102672867,372.6,1879.62,7314.81,7,5,0,5079.19,0,True,10524.67863080186
APP-001636,32,26-35,male,south_asian,self_employed,50,8738.83,928.06,5008.76,27272.8,1,0,2,15906.08,0,True,20000.0
APP-001637,53,46-60,male,emirati,salaried,152,6473.12,163.11,4232.17,6232.91,20,3,0,3998.96,0,True,19419.36
APP-001638,18,18-25,female,western,salaried,0,4643.61,781.5,3187.66,17949.73,11,2,0,11303.55,0,True,13930.829999999998
APP-001639,65,46-60,male,south_asian,salaried,214,12825.36,1134.02,5609.9,12360.34,22,4,0,13842.37,0,True,20000.0
APP-001640,28,26-35,female,southeast_asian,salaried,29,11193.51,2699.5,4883.87,72871.25,14,4,0,2222.09,0,True,20000.0
APP-001641,34,26-35,male,southeast_asian,unemployed,0,3000.0,692.95,915.36,10101.75,18,4,0,7698.57,0,True,9000.0
APP-001642,54,46-60,female,south_asian,freelancer,144,3000.0,573.96,1740.28,8104.96,43,1,0,2458.43,0,True,9000.0
APP-001643,63,46-60,male,south_asian,unemployed,0,3544.043423541048,354.41,1642.28,8875.59,2,2,0,3821.9,0,True,10632.130270623144
APP-001644,42,36-45,female,western,salaried,98,19402.77,4090.53,11269.35,41166.56,42,2,3,3069.41,0,True,20000.0
APP-001645,43,36-45,male,south_asian,salaried,82,3000.0,464.17,1279.79,5230.88,14,0,0,4835.86,0,True,9000.0
APP-001646,46,46-60,male,southeast_asian,self_employed,121,3840.37,625.72,2696.84,13931.93,30,1,3,4021.29,1,True,11521.11
APP-001647,52,46-60,male,south_asian,salaried,147,13737.84,1805.79,9988.84,54441.94,33,0,0,3012.71,0,True,20000.0
APP-001648,31,26-35,male,emirati,salaried,64,9218.59,2177.18,4881.83,76544.82,37,2,0,15449.13,0,True,20000.0
APP-001649,41,36-45,male,emirati,self_employed,72,5414.72,417.39,4277.93,14462.12,2,0,0,8043.58,0,True,16244.16
APP-001650,65,46-60,female,south_asian,salaried,220,4536.98,639.22,2404.38,11809.9,21,1,1,1584.07,0,True,13610.939999999999
APP-001651,26,26-35,male,south_asian,salaried,8,5809.65,292.54,2729.82,3119.97,36,2,0,6116.3,0,True,17428.949999999997
APP-001652,27,26-35,male,western,self_employed,18,3221.44,1453.77,1480.58,56272.49,37,1,3,1336.79,1,True,9664.32
APP-001653,42,36-45,male,southeast_asian,salaried,99,11841.92,3921.4,5445.34,48848.96,41,2,0,1593.27,0,True,20000.0
APP-001654,46,46-60,male,south_asian,self_employed,112,5426.52,1221.72,4148.18,24345.86,5,0,1,5306.25,0,True,16279.560000000001
APP-001655,59,46-60,female,south_asian,salaried,156,3000.0,310.62,2370.78,4998.65,11,2,0,7064.09,0,True,9000.0
APP-001656,62,46-60,male,south_asian,self_employed,214,12308.99,1681.22,8531.91,17353.08,46,2,0,2670.72,0,True,20000.0
APP-001657,29,26-35,male,southeast_asian,salaried,16,25900.49,5169.34,14751.32,110729.68,5,3,0,7812.03,0,True,20000.0
APP-001658,40,36-45,male,south_asian,salaried,106,3000.0,444.33,1183.81,14007.16,3,4,2,2943.94,0,True,9000.0
APP-001659,49,46-60,male,southeast_asian,self_employed,128,6108.7,819.87,4823.18,16415.0,9,2,0,12335.58,0,True,18326.1
APP-001660,42,36-45,female,emirati,salaried,96,9055.11,1068.91,5346.89,36945.03,19,1,0,16688.8,0,True,20000.0
APP-001661,60,46-60,male,arab_expat,freelancer,191,9860.38,2049.02,3199.49,74114.53,47,3,0,13502.05,0,True,20000.0
APP-001662,51,46-60,male,western,self_employed,131,14719.6,3115.03,5403.06,67194.05,6,0,2,8822.65,0,True,20000.0
APP-001663,59,46-60,female,southeast_asian,salaried,149,9135.65,3081.69,3504.61,34230.07,41,0,0,7683.7,0,True,20000.0
APP-001664,33,26-35,female,arab_expat,salaried,51,5027.07,1886.27,1774.16,45287.96,12,5,0,9816.84,0,True,15081.21
APP-001665,30,26-35,male,south_asian,salaried,53,4155.93,722.9,2607.03,13884.63,25,2,0,7425.63,0,True,12467.79
APP-001666,48,46-60,female,south_asian,salaried,129,3042.7,931.19,1803.21,14595.91,17,5,3,1158.34,1,True,9128.099999999999
APP-001667,53,46-60,male,south_asian,salaried,143,25559.96,4982.16,13080.64,75479.41,6,5,0,11202.78,0,True,20000.0
APP-001668,49,46-60,male,south_asian,salaried,118,20486.61,2494.48,7838.2,34488.78,27,0,0,9471.76,0,True,20000.0
APP-001669,45,36-45,male,western,self_employed,101,52315.9,6116.12,40948.6,188264.55,23,3,0,11469.61,0,True,20000.0
APP-001670,47,46-60,male,emirati,salaried,116,7913.08,2325.63,3765.51,83051.65,6,3,3,5797.64,1,True,20000.0
APP-001671,20,18-25,female,south_asian,salaried,8,4993.22,437.35,3472.76,17185.41,38,4,0,739.97,0,True,14979.66
APP-001672,54,46-60,female,south_asian,freelancer,147,4142.45,966.31,2985.66,14018.85,44,0,3,10038.26,1,True,12427.349999999999
APP-001673,50,46-60,male,southeast_asian,salaried,147,12126.82,3501.08,3865.93,54825.39,21,3,1,17477.66,0,True,20000.0
APP-001674,44,36-45,male,western,salaried,97,7344.84,1592.53,2732.6,27867.3,13,3,0,2125.52,0,True,20000.0
APP-001675,46,46-60,male,south_asian,salaried,112,8178.01,1336.84,4786.92,47587.48,3,3,0,15588.92,0,True,20000.0
APP-001676,24,18-25,male,south_asian,salaried,0,4017.38,529.65,3023.97,10658.17,12,0,0,11523.85,0,True,12052.14
APP-001677,39,36-45,male,south_asian,salaried,71,9325.0,639.04,6897.09,16971.47,21,4,0,7777.6,0,True,20000.0
APP-001678,48,46-60,male,south_asian,salaried,134,9453.53,2471.33,4174.4,67004.84,43,2,0,6158.77,0,True,20000.0
APP-001679,36,36-45,male,emirati,self_employed,85,6302.24,330.49,2375.43,12285.29,39,5,2,6058.29,0,True,18906.72
APP-001680,20,18-25,male,southeast_asian,salaried,0,10353.11,2497.76,5504.5,95376.64,28,1,0,9412.71,0,True,20000.0
APP-001681,60,46-60,male,southeast_asian,salaried,156,16877.76,2598.54,12594.44,33654.26,2,2,0,4745.7,0,True,20000.0
APP-001682,40,36-45,male,western,self_employed,93,7863.91,299.45,3910.47,11462.97,22,0,0,19981.9,0,True,20000.0
APP-001683,28,26-35,male,south_asian,salaried,39,4636.65,473.4,1459.71,15708.71,29,5,0,13814.14,0,True,13909.949999999999
APP-001684,60,46-60,female,arab_expat,salaried,175,10471.3,659.94,7554.19,7624.14,11,1,0,17708.16,0,True,20000.0
APP-001685,41,36-45,female,emirati,salaried,96,11651.8,1653.25,7835.49,49585.59,25,5,0,3968.7,0,True,20000.0
APP-001686,45,36-45,female,other,salaried,111,10539.3,3147.09,6200.05,117182.12,31,5,0,15652.79,0,True,20000.0
APP-001687,47,46-60,male,south_asian,salaried,134,15327.13,1362.93,5140.54,16926.65,20,4,0,13652.01,0,True,20000.0
APP-001688,59,46-60,male,south_asian,salaried,175,8250.06,887.1,5191.86,25089.54,38,3,0,7256.81,0,True,20000.0
APP-001689,42,36-45,male,southeast_asian,salaried,97,15691.86,3069.88,6887.97,46476.29,43,4,0,2466.02,0,True,20000.0
APP-001690,30,26-35,female,arab_expat,salaried,35,6238.32,654.59,1952.31,14611.52,14,0,0,18301.97,0,True,18714.96
APP-001691,45,36-45,male,arab_expat,salaried,133,11180.07,2458.48,8195.96,60493.19,24,3,0,19176.87,0,True,20000.0
APP-001692,63,46-60,male,other,salaried,201,4616.38,429.45,2894.1,11640.71,11,2,0,10401.37,0,True,13849.14
APP-001693,65,46-60,male,south_asian,self_employed,212,6081.26,1769.42,4382.35,28620.96,47,0,0,18178.33,0,True,18243.78
APP-001694,50,46-60,male,other,salaried,115,21048.66,5300.76,11919.3,134018.8,0,5,0,11169.26,0,True,20000.0
APP-001695,41,36-45,female,southeast_asian,freelancer,100,4083.61,133.14,2134.94,4496.97,9,0,0,7627.85,0,True,12250.83
APP-001696,48,46-60,female,arab_expat,salaried,126,6604.85,1519.9,2326.47,33955.71,3,0,0,6182.9,0,True,19814.550000000003
APP-001697,43,36-45,male,emirati,salaried,103,7584.17,236.79,4538.35,4906.34,36,5,0,13310.26,0,True,20000.0
APP-001698,49,46-60,male,arab_expat,salaried,134,12819.84,4614.67,6653.2,97517.02,3,4,0,13297.49,0,True,20000.0
APP-001699,26,26-35,female,southeast_asian,salaried,27,7164.96,589.58,3443.64,16277.04,15,5,0,18623.16,0,True,20000.0
APP-001700,23,18-25,male,arab_expat,self_employed,5,9718.28,1416.63,6452.52,15868.39,30,0,0,9946.97,0,True,20000.0
APP-001701,38,36-45,male,southeast_asian,freelancer,104,9758.77,1595.46,4419.1,25106.8,11,1,0,13648.31,1,True,20000.0
APP-001702,38,36-45,male,western,salaried,71,11532.1,416.65,4596.81,11152.75,13,0,0,7254.12,0,True,20000.0
APP-001703,61,46-60,male,southeast_asian,self_employed,182,4540.24,866.83,3558.84,31410.3,25,4,0,2661.54,0,True,13620.72
APP-001704,63,46-60,female,south_asian,freelancer,218,13272.45,698.26,9024.03,8408.12,5,1,0,2560.18,0,True,20000.0
APP-001705,46,46-60,male,south_asian,salaried,122,11259.52,1669.56,4917.15,64775.37,6,2,0,18970.73,0,True,20000.0
APP-001706,49,46-60,male,south_asian,salaried,123,7101.61,738.81,3143.41,13899.03,37,0,0,3124.77,0,True,20000.0
APP-001707,42,36-45,female,arab_expat,salaried,85,22268.17,2814.87,12396.98,36686.27,22,4,0,14943.38,0,True,20000.0
APP-001708,55,46-60,male,south_asian,self_employed,165,5247.64,497.99,2692.05,19584.9,11,1,2,14558.95,1,True,15742.920000000002
APP-001709,62,46-60,male,south_asian,salaried,201,21814.31,4502.64,11564.79,71746.48,40,2,0,16218.27,0,True,20000.0
APP-001710,48,46-60,male,other,self_employed,126,8794.72,3478.47,4118.38,46182.33,3,4,0,18069.1,0,True,20000.0
APP-001711,58,46-60,male,south_asian,salaried,172,9223.18,480.85,4193.28,7173.56,41,3,0,18951.52,0,True,20000.0
APP-001712,65,46-60,female,arab_expat,salaried,201,9639.14,1713.13,5643.12,48538.61,12,1,0,14184.64,0,True,20000.0
APP-001713,52,46-60,male,arab_expat,salaried,124,24329.15,1438.63,8028.94,18981.27,40,4,0,13309.72,0,True,20000.0
APP-001714,20,18-25,male,south_asian,salaried,0,12864.33,2413.54,9493.2,36545.45,24,2,2,6664.97,0,True,20000.0
APP-001715,49,46-60,female,south_asian,salaried,142,7905.5,1071.57,3086.44,33339.03,22,3,0,6062.85,0,True,20000.0
APP-001716,35,26-35,male,south_asian,salaried,74,5052.68,368.39,3542.75,9174.82,28,4,0,10050.99,0,True,15158.04
APP-001717,36,36-45,female,south_asian,salaried,68,3733.37,619.03,2190.56,24605.99,41,1,3,8452.03,1,True,11200.11
APP-001718,47,46-60,male,south_asian,salaried,131,8180.28,2405.6,5108.93,40736.85,32,5,0,6294.37,0,True,20000.0
APP-001719,61,46-60,male,south_asian,salaried,213,7650.91,653.07,4205.61,24365.92,27,5,0,18565.89,0,True,20000.0
APP-001720,37,36-45,male,arab_expat,salaried,55,3000.0,483.89,2194.75,16467.07,21,0,0,1628.14,0,True,9000.0
APP-001721,27,26-35,female,south_asian,salaried,31,4679.49,344.85,2037.04,3763.0,31,0,0,12996.22,0,True,14038.47
APP-001722,39,36-45,female,emirati,salaried,71,24163.1,8099.94,10776.18,235650.97,28,1,0,18675.17,0,True,20000.0
APP-001723,63,46-60,female,south_asian,freelancer,184,6277.47,836.94,4456.75,33346.52,21,5,0,13615.95,0,True,18832.41
APP-001724,51,46-60,female,southeast_asian,self_employed,134,4688.65,1360.25,2878.91,23860.73,47,4,0,12400.17,0,True,14065.949999999999
APP-001725,60,46-60,female,other,freelancer,168,10249.97,269.92,3410.64,6368.84,1,4,0,1508.92,0,True,20000.0
APP-001726,57,46-60,male,south_asian,salaried,172,6542.74,434.26,4201.63,10255.51,43,2,0,16366.03,0,True,19628.22
APP-001727,62,46-60,male,south_asian,salaried,208,8139.34,2460.33,5506.97,63165.04,40,2,0,5283.56,0,True,20000.0
APP-001728,59,46-60,female,southeast_asian,self_employed,183,10865.02,1510.46,4333.52,24013.84,39,4,0,1605.4,0,True,20000.0
APP-001729,45,36-45,female,western,salaried,120,12525.14,1720.24,5891.04,45132.72,45,0,0,11713.29,0,True,20000.0
APP-001730,24,18-25,male,emirati,salaried,15,5212.56,640.56,4053.9,8411.53,43,2,0,2533.5,0,True,15637.68
APP-001731,37,36-45,female,western,salaried,69,5976.91,1170.54,2649.37,26655.94,42,5,0,7082.88,0,True,17930.73
APP-001732,34,26-35,female,south_asian,self_employed,34,5472.14,1081.5,3099.69,25302.3,29,0,3,13408.95,1,True,16416.420000000002
APP-001733,45,36-45,male,south_asian,salaried,123,9388.34,1775.07,3062.41,69246.29,13,1,0,2635.54,0,True,20000.0
APP-001734,65,46-60,male,southeast_asian,salaried,233,7574.62,413.42,5309.05,14527.61,17,4,0,8926.14,0,True,20000.0
APP-001735,62,46-60,female,south_asian,salaried,212,11633.19,2361.31,3646.21,78898.11,21,4,0,7304.06,0,True,20000.0
APP-001736,55,46-60,male,south_asian,salaried,167,9770.15,17.61,3970.87,521.27,2,1,2,1926.91,1,False,20000.0
APP-001737,33,26-35,female,south_asian,salaried,63,3000.0,293.06,2198.61,9987.79,39,0,0,7310.78,0,True,9000.0
APP-001738,45,36-45,male,south_asian,freelancer,118,3704.31,1092.07,1921.95,32554.09,30,3,3,5365.3,1,True,11112.93
APP-001739,29,26-35,female,western,self_employed,27,45108.53,4787.77,25340.24,89598.8,25,3,0,5844.05,0,True,20000.0
APP-001740,49,46-60,male,western,salaried,129,19592.81,2202.36,6682.69,32663.19,9,1,0,11912.01,0,True,20000.0
APP-001741,51,46-60,female,arab_expat,salaried,130,3098.2,353.19,1473.36,8335.77,38,0,0,7778.66,0,True,9294.599999999999
APP-001742,35,26-35,male,other,salaried,61,5324.84,1228.11,2769.37,27043.16,44,5,0,12134.29,0,True,15974.52
APP-001743,43,36-45,female,arab_expat,salaried,82,7841.18,1486.68,3693.29,43444.98,28,2,0,6752.78,0,True,20000.0
APP-001744,29,26-35,male,south_asian,salaried,23,6980.01,1235.97,3056.8,18537.5,20,5,0,7555.4,0,True,20000.0
APP-001745,20,18-25,male,southeast_asian,salaried,0,4528.48,359.17,3532.42,5770.09,1,1,0,1647.86,0,True,13585.439999999999
APP-001746,33,26-35,male,emirati,salaried,75,3000.0,262.49,1430.46,6576.17,15,4,0,3658.01,0,True,9000.0
APP-001747,62,46-60,male,south_asian,salaried,186,7132.34,1425.98,4179.09,37626.21,31,3,0,2235.35,0,True,20000.0
APP-001748,33,26-35,male,other,freelancer,63,25104.86,1785.29,16451.1,57730.02,20,2,0,13239.86,0,True,20000.0
APP-001749,27,26-35,male,southeast_asian,freelancer,18,7369.94,965.98,5707.94,26813.03,18,5,0,6037.17,0,True,20000.0
APP-001750,45,36-45,male,south_asian,salaried,123,5547.4,2450.09,1675.11,72643.62,44,3,0,10293.76,0,True,16642.199999999997
APP-001751,21,18-25,female,other,salaried,0,9148.29,1243.85,4415.56,15245.8,1,2,0,14754.69,0,True,20000.0
APP-001752,42,36-45,male,south_asian,unemployed,0,3000.0,196.13,1253.73,3209.5,32,0,0,2947.57,0,True,9000.0
APP-001753,64,46-60,male,south_asian,salaried,172,8358.21,3043.34,3097.32,56278.88,14,2,2,7696.92,0,True,20000.0
APP-001754,65,46-60,male,arab_expat,salaried,208,44986.44,16569.24,13583.87,626916.78,9,0,0,734.48,0,True,20000.0
APP-001755,48,46-60,male,south_asian,salaried,116,17395.22,4246.93,8678.8,98219.31,21,3,0,7082.29,0,True,20000.0
APP-001756,37,36-45,male,emirati,salaried,93,7274.51,513.92,3150.79,12272.48,2,1,0,7242.04,0,True,20000.0
APP-001757,59,46-60,male,western,self_employed,179,25321.82,4020.6,9988.75,125224.31,39,0,0,12258.91,0,True,20000.0
APP-001758,56,46-60,female,south_asian,freelancer,161,18133.16,2176.2,13781.98,83714.17,38,0,0,2246.66,0,True,20000.0
APP-001759,61,46-60,male,south_asian,self_employed,180,11817.19,1484.07,5863.08,27756.62,10,1,0,11486.83,0,True,20000.0
APP-001760,44,36-45,male,south_asian,salaried,107,7602.37,2488.17,5500.99,62746.99,42,3,0,6732.35,0,True,20000.0
APP-001761,48,46-60,male,southeast_asian,salaried,113,8482.17,362.39,4562.75,8472.07,15,3,0,8557.16,0,True,20000.0
APP-001762,48,46-60,male,southeast_asian,freelancer,119,7050.62,867.27,4401.38,33965.89,32,4,0,16535.11,0,True,20000.0
APP-001763,22,18-25,male,arab_expat,salaried,0,8043.53,2221.35,3967.89,69104.13,27,4,0,15886.85,0,True,20000.0
APP-001764,18,18-25,male,western,freelancer,7,3926.63,345.71,1681.16,4905.68,0,1,1,4178.01,0,True,11779.89
APP-001765,64,46-60,male,south_asian,freelancer,186,3543.25,563.42,1442.11,8759.25,40,0,0,2735.43,0,True,10629.75
APP-001766,49,46-60,male,southeast_asian,salaried,150,5860.87,1022.57,3538.08,21554.16,4,5,0,16477.14,0,True,17582.61
APP-001767,54,46-60,male,south_asian,salaried,141,12188.81,1285.89,6111.92,39362.56,1,3,0,6558.73,0,True,20000.0
APP-001768,43,36-45,male,south_asian,salaried,97,9925.51,1189.86,6666.98,44218.36,0,2,0,4024.97,0,True,20000.0
APP-001769,58,46-60,male,southeast_asian,self_employed,161,16633.35,2643.47,7519.69,92091.26,19,4,0,12311.9,0,True,20000.0
APP-001770,28,26-35,male,emirati,salaried,21,10231.34,3259.47,7864.53,61760.0,34,3,1,19616.25,0,True,20000.0
APP-001771,50,46-60,male,south_asian,salaried,135,20947.1,5142.54,10758.89,160541.31,20,0,0,6344.07,0,True,20000.0
APP-001772,21,18-25,female,other,salaried,0,8959.47,920.04,5311.25,31405.59,30,1,0,10129.78,0,True,20000.0
APP-001773,33,26-35,male,southeast_asian,self_employed,67,3673.78,357.32,1770.42,5891.3,44,1,0,4655.7,0,True,11021.34
APP-001774,61,46-60,male,emirati,self_employed,180,5876.29,725.17,2049.89,24074.55,23,2,0,10354.16,0,True,17628.87
APP-001775,62,46-60,male,southeast_asian,salaried,182,13958.61,1451.83,9916.4,22103.99,14,2,0,5514.98,0,True,20000.0
APP-001776,31,26-35,female,south_asian,self_employed,63,3264.92,646.37,1075.11,20338.64,26,0,1,5454.47,1,True,9794.76
APP-001777,29,26-35,female,arab_expat,salaried,21,13344.09,2737.98,5195.66,44209.77,5,5,0,987.64,0,True,20000.0
APP-001778,56,46-60,female,south_asian,salaried,170,18148.59,2495.77,13329.64,91149.7,4,0,2,11497.99,0,True,20000.0
APP-001779,64,46-60,male,south_asian,freelancer,207,8374.86,908.86,4473.35,31701.12,25,5,0,12157.15,1,True,20000.0
APP-001780,29,26-35,male,south_asian,salaried,47,5918.95,108.23,3206.08,3702.29,45,1,0,899.6,0,False,17756.85
APP-001781,61,46-60,male,arab_expat,salaried,166,5294.01,993.68,2681.05,24525.66,2,3,0,7209.09,0,True,15882.03
APP-001782,57,46-60,male,arab_expat,salaried,162,13592.85,3446.49,6265.83,108690.53,0,3,0,9116.39,0,True,20000.0
APP-001783,47,46-60,male,other,salaried,117,11360.11,3708.79,3919.19,54628.64,39,2,1,17071.72,0,True,20000.0
APP-001784,52,46-60,male,western,salaried,139,7934.71,286.44,6153.22,9755.91,34,3,2,5794.57,0,True,20000.0
APP-001785,40,36-45,female,arab_expat,salaried,99,12017.92,459.21,5394.62,14025.28,45,4,0,10663.7,0,True,20000.0
APP-001786,54,46-60,male,south_asian,unemployed,0,4726.35695342574,937.49,2401.21,11378.13,41,1,0,5959.4,0,True,14179.070860277221
APP-001787,19,18-25,male,emirati,salaried,10,5821.02,1306.75,2218.28,31118.24,6,1,0,1506.23,0,True,17463.06
APP-001788,40,36-45,male,southeast_asian,salaried,84,7827.43,1701.78,3092.52,49111.02,16,3,0,12726.81,0,True,20000.0
APP-001789,28,26-35,female,south_asian,self_employed,16,5430.74,1532.28,3078.46,27576.46,32,1,0,4171.99,0,True,16292.22
APP-001790,64,46-60,female,arab_expat,salaried,197,11902.92,1964.35,5052.36,77001.12,41,1,0,17951.61,0,True,20000.0
APP-001791,42,36-45,male,emirati,salaried,87,11223.35,2898.54,4800.37,88901.28,16,3,0,3840.88,0,True,20000.0
APP-001792,51,46-60,male,south_asian,salaried,137,5864.69,885.33,1986.65,21261.78,12,4,0,17450.94,0,True,17594.07
APP-001793,39,36-45,male,south_asian,self_employed,94,8528.13,2263.4,4123.72,33594.74,5,3,0,10076.82,0,True,20000.0
APP-001794,57,46-60,male,south_asian,salaried,175,8444.46,1089.84,5158.6,28171.67,23,5,0,2805.98,0,True,20000.0
APP-001795,33,26-35,female,emirati,salaried,61,9981.0,875.49,3237.42,33912.82,39,4,0,6823.5,0,True,20000.0
APP-001796,30,26-35,female,emirati,salaried,46,13870.4,2515.39,8569.75,94647.8,30,0,0,14859.44,0,True,20000.0
APP-001797,55,46-60,male,arab_expat,salaried,169,6527.36,524.2,4555.45,13401.79,23,5,0,7861.06,0,True,19582.079999999998
APP-001798,18,18-25,male,arab_expat,salaried,13,6522.26,172.05,5161.86,2572.44,44,4,0,15547.55,0,True,19566.78
APP-001799,50,46-60,female,southeast_asian,salaried,141,18141.98,5933.16,9634.24,129644.8,18,4,0,15172.82,0,True,20000.0
APP-001800,46,46-60,male,south_asian,salaried,119,4552.48,990.22,3286.76,37153.74,3,2,0,2732.25,0,True,13657.439999999999
APP-001801,63,46-60,female,south_asian,salaried,203,10912.68,2224.66,6509.6,24163.02,15,3,0,13371.51,0,True,20000.0
APP-001802,56,46-60,male,arab_expat,salaried,161,6279.21,198.7,3564.98,3873.41,37,1,0,18383.6,0,True,18837.63
APP-001803,39,36-45,female,south_asian,salaried,89,7092.14,1219.86,3613.96,25271.58,32,3,2,6869.74,0,True,20000.0
APP-001804,23,18-25,female,emirati,salaried,1,10624.83,3259.07,5852.74,128668.17,29,1,0,7783.27,0,True,20000.0
APP-001805,39,36-45,male,south_asian,salaried,84,12857.8,4015.45,6187.95,133401.46,22,1,0,17264.42,0,True,20000.0
APP-001806,53,46-60,female,arab_expat,salaried,154,4054.35,784.48,2514.15,9781.47,23,2,0,10438.09,0,True,12163.05
APP-001807,48,46-60,male,southeast_asian,salaried,122,19689.02,3481.61,15116.94,99214.81,6,1,0,7118.67,0,True,20000.0
APP-001808,20,18-25,male,emirati,salaried,13,3490.94,591.51,1641.98,18463.97,9,4,0,4240.96,0,True,10472.82
APP-001809,33,26-35,male,southeast_asian,salaried,45,4015.91,160.05,1357.84,4131.9,23,3,0,2161.98,0,True,12047.73
APP-001810,29,26-35,female,western,unemployed,0,3000.0,416.56,1621.44,14218.63,38,0,0,2219.83,0,True,9000.0
APP-001811,65,46-60,female,south_asian,salaried,199,8796.9,1409.78,5616.75,40762.15,44,0,0,18256.58,0,True,20000.0
APP-001812,52,46-60,male,south_asian,freelancer,152,6143.25,804.21,3240.32,28629.35,16,3,0,6902.36,0,True,18429.75
APP-001813,37,36-45,male,western,salaried,83,22176.65,4000.43,7849.19,46067.58,18,1,0,7743.54,0,True,20000.0
APP-001814,33,26-35,female,south_asian,salaried,64,3292.65,436.14,1400.03,10015.93,38,3,2,3139.34,1,True,9877.95
APP-001815,24,18-25,male,other,salaried,3,7883.57,1522.61,5113.53,53380.22,27,1,3,5996.54,1,True,20000.0
APP-001816,45,36-45,male,arab_expat,freelancer,100,3000.0,737.34,2052.62,10930.51,26,4,3,5621.98,1,True,9000.0
APP-001817,23,18-25,male,western,salaried,14,7873.58,1351.08,3596.52,46605.49,31,2,0,8934.9,0,True,20000.0
APP-001818,38,36-45,male,arab_expat,salaried,75,11985.17,2200.04,4009.8,60803.99,36,4,0,15407.72,0,True,20000.0
APP-001819,25,18-25,female,south_asian,salaried,41,8231.89,619.11,5527.32,23047.98,33,0,0,6536.95,0,True,20000.0
APP-001820,22,18-25,male,western,salaried,0,17402.15,5846.89,5330.08,143949.37,29,5,0,8014.15,0,True,20000.0
APP-001821,35,26-35,male,south_asian,salaried,52,14092.74,4504.22,7043.64,137910.11,24,0,0,13761.08,0,True,20000.0
APP-001822,45,36-45,female,south_asian,freelancer,120,5825.72,857.36,2955.34,33928.23,42,0,0,7640.22,0,True,17477.16
APP-001823,65,46-60,male,south_asian,salaried,192,4486.62,429.37,2277.69,6713.8,6,2,0,7119.38,0,True,13459.86
APP-001824,41,36-45,male,south_asian,salaried,97,5344.12,514.37,2902.08,9837.42,23,4,0,15883.28,0,True,16032.36
APP-001825,65,46-60,male,southeast_asian,freelancer,213,12568.52,832.28,8369.22,18858.37,6,0,0,3115.79,0,True,20000.0
APP-001826,36,36-45,male,western,self_employed,76,19900.63,7490.52,7699.32,77617.71,9,3,0,13002.88,0,True,20000.0
APP-001827,40,36-45,male,south_asian,salaried,81,7217.8,308.29,2740.41,4962.6,10,1,0,10713.34,0,True,20000.0
APP-001828,63,46-60,male,arab_expat,unemployed,0,3000.0,707.82,1126.87,27576.85,40,4,2,7784.05,1,True,9000.0
APP-001829,61,46-60,female,southeast_asian,salaried,218,15392.28,1155.21,5410.19,34281.82,7,0,0,16005.79,0,True,20000.0
APP-001830,19,18-25,female,south_asian,salaried,0,5074.12,287.0,2997.57,5279.78,0,1,0,7733.62,0,True,15222.36
APP-001831,21,18-25,female,southeast_asian,salaried,2,5201.64,561.56,2082.92,17585.15,35,1,0,7270.23,0,True,15604.920000000002
APP-001832,62,46-60,male,south_asian,salaried,189,36183.08,3789.18,19106.14,45514.75,33,3,0,6038.76,0,True,20000.0
APP-001833,57,46-60,male,south_asian,salaried,154,10363.45,987.56,3491.64,13454.63,28,3,0,5730.81,0,True,20000.0
APP-001834,23,18-25,male,arab_expat,salaried,0,5875.31,1530.62,3688.26,45454.01,34,4,0,905.85,0,True,17625.93
APP-001835,26,26-35,male,south_asian,salaried,20,9326.31,1687.81,6163.9,28914.54,26,3,0,7128.76,0,True,20000.0
APP-001836,65,46-60,female,western,salaried,201,12824.08,2620.16,7465.67,77386.91,35,2,0,15257.46,0,True,20000.0
APP-001837,30,26-35,male,emirati,salaried,39,9373.17,1566.61,2972.88,40624.68,25,3,3,3227.17,1,True,20000.0
APP-001838,32,26-35,female,southeast_asian,salaried,20,9319.0,2374.0,3837.31,78888.84,24,3,0,9918.76,0,True,20000.0
APP-001839,47,46-60,male,southeast_asian,salaried,109,4193.44,1205.79,1329.25,21486.21,39,1,0,1416.83,0,True,12580.32
APP-001840,34,26-35,female,emirati,freelancer,67,6837.37,1589.07,4632.5,40560.26,24,4,1,6945.06,1,True,20000.0
APP-001841,24,18-25,male,southeast_asian,salaried,16,12577.34,1426.01,6201.29,49852.57,29,3,0,753.42,0,True,20000.0
APP-001842,19,18-25,male,southeast_asian,salaried,2,4422.28,275.69,2721.48,8781.81,13,3,0,3461.61,0,True,13266.84
APP-001843,54,46-60,male,emirati,salaried,158,19133.92,3608.1,14915.43,73982.59,6,5,0,5435.82,0,True,20000.0
APP-001844,63,46-60,male,southeast_asian,salaried,212,22140.98,360.28,15783.1,6991.38,21,4,0,11997.73,0,True,20000.0
APP-001845,64,46-60,female,arab_expat,salaried,183,8622.99,641.63,6878.36,7783.62,9,2,1,11501.41,0,True,20000.0
APP-001846,48,46-60,male,south_asian,salaried,116,5590.82,1677.22,3589.54,39299.75,0,3,0,4443.73,0,True,16772.46
APP-001847,28,26-35,female,south_asian,salaried,27,5146.75,2176.07,2699.67,76742.33,23,4,3,12186.79,1,True,15440.25
APP-001848,60,46-60,male,southeast_asian,self_employed,185,22139.11,3404.78,8697.35,103461.96,0,3,2,10031.66,0,True,20000.0
APP-001849,48,46-60,male,western,salaried,125,32127.27,7728.06,14164.98,272381.88,22,2,0,2347.52,0,True,20000.0
APP-001850,65,46-60,male,south_asian,salaried,212,3000.0,674.97,2184.1,9574.37,20,4,0,912.51,0,True,9000.0
APP-001851,25,18-25,female,south_asian,salaried,34,4631.11,1563.17,2129.77,35694.59,35,3,0,9192.4,0,True,13893.329999999998
APP-001852,21,18-25,female,arab_expat,self_employed,0,8888.81,760.13,4104.9,8981.68,36,2,0,8852.36,0,True,20000.0
APP-001853,33,26-35,female,south_asian,salaried,48,4632.79,1022.66,2222.73,18783.09,15,0,0,4744.5,0,True,13898.369999999999
APP-001854,39,36-45,female,arab_expat,freelancer,73,8406.25,807.66,5627.92,30077.19,22,3,3,15075.1,1,True,20000.0
APP-001855,42,36-45,female,southeast_asian,salaried,105,5216.26,2366.05,2463.49,94186.06,22,3,0,11029.37,0,True,15648.78
APP-001856,44,36-45,male,southeast_asian,self_employed,124,3000.0,1107.61,901.46,42278.71,47,3,1,6324.23,0,True,9000.0
APP-001857,34,26-35,female,emirati,salaried,55,3062.91,240.0,1284.95,4281.21,0,1,0,2451.99,0,True,9188.73
APP-001858,30,26-35,female,south_asian,salaried,27,3839.55,306.77,1881.96,7144.94,20,4,0,5311.69,0,True,11518.650000000001
APP-001859,26,26-35,male,south_asian,salaried,9,3116.49,452.55,2002.69,11637.57,41,4,1,5602.78,0,True,9349.47
APP-001860,41,36-45,male,south_asian,salaried,85,4931.79,526.96,3580.31,9909.69,2,3,2,14330.02,0,True,14795.369999999999
APP-001861,27,26-35,male,emirati,freelancer,20,10207.62,2588.96,3474.35,32903.47,38,1,0,13213.96,0,True,20000.0
APP-001862,32,26-35,female,southeast_asian,salaried,63,11149.04,1682.84,4145.64,30667.48,40,2,1,10901.73,0,True,20000.0
APP-001863,39,36-45,male,western,self_employed,76,13212.77,3994.14,4491.01,85792.1,47,3,0,14925.57,0,True,20000.0
APP-001864,21,18-25,male,south_asian,salaried,0,3731.33,576.09,2815.32,18188.12,42,1,0,3467.11,0,True,11193.99
APP-001865,19,18-25,male,southeast_asian,salaried,0,13274.59,4147.6,5161.82,126497.0,7,1,0,11658.59,0,True,20000.0
APP-001866,40,36-45,male,south_asian,self_employed,65,7521.66,1195.6,3173.7,35585.11,47,5,0,1093.41,0,True,20000.0
APP-001867,45,36-45,male,emirati,salaried,111,5694.96,1421.79,2435.93,48783.53,8,4,0,5354.51,0,True,17084.88
APP-001868,55,46-60,male,emirati,self_employed,140,11390.63,2557.35,5925.9,55684.46,0,1,0,8887.17,0,True,20000.0
APP-001869,39,36-45,female,arab_expat,self_employed,73,10972.2,366.51,3543.07,11973.88,23,4,0,3463.21,0,True,20000.0
APP-001870,33,26-35,male,south_asian,salaried,78,12731.41,1639.71,4802.03,52372.78,36,5,0,4226.01,0,True,20000.0
APP-001871,19,18-25,male,southeast_asian,self_employed,0,6002.41,933.73,1972.47,32583.64,44,4,0,12068.62,0,True,18007.23
APP-001872,39,36-45,male,arab_expat,salaried,87,7994.13,1985.77,5159.7,53695.23,33,3,2,17155.15,1,True,20000.0
APP-001873,18,18-25,male,southeast_asian,salaried,0,8484.47,1272.56,6556.92,29618.2,10,3,0,15466.0,0,True,20000.0
APP-001874,48,46-60,male,south_asian,salaried,117,8613.4,1211.0,5505.6,33385.95,13,2,0,5317.8,0,True,20000.0
APP-001875,41,36-45,male,emirati,salaried,92,17662.05,3912.24,13558.46,64594.42,35,3,0,9662.67,0,True,20000.0
APP-001876,22,18-25,male,south_asian,self_employed,0,4222.73,262.2,2862.73,4354.2,10,4,0,4854.95,0,True,12668.189999999999
APP-001877,56,46-60,male,arab_expat,self_employed,151,11170.64,592.64,4972.5,21306.76,4,2,0,12247.01,0,True,20000.0
APP-001878,64,46-60,male,other,salaried,183,31769.27,2425.52,22601.94,52587.16,41,4,0,9289.04,0,True,20000.0
APP-001879,57,46-60,male,arab_expat,salaried,173,4155.99,1200.89,2138.91,35034.54,42,0,0,9038.07,0,True,12467.97
APP-001880,28,26-35,female,western,salaried,32,11551.35,2655.07,5315.21,63397.27,11,1,0,1867.81,0,True,20000.0
APP-001881,20,18-25,male,arab_expat,salaried,0,4448.09,1235.93,3489.08,43542.43,28,0,2,10237.75,1,True,13344.27
APP-001882,57,46-60,male,south_asian,salaried,162,10450.38,1809.95,8357.11,60364.74,42,1,0,4924.74,0,True,20000.0
APP-001883,63,46-60,female,south_asian,self_employed,201,6715.19,1738.18,4816.84,30692.91,34,0,0,6455.8,0,True,20000.0
APP-001884,18,18-25,male,arab_expat,salaried,0,9239.77,1951.45,5829.02,38844.96,38,1,0,4519.58,0,True,20000.0
APP-001885,35,26-35,male,southeast_asian,salaried,69,15556.21,4070.0,10986.17,90500.37,39,2,0,9184.43,0,True,20000.0
APP-001886,41,36-45,male,arab_expat,self_employed,82,10873.09,1730.15,5956.09,23549.36,15,5,0,15473.09,0,True,20000.0
APP-001887,24,18-25,male,western,salaried,8,6905.51,521.08,3778.01,10715.32,23,0,0,19816.95,0,True,20000.0
APP-001888,46,46-60,male,southeast_asian,salaried,125,15225.75,2762.38,8058.37,74816.56,29,0,0,4607.85,0,True,20000.0
APP-001889,53,46-60,male,south_asian,salaried,142,7825.68,1854.37,6226.56,50506.76,15,2,0,5817.83,0,True,20000.0
APP-001890,48,46-60,male,south_asian,self_employed,114,13593.78,3148.07,8793.17,41633.17,34,5,0,13430.91,0,True,20000.0
APP-001891,29,26-35,male,emirati,salaried,26,7842.93,457.92,5145.8,9852.76,20,2,0,582.96,0,True,20000.0
APP-001892,32,26-35,female,south_asian,salaried,53,4594.23,1090.14,1546.6,28893.61,0,4,0,3684.66,0,True,13782.689999999999
APP-001893,51,46-60,male,south_asian,salaried,147,9201.82,1281.66,2899.37,13244.72,35,5,0,10205.66,0,True,20000.0
APP-001894,41,36-45,female,south_asian,freelancer,102,6246.32,1042.23,3706.19,36604.3,46,4,0,12461.12,0,True,18738.96
APP-001895,38,36-45,male,southeast_asian,self_employed,77,6247.54,619.42,4233.61,19105.15,17,4,0,16507.8,0,True,18742.62
APP-001896,34,26-35,male,south_asian,self_employed,67,10423.92,2023.56,6711.53,27034.67,45,3,0,8235.87,0,True,20000.0
APP-001897,61,46-60,male,south_asian,freelancer,191,6902.27,343.72,4741.1,3840.65,32,0,0,547.02,0,False,20000.0
APP-001898,35,26-35,male,emirati,salaried,46,8416.33,2665.81,3795.94,79923.09,44,5,0,14798.81,0,True,20000.0
APP-001899,25,18-25,female,western,salaried,0,4717.4,825.55,2849.37,8550.69,40,4,1,4155.66,0,True,14152.199999999999
APP-001900,30,26-35,male,southeast_asian,salaried,53,18274.42,1823.73,12886.74,50588.93,1,1,0,15668.92,0,True,20000.0
APP-001901,22,18-25,male,southeast_asian,salaried,0,5357.65,1446.85,2116.66,48208.71,2,2,0,13325.64,0,True,16072.949999999999
APP-001902,34,26-35,male,southeast_asian,salaried,64,11063.97,1383.67,8306.31,18817.22,20,2,0,17282.11,0,True,20000.0
APP-001903,50,46-60,male,south_asian,salaried,124,4644.89,880.39,2317.65,18093.15,25,1,0,9990.82,0,True,13934.670000000002
APP-001904,54,46-60,female,south_asian,self_employed,156,8302.42,2007.3,2982.94,64988.57,33,4,0,5285.3,0,True,20000.0
APP-001905,20,18-25,male,south_asian,salaried,20,9134.74,2302.83,4490.06,49342.08,9,2,0,12159.09,0,True,20000.0
APP-001906,27,26-35,female,south_asian,salaried,24,3854.85,797.18,2581.84,24801.49,47,2,0,5703.65,0,True,11564.55
APP-001907,53,46-60,female,arab_expat,salaried,166,22050.2,1122.43,12914.71,20230.33,10,2,0,5912.67,0,True,20000.0
APP-001908,59,46-60,male,south_asian,salaried,177,3431.54,785.17,1115.14,17852.03,30,5,2,6826.34,0,True,10294.619999999999
APP-001909,26,26-35,female,southeast_asian,salaried,16,3000.0,567.06,1418.69,9441.92,41,5,0,1710.97,0,True,9000.0
APP-001910,38,36-45,male,south_asian,salaried,80,14156.44,2332.73,9020.86,26679.54,47,5,0,10748.03,0,True,20000.0
APP-001911,40,36-45,male,emirati,freelancer,73,5350.33,1558.32,2957.39,29502.07,38,0,0,12875.81,0,True,16050.99
APP-001912,36,36-45,male,western,salaried,82,5600.18,1690.74,3702.47,29306.0,28,4,0,2632.15,0,True,16800.54
APP-001913,58,46-60,male,other,freelancer,170,8229.43,2135.43,4300.31,50327.12,31,0,0,15353.43,0,True,20000.0
APP-001914,51,46-60,female,south_asian,salaried,160,14816.54,4143.53,5445.58,162305.54,5,4,0,9045.44,0,True,20000.0
APP-001915,32,26-35,female,south_asian,salaried,56,3648.49,761.89,2158.84,27809.16,16,4,0,9669.65,0,True,10945.47
APP-001916,61,46-60,male,emirati,salaried,182,16267.66,1123.08,5672.67,19839.97,24,3,0,12124.94,0,True,20000.0
APP-001917,43,36-45,male,emirati,salaried,95,15033.58,1735.53,10557.83,51916.65,0,5,0,18831.38,0,True,20000.0
APP-001918,50,46-60,female,western,salaried,126,25980.85,8165.8,12335.33,243152.21,29,4,0,1375.04,0,True,20000.0
APP-001919,40,36-45,male,south_asian,salaried,86,20677.87,3009.17,10669.98,63776.82,21,3,0,4647.18,0,True,20000.0
APP-001920,64,46-60,female,south_asian,self_employed,203,8265.72,1829.84,4423.45,44504.44,30,5,0,17415.3,0,True,20000.0
APP-001921,19,18-25,female,south_asian,freelancer,16,6315.7,903.87,3393.32,30559.52,43,5,1,14348.21,0,True,18947.1
APP-001922,28,26-35,male,south_asian,salaried,6,19459.78,2732.31,14084.66,74276.89,34,2,0,9187.04,0,True,20000.0
APP-001923,65,46-60,female,south_asian,salaried,238,24110.01,4501.04,10819.79,107293.77,18,5,0,13729.36,0,True,20000.0
APP-001924,22,18-25,male,south_asian,salaried,0,3889.16,825.06,1600.32,29722.5,1,2,3,9845.39,1,True,11667.48
APP-001925,43,36-45,female,south_asian,unemployed,0,3170.205104613895,177.25,2125.57,6877.85,34,5,2,8062.39,1,True,9510.615313841685
APP-001926,50,46-60,male,south_asian,salaried,136,21565.3,6084.49,16032.06,200560.92,28,4,0,8155.06,0,True,20000.0
APP-001927,47,46-60,male,emirati,salaried,104,17881.28,5390.24,7001.24,186840.66,22,0,0,11690.67,0,True,20000.0
APP-001928,31,26-35,female,arab_expat,salaried,53,7355.54,475.08,3529.58,11620.88,33,5,0,1814.27,0,True,20000.0
APP-001929,35,26-35,male,southeast_asian,salaried,60,7353.22,1293.15,2781.4,21470.73,17,1,0,6801.69,0,True,20000.0
APP-001930,49,46-60,female,arab_expat,self_employed,136,6913.6,1726.64,2888.29,66502.8,26,3,0,10208.13,0,True,20000.0
APP-001931,41,36-45,female,south_asian,self_employed,81,6360.4,883.37,2788.97,18372.41,1,5,3,5059.63,1,True,19081.199999999997
APP-001932,18,18-25,female,south_asian,salaried,0,6669.93,945.86,5142.39,30745.21,35,2,0,13184.95,0,True,20000.0
APP-001933,38,36-45,male,emirati,salaried,60,15503.7,3348.7,9211.31,78346.53,38,5,0,8821.99,0,True,20000.0
APP-001934,30,26-35,female,arab_expat,salaried,39,5361.38,776.46,2140.89,18934.25,42,1,3,7207.48,1,True,16084.14
APP-001935,28,26-35,male,southeast_asian,salaried,37,5017.38,1289.75,3094.21,22667.3,6,3,2,13077.38,1,True,15052.14
APP-001936,59,46-60,male,south_asian,salaried,167,3000.0,426.1,1375.63,5729.15,26,3,0,4619.86,0,True,9000.0
APP-001937,64,46-60,male,south_asian,salaried,187,6364.13,608.55,3992.15,12698.13,5,0,0,11879.92,0,True,19092.39
APP-001938,34,26-35,female,south_asian,self_employed,47,11458.15,2223.07,6206.72,38036.94,30,0,3,5846.22,1,True,20000.0
APP-001939,47,46-60,male,south_asian,self_employed,125,3246.48,718.26,2386.93,18772.44,46,1,0,8020.68,0,True,9739.44
APP-001940,20,18-25,male,emirati,salaried,0,6813.5,790.69,4528.79,9499.92,10,2,0,6163.77,0,True,20000.0
APP-001941,26,26-35,female,arab_expat,salaried,26,12183.58,1646.15,7386.49,39786.03,44,4,0,892.66,0,True,20000.0
APP-001942,43,36-45,female,south_asian,salaried,96,15986.07,3546.2,10004.41,94190.32,37,3,0,9568.85,0,True,20000.0
APP-001943,45,36-45,male,southeast_asian,salaried,113,8276.34,2644.37,4839.1,65997.42,38,2,0,15923.78,0,True,20000.0
APP-001944,21,18-25,female,south_asian,unemployed,0,3000.0,241.56,2356.17,7781.25,32,0,0,5703.31,0,True,9000.0
APP-001945,63,46-60,male,western,salaried,205,12199.18,205.84,6254.25,2806.01,22,2,0,11247.34,0,True,20000.0
APP-001946,64,46-60,female,south_asian,salaried,191,14524.74,3991.73,9232.33,76340.84,23,5,0,4409.39,0,True,20000.0
APP-001947,53,46-60,female,south_asian,salaried,139,3900.49,1841.78,2531.84,19745.84,3,1,0,5078.56,1,True,11701.47
APP-001948,44,36-45,male,emirati,salaried,114,5003.35,150.7,3844.75,2521.49,27,4,0,2119.89,0,False,15010.050000000001
APP-001949,64,46-60,male,south_asian,salaried,208,16387.36,2082.43,6589.26,74573.04,37,4,0,8756.0,0,True,20000.0
APP-001950,28,26-35,male,south_asian,salaried,4,6220.45,519.24,2770.0,17823.7,15,5,0,12651.56,0,True,18661.35
APP-001951,46,46-60,male,southeast_asian,salaried,118,3833.22,799.27,1199.4,20954.77,15,2,0,2163.68,0,True,11499.66
APP-001952,39,36-45,male,south_asian,salaried,74,6693.75,529.94,5141.87,10116.16,11,3,0,10698.44,0,True,20000.0
APP-001953,25,18-25,male,southeast_asian,salaried,8,6536.21,509.98,4099.53,5788.87,1,2,0,6249.2,0,True,19608.63
APP-001954,59,46-60,male,south_asian,salaried,201,10591.79,2728.15,5022.01,84246.24,42,4,0,18446.13,0,True,20000.0
APP-001955,32,26-35,female,south_asian,salaried,36,11221.55,1046.18,6306.39,17395.81,16,2,0,13523.72,0,True,20000.0
APP-001956,34,26-35,male,southeast_asian,self_employed,44,7080.13,1146.59,2873.54,42670.86,34,0,0,19471.45,0,True,20000.0
APP-001957,64,46-60,male,arab_expat,self_employed,186,15609.89,509.01,9089.86,12755.21,21,0,0,771.28,0,True,20000.0
APP-001958,55,46-60,male,emirati,salaried,146,11419.69,245.58,4045.89,3786.6,4,0,0,5421.46,0,True,20000.0
APP-001959,34,26-35,female,south_asian,salaried,52,10502.35,594.67,4055.04,21412.83,37,4,0,10214.35,0,True,20000.0
APP-001960,65,46-60,male,western,salaried,196,23156.8,4935.45,9499.74,161652.47,37,0,0,1218.05,0,True,20000.0
APP-001961,35,26-35,male,western,self_employed,59,9193.31,1747.33,4458.66,40021.21,13,2,0,10254.39,0,True,20000.0
APP-001962,58,46-60,male,western,salaried,156,13634.73,1931.2,10444.39,66692.13,26,2,0,9959.57,0,True,20000.0
APP-001963,45,36-45,male,southeast_asian,self_employed,115,32984.7,10859.86,16771.0,338295.58,23,5,0,6564.36,0,True,20000.0
APP-001964,34,26-35,female,western,salaried,66,8195.43,734.09,3046.15,28144.81,34,0,0,5488.71,0,True,20000.0
APP-001965,25,18-25,female,south_asian,salaried,32,4952.8,350.24,2750.18,6380.01,42,1,0,6797.62,0,True,14858.400000000001
APP-001966,48,46-60,male,south_asian,salaried,142,10339.4,1353.97,5530.87,31871.18,11,3,0,9219.56,0,True,20000.0
APP-001967,64,46-60,male,south_asian,self_employed,194,8513.74,1999.54,5279.22,47457.35,14,5,3,6145.81,1,True,20000.0
APP-001968,56,46-60,male,arab_expat,salaried,146,6756.67,2155.26,4423.31,60576.06,42,5,0,8384.59,0,True,20000.0
APP-001969,45,36-45,female,southeast_asian,salaried,113,3000.0,1038.54,922.22,17966.51,1,1,0,5039.1,0,True,9000.0
APP-001970,30,26-35,male,southeast_asian,self_employed,25,7004.38,635.81,2879.09,16438.98,33,4,0,7624.61,0,True,20000.0
APP-001971,30,26-35,male,south_asian,self_employed,34,5409.84,488.29,3191.27,6120.13,32,3,2,13807.68,0,True,16229.52
APP-001972,33,26-35,female,south_asian,salaried,59,22061.27,3937.99,14299.13,142022.63,42,5,1,7078.34,0,True,20000.0
APP-001973,44,36-45,male,emirati,salaried,126,8017.81,1071.79,4981.33,16632.11,45,4,0,18689.18,0,True,20000.0
APP-001974,21,18-25,female,south_asian,salaried,1,15677.16,1834.78,4843.38,52426.32,28,1,1,7155.14,0,True,20000.0
APP-001975,65,46-60,female,south_asian,self_employed,189,8293.4,905.45,5984.17,25788.43,3,1,0,10892.51,0,True,20000.0
APP-001976,39,36-45,female,south_asian,self_employed,83,5584.74,154.09,3213.09,5935.82,42,3,0,6478.76,0,True,16754.22
APP-001977,33,26-35,male,south_asian,salaried,46,6170.11,1359.24,3697.91,34928.7,22,2,0,12000.05,0,True,18510.329999999998
APP-001978,41,36-45,male,south_asian,freelancer,76,17374.74,796.86,10686.76,9828.54,10,2,0,14278.96,0,True,20000.0
APP-001979,18,18-25,male,south_asian,salaried,0,7257.55,535.66,4420.16,8568.89,44,1,0,639.12,0,True,20000.0
APP-001980,45,36-45,male,south_asian,freelancer,125,3184.85,398.09,1323.47,8508.86,14,4,0,2223.09,0,True,9554.55
APP-001981,18,18-25,male,emirati,salaried,0,5505.12,323.55,1854.13,11932.4,0,2,0,7562.39,0,True,16515.36
APP-001982,32,26-35,male,south_asian,salaried,50,4665.36,782.92,3280.42,30674.23,37,3,0,1820.12,0,True,13996.079999999998
APP-001983,43,36-45,male,arab_expat,salaried,98,7433.48,1853.62,3483.07,26941.93,34,5,0,12553.67,0,True,20000.0
APP-001984,49,46-60,female,southeast_asian,salaried,124,17260.21,2005.2,12144.4,26990.76,39,4,0,2423.36,0,True,20000.0
APP-001985,24,18-25,male,other,salaried,8,4633.83,681.2,3510.84,25924.42,21,5,0,11778.1,0,True,13901.49
APP-001986,63,46-60,male,southeast_asian,freelancer,191,8637.53,631.28,6024.88,23984.97,19,0,0,8045.57,0,True,20000.0
APP-001987,31,26-35,female,emirati,salaried,49,5913.52,2294.28,2714.01,63354.11,17,3,1,1597.38,0,True,17740.56
APP-001988,22,18-25,female,arab_expat,freelancer,8,4299.72,204.91,1609.28,3837.4,5,2,0,9951.9,0,True,12899.16
APP-001989,29,26-35,male,southeast_asian,unemployed,0,4635.603129831684,644.77,1725.59,24041.68,25,1,0,11801.39,0,True,13906.80938949505
APP-001990,59,46-60,male,other,salaried,176,8952.09,883.06,6306.52,11421.4,33,4,0,5942.01,0,True,20000.0
APP-001991,62,46-60,male,south_asian,salaried,192,6193.25,873.54,3189.98,29153.39,30,2,3,16440.03,1,True,18579.75
APP-001992,48,46-60,female,western,salaried,127,27757.11,7714.74,17819.25,225033.05,25,4,0,15113.49,0,True,20000.0
APP-001993,46,46-60,female,emirati,salaried,116,17168.11,3745.93,7063.79,148233.51,39,4,0,8924.37,0,True,20000.0
APP-001994,56,46-60,male,emirati,salaried,164,29397.59,3727.09,19808.6,95227.85,29,4,0,9229.93,0,True,20000.0
APP-001995,59,46-60,male,southeast_asian,salaried,196,13534.06,2553.56,7651.06,59772.14,7,3,0,8236.2,0,True,20000.0
APP-001996,31,26-35,female,southeast_asian,salaried,45,16669.84,411.71,11912.31,13865.26,8,3,0,17892.82,0,True,20000.0
APP-001997,57,46-60,male,other,unemployed,0,3506.9070637015866,512.3,1258.54,19516.85,15,1,0,1988.28,0,True,10520.72119110476
APP-001998,28,26-35,male,other,salaried,17,3286.97,536.1,2451.95,7343.81,8,3,0,9467.5,0,True,9860.91
APP-001999,34,26-35,male,south_asian,salaried,49,3795.02,463.05,1725.82,6728.97,29,1,3,3095.65,0,True,11385.06
APP-002000,48,46-60,male,south_asian,salaried,142,6042.63,505.74,4421.74,13776.53,17,5,0,9167.57,0,True,18127.89
APP-002001,56,46-60,female,southeast_asian,salaried,157,10306.72,1318.56,5268.15,40124.38,43,1,0,2158.81,0,True,20000.0
APP-002002,38,36-45,male,southeast_asian,salaried,77,3746.86,266.15,1611.4,10441.17,13,4,0,9226.78,0,True,11240.58
APP-002003,63,46-60,female,emirati,salaried,199,7518.91,344.74,5588.37,12342.79,22,5,0,4540.39,0,True,20000.0
APP-002004,24,18-25,male,emirati,salaried,0,9307.73,3390.56,3044.02,34569.17,47,4,1,7761.34,1,True,20000.0
APP-002005,57,46-60,male,western,self_employed,161,19583.45,6940.01,15516.03,160523.33,35,1,0,2366.5,0,True,20000.0
APP-002006,31,26-35,male,southeast_asian,salaried,35,6640.07,544.48,3060.77,20853.46,24,1,0,11215.48,0,True,19920.21
APP-002007,24,18-25,female,arab_expat,salaried,2,9933.7,1651.53,3804.46,33391.19,23,2,0,1867.94,0,True,20000.0
APP-002008,41,36-45,male,south_asian,salaried,108,10189.08,2752.44,6613.25,45126.07,43,0,1,14513.36,0,True,20000.0
APP-002009,62,46-60,male,emirati,freelancer,182,7482.07,924.06,2533.33,22173.16,37,1,0,12804.98,0,True,20000.0
APP-002010,31,26-35,male,emirati,salaried,45,6957.18,1274.25,3648.23,39225.47,6,3,0,18667.71,0,True,20000.0
APP-002011,33,26-35,male,western,freelancer,64,9911.97,1770.81,6067.47,24064.27,1,3,0,18177.24,0,True,20000.0
APP-002012,65,46-60,female,southeast_asian,salaried,218,20668.95,733.12,14491.29,28603.97,19,5,0,6775.75,0,True,20000.0
APP-002013,38,36-45,female,south_asian,unemployed,0,3000.0,861.79,2336.62,17965.64,4,2,0,6160.84,0,True,9000.0
APP-002014,44,36-45,male,other,salaried,106,15785.39,4145.44,12034.43,44443.68,10,2,0,2029.55,0,True,20000.0
APP-002015,20,18-25,male,southeast_asian,salaried,0,4487.31,1362.89,1358.66,15633.32,1,2,2,9744.58,1,True,13461.93
APP-002016,34,26-35,female,south_asian,salaried,49,10834.59,1842.66,8099.83,50542.07,6,2,0,3123.75,0,True,20000.0
APP-002017,46,46-60,male,emirati,salaried,128,8724.7,1400.95,5589.32,29680.48,26,0,0,6933.07,0,True,20000.0
APP-002018,19,18-25,male,emirati,freelancer,0,4103.62,690.89,3222.65,20615.55,42,0,0,8658.72,0,True,12310.86
APP-002019,32,26-35,female,south_asian,salaried,37,3175.96,685.99,1401.96,22522.7,30,4,0,2125.14,0,True,9527.880000000001
APP-002020,61,46-60,male,western,salaried,197,23716.75,4627.79,15562.71,159707.91,7,4,0,14482.27,0,True,20000.0
APP-002021,54,46-60,male,arab_expat,freelancer,149,13778.31,5039.83,10209.52,170682.58,7,5,0,14958.29,1,True,20000.0
APP-002022,50,46-60,male,emirati,freelancer,134,17784.1,1858.05,7165.02,48186.53,15,2,0,7336.91,0,True,20000.0
APP-002023,54,46-60,male,south_asian,salaried,164,7634.0,1877.28,2509.19,53161.68,28,4,2,3691.8,1,True,20000.0
APP-002024,34,26-35,male,southeast_asian,salaried,60,17070.17,6460.42,12339.3,149120.3,37,5,0,13582.7,0,True,20000.0
APP-002025,44,36-45,male,southeast_asian,self_employed,108,7260.41,2118.0,2667.36,44384.15,45,0,0,7519.52,0,True,20000.0
APP-002026,36,36-45,male,south_asian,salaried,71,11495.61,1641.94,4984.02,53181.59,12,2,0,14335.62,0,True,20000.0
APP-002027,59,46-60,male,western,freelancer,173,46940.22,10613.9,32262.97,257324.24,27,5,0,11348.05,0,True,20000.0
APP-002028,21,18-25,female,south_asian,unemployed,0,4206.143242450113,988.41,3207.45,33930.82,25,5,2,5773.68,1,True,12618.429727350338
APP-002029,37,36-45,male,south_asian,freelancer,53,5566.34,647.93,2293.15,16115.26,37,5,0,2760.84,0,True,16699.02
APP-002030,49,46-60,male,other,salaried,134,3920.26,516.08,1516.36,14564.57,16,0,0,1332.82,0,True,11760.78
APP-002031,45,36-45,male,south_asian,salaried,102,6332.09,856.12,4511.07,23445.29,6,3,0,3789.56,0,True,18996.27
APP-002032,45,36-45,male,southeast_asian,self_employed,108,8596.1,1389.33,3085.24,40771.06,8,2,0,5625.43,0,True,20000.0
APP-002033,33,26-35,male,emirati,salaried,37,3872.28,693.95,2612.52,8179.45,17,3,0,8059.19,0,True,11616.84
APP-002034,59,46-60,male,south_asian,salaried,197,9082.4,1257.84,4028.01,18578.96,24,3,0,14530.37,0,True,20000.0
APP-002035,33,26-35,male,south_asian,self_employed,61,21748.02,1015.09,10414.58,39044.11,15,1,0,9148.53,0,True,20000.0
APP-002036,56,46-60,male,arab_expat,salaried,156,10928.09,619.55,5941.69,22645.54,35,5,0,16726.23,0,True,20000.0
APP-002037,56,46-60,male,south_asian,salaried,156,8283.58,2096.8,2559.68,44833.76,41,1,0,17390.9,0,True,20000.0
APP-002038,42,36-45,male,arab_expat,salaried,95,3290.51,326.47,1000.24,11155.55,27,1,0,8039.15,0,True,9871.53
APP-002039,33,26-35,female,south_asian,salaried,64,3000.0,235.62,1018.42,3837.17,10,0,0,757.98,0,False,9000.0
APP-002040,25,18-25,female,south_asian,salaried,6,6002.25,1767.33,4517.26,41585.88,19,0,0,17987.95,0,True,18006.75
APP-002041,18,18-25,male,emirati,freelancer,23,7310.38,486.9,2498.06,17805.59,0,5,0,6143.78,0,True,20000.0
APP-002042,28,26-35,male,emirati,self_employed,6,3247.43,373.42,1060.29,13990.74,15,0,0,3003.23,0,True,9742.289999999999
APP-002043,39,36-45,male,emirati,salaried,77,12101.07,785.7,9213.29,24538.94,27,2,0,18270.59,0,True,20000.0
APP-002044,58,46-60,male,arab_expat,salaried,155,29652.23,2403.15,17894.4,54104.95,40,2,0,16932.25,0,True,20000.0
APP-002045,39,36-45,male,south_asian,salaried,85,3000.0,515.2,1938.37,11566.72,5,5,0,3368.83,0,True,9000.0
APP-002046,34,26-35,female,arab_expat,salaried,58,3286.69,142.64,1528.83,5322.56,2,1,0,7407.89,0,True,9860.07
APP-002047,42,36-45,female,south_asian,salaried,94,4979.75,358.42,3605.46,4280.94,39,1,0,7889.98,0,True,14939.25
APP-002048,44,36-45,female,western,salaried,105,24325.67,3210.03,7833.98,83609.22,43,1,0,11747.24,0,True,20000.0
APP-002049,27,26-35,female,south_asian,salaried,26,14009.18,1778.11,4467.24,60270.84,20,0,0,17478.84,0,True,20000.0
APP-002050,40,36-45,female,emirati,salaried,87,7331.29,825.96,3767.9,20232.54,38,3,0,3058.93,0,True,20000.0
APP-002051,23,18-25,male,south_asian,self_employed,0,7167.92,598.83,3449.13,14116.97,8,2,0,10927.36,0,True,20000.0
APP-002052,30,26-35,male,arab_expat,freelancer,34,28656.75,4129.67,20180.21,141416.43,33,5,0,8126.06,0,True,20000.0
APP-002053,65,46-60,female,other,salaried,221,3000.0,785.88,957.45,16291.52,39,0,0,7724.17,0,True,9000.0
APP-002054,59,46-60,male,emirati,salaried,174,6729.82,1382.37,3293.52,17012.36,33,1,0,8414.45,0,True,20000.0
APP-002055,40,36-45,male,south_asian,self_employed,94,6593.79,662.12,3790.04,25397.02,0,4,0,12310.45,0,True,19781.37
APP-002056,53,46-60,female,south_asian,salaried,165,16690.28,6020.09,12451.23,196496.2,47,5,2,6790.96,0,True,20000.0
APP-002057,36,36-45,male,other,freelancer,68,16792.27,1483.88,10496.07,33272.54,34,4,0,19058.74,0,True,20000.0
APP-002058,49,46-60,female,south_asian,salaried,134,4428.0,446.91,3166.78,8690.8,26,1,2,688.64,0,True,13284.0
APP-002059,49,46-60,female,southeast_asian,salaried,120,6454.19,1728.12,2097.4,61568.98,42,4,0,6682.63,0,True,19362.57
APP-002060,49,46-60,male,south_asian,freelancer,129,5460.24,247.3,1645.36,3688.21,15,1,3,2723.86,1,True,16380.72
APP-002061,52,46-60,male,south_asian,salaried,151,4339.18,247.68,3428.59,5044.2,34,0,0,11333.35,0,True,13017.54
APP-002062,65,46-60,female,western,salaried,208,66400.7,16175.16,21305.15,295123.12,46,0,0,11819.31,0,True,20000.0
APP-002063,31,26-35,male,arab_expat,salaried,41,15432.97,2266.02,7482.16,80496.13,28,3,0,7655.87,0,True,20000.0
APP-002064,30,26-35,male,emirati,salaried,31,3858.22,1230.78,2189.93,42367.2,27,3,0,3680.25,0,True,11574.66
APP-002065,30,26-35,male,south_asian,salaried,34,33506.98,7505.26,22795.3,157946.67,36,4,0,2622.83,0,True,20000.0
APP-002066,36,36-45,male,south_asian,salaried,81,8636.69,3351.12,2791.24,53464.66,13,1,1,13984.29,0,True,20000.0
APP-002067,51,46-60,male,south_asian,salaried,123,5297.87,980.51,3801.33,36776.19,44,3,0,7693.47,0,True,15893.61
APP-002068,49,46-60,female,south_asian,salaried,116,8520.79,2663.57,6797.74,42100.28,2,4,0,19533.98,0,True,20000.0
APP-002069,27,26-35,male,western,salaried,18,25211.58,4516.74,12125.98,116121.51,44,1,3,10386.67,1,True,20000.0
APP-002070,58,46-60,female,southeast_asian,freelancer,179,70797.13,11901.52,54776.94,257265.83,0,3,0,10331.87,0,True,20000.0
APP-002071,51,46-60,male,western,salaried,157,10399.36,2345.45,5958.48,28737.29,21,1,2,2466.83,0,True,20000.0
APP-002072,57,46-60,male,south_asian,salaried,174,9563.44,911.26,4522.29,28944.2,12,4,0,11244.12,0,True,20000.0
APP-002073,20,18-25,female,arab_expat,salaried,8,6001.46,1249.29,2348.97,20608.96,32,4,0,7893.1,0,True,18004.38
APP-002074,45,36-45,female,south_asian,salaried,124,8078.49,930.68,2458.34,28926.69,21,1,0,13027.1,0,True,20000.0
APP-002075,39,36-45,female,arab_expat,salaried,95,18321.25,1034.2,8428.08,27111.94,30,1,0,9072.37,0,True,20000.0
APP-002076,63,46-60,male,arab_expat,freelancer,206,5879.46,880.01,3224.24,23178.15,21,5,0,6530.26,0,True,17638.38
APP-002077,57,46-60,male,south_asian,salaried,167,20351.66,3035.17,9484.41,71237.33,19,3,0,12198.03,0,True,20000.0
APP-002078,62,46-60,male,southeast_asian,self_employed,188,36198.16,4004.54,19083.98,113344.39,27,0,0,3659.34,0,True,20000.0
APP-002079,63,46-60,male,southeast_asian,salaried,194,7534.13,1754.44,4240.26,69599.8,29,1,0,13494.97,0,True,20000.0
APP-002080,56,46-60,male,south_asian,salaried,172,8442.1,1819.46,3666.76,48469.04,26,2,0,13210.55,0,True,20000.0
APP-002081,23,18-25,female,arab_expat,salaried,0,7259.55,422.37,3594.79,14714.82,28,3,3,15772.17,1,True,20000.0
APP-002082,54,46-60,female,emirati,salaried,162,24542.24,3738.08,7838.1,48156.12,42,2,0,3040.71,0,True,20000.0
APP-002083,65,46-60,female,arab_expat,self_employed,202,3623.85,241.93,2705.06,7401.98,39,0,0,10438.91,0,True,10871.55
APP-002084,28,26-35,male,other,salaried,30,7008.4,939.19,4954.11,12018.06,32,2,1,7473.19,0,True,20000.0
APP-002085,19,18-25,male,south_asian,freelancer,26,4512.7,739.25,3424.27,22333.57,43,0,0,13188.09,0,True,13538.099999999999
APP-002086,36,36-45,male,south_asian,self_employed,102,34992.07,1608.08,23115.37,32645.4,28,4,0,6670.34,0,True,20000.0
APP-002087,65,46-60,male,south_asian,salaried,200,39096.75,4446.77,16539.83,173361.56,6,3,0,5945.39,0,True,20000.0
APP-002088,59,46-60,female,south_asian,self_employed,193,4567.97,441.31,3041.04,16039.26,2,3,0,2209.63,0,True,13703.91
APP-002089,58,46-60,male,south_asian,salaried,167,8685.67,2747.48,6505.09,81801.17,3,0,0,9124.7,0,True,20000.0
APP-002090,36,36-45,male,south_asian,salaried,59,5480.76,406.71,4276.11,9799.68,37,1,0,9940.05,0,True,16442.28
APP-002091,18,18-25,male,south_asian,salaried,0,13882.53,1768.35,5187.81,58563.3,13,2,0,14476.07,0,True,20000.0
APP-002092,47,46-60,female,south_asian,salaried,125,15284.74,2573.03,8711.36,86203.06,43,2,0,14977.32,0,True,20000.0
APP-002093,31,26-35,female,arab_expat,salaried,38,5988.19,710.72,4096.42,27888.88,24,1,0,11601.3,0,True,17964.57
APP-002094,47,46-60,male,emirati,self_employed,104,9053.47,1814.57,6169.87,71937.71,6,2,0,564.67,0,True,20000.0
APP-002095,49,46-60,male,emirati,salaried,143,13651.07,2820.42,9790.1,61101.84,38,4,0,5903.66,0,True,20000.0
APP-002096,24,18-25,female,arab_expat,salaried,11,13025.3,1165.28,4589.2,32742.41,27,1,0,6039.17,0,True,20000.0
APP-002097,52,46-60,female,other,freelancer,137,14766.15,616.94,6862.33,13256.61,3,3,0,17257.72,0,True,20000.0
APP-002098,42,36-45,male,emirati,salaried,98,3172.62,347.92,2246.86,8925.58,43,3,1,3665.58,0,True,9517.86
APP-002099,58,46-60,male,south_asian,salaried,158,12131.91,3303.37,7267.51,49940.8,26,5,0,16647.03,0,True,20000.0
APP-002100,28,26-35,female,western,salaried,19,17152.0,4778.09,6547.94,85071.13,38,4,0,17255.27,0,True,20000.0
APP-002101,19,18-25,male,south_asian,salaried,19,3572.42,656.6,1742.64,11887.73,46,4,0,8262.57,0,True,10717.26
APP-002102,59,46-60,male,southeast_asian,salaried,176,32737.15,10140.44,23632.89,238442.37,44,5,0,10794.88,0,True,20000.0
APP-002103,18,18-25,male,emirati,salaried,5,3290.88,533.19,1437.93,18587.08,17,3,0,1223.31,0,True,9872.64
APP-002104,44,36-45,female,arab_expat,salaried,114,10295.26,1307.29,6663.02,31169.9,20,5,0,16834.12,0,True,20000.0
APP-002105,43,36-45,male,south_asian,salaried,111,6291.54,1749.14,1953.56,56968.45,34,1,0,11744.49,0,True,18874.62
APP-002106,37,36-45,female,south_asian,salaried,85,18184.18,4002.78,7453.04,140338.33,0,1,0,17538.04,0,True,20000.0
APP-002107,28,26-35,male,emirati,salaried,12,12108.97,740.11,5761.55,8648.2,5,0,0,2874.27,0,True,20000.0
APP-002108,56,46-60,male,south_asian,self_employed,177,6434.1,940.91,3888.71,28454.99,4,4,0,8254.23,0,True,19302.300000000003
APP-002109,20,18-25,male,southeast_asian,salaried,0,7418.57,558.75,4232.5,10800.14,22,4,0,18173.3,0,True,20000.0
APP-002110,27,26-35,male,south_asian,salaried,11,4542.51,276.52,2657.1,6417.54,43,2,0,4870.81,0,True,13627.53
APP-002111,40,36-45,male,arab_expat,salaried,88,3513.74,1220.6,2718.67,39755.14,19,4,0,8859.53,0,True,10541.22
APP-002112,25,18-25,male,south_asian,salaried,7,8000.22,559.84,6333.74,7039.3,10,5,0,1723.33,0,True,20000.0
APP-002113,24,18-25,male,emirati,salaried,17,9313.3,2814.11,5971.47,74264.17,15,4,0,12516.43,0,True,20000.0
APP-002114,27,26-35,male,south_asian,salaried,35,6733.49,1501.38,4176.42,52256.96,25,2,0,2074.04,0,True,20000.0
APP-002115,58,46-60,male,arab_expat,salaried,159,4212.4,615.65,1989.6,8992.99,47,0,0,8359.24,0,True,12637.199999999999
APP-002116,49,46-60,female,southeast_asian,salaried,127,7383.7,928.33,4554.52,22323.91,12,0,0,12001.02,0,True,20000.0
APP-002117,40,36-45,female,western,salaried,75,8367.08,2465.94,4544.69,80867.38,2,2,0,17081.51,0,True,20000.0
APP-002118,28,26-35,male,south_asian,salaried,27,3000.0,571.03,906.28,7778.26,31,2,0,5617.17,0,True,9000.0
APP-002119,24,18-25,female,south_asian,freelancer,13,9856.76,1815.66,3535.65,35566.04,8,2,3,4797.12,1,True,20000.0
APP-002120,35,26-35,male,southeast_asian,salaried,65,26798.23,4168.3,13047.87,43223.07,34,5,0,6858.37,0,True,20000.0
APP-002121,51,46-60,male,western,self_employed,151,17253.23,1477.45,10149.56,53215.87,35,0,0,17594.67,0,True,20000.0
APP-002122,28,26-35,male,south_asian,salaried,20,5438.31,965.45,3438.08,37805.86,47,2,0,1504.5,0,True,16314.93
APP-002123,41,36-45,male,south_asian,freelancer,90,4261.49,330.07,2294.38,6642.34,18,5,0,9057.29,0,True,12784.47
APP-002124,44,36-45,male,south_asian,salaried,90,6737.04,208.62,3986.05,6708.82,3,1,0,13266.98,0,True,20000.0
APP-002125,32,26-35,female,arab_expat,salaried,54,13634.08,4191.68,8359.49,158457.43,7,1,3,19311.71,1,True,20000.0
APP-002126,60,46-60,male,south_asian,salaried,182,11538.04,2079.21,8899.58,23559.4,34,4,0,13217.74,0,True,20000.0
APP-002127,56,46-60,male,south_asian,salaried,145,3000.0,876.15,2399.9,18689.48,14,1,0,3672.69,0,True,9000.0
APP-002128,49,46-60,female,emirati,salaried,122,4709.69,438.92,2156.99,4844.3,27,4,0,2410.4,0,True,14129.07
APP-002129,38,36-45,male,south_asian,salaried,66,6691.35,635.98,4362.73,6849.51,37,3,0,10398.07,0,True,20000.0
APP-002130,39,36-45,female,southeast_asian,salaried,83,14876.59,5198.57,9773.6,129083.24,23,3,3,15736.1,1,True,20000.0
APP-002131,32,26-35,female,emirati,salaried,42,12136.24,495.62,5640.01,16425.23,24,2,0,11328.82,0,True,20000.0
APP-002132,53,46-60,female,emirati,self_employed,156,9572.46,2894.74,7488.17,59933.14,33,2,0,4735.47,0,True,20000.0
APP-002133,26,26-35,female,emirati,salaried,6,11776.59,2818.62,6738.82,35956.5,3,2,0,3751.77,0,True,20000.0
APP-002134,44,36-45,male,arab_expat,salaried,92,4596.62,891.43,1794.69,17575.1,10,5,1,7719.3,1,True,13789.86
APP-002135,19,18-25,male,southeast_asian,freelancer,10,11581.67,4054.22,8778.21,74263.02,29,0,0,5106.3,1,True,20000.0
APP-002136,43,36-45,male,south_asian,salaried,97,9608.51,2167.7,6930.07,34988.67,32,2,0,19231.53,0,True,20000.0
APP-002137,41,36-45,male,other,salaried,81,4246.06,114.96,3285.62,1496.19,10,1,2,5923.11,1,True,12738.18
APP-002138,21,18-25,female,western,self_employed,3,31026.16,2210.02,15817.25,44472.27,11,0,0,7985.88,0,True,20000.0
APP-002139,60,46-60,female,other,salaried,180,5759.43,1968.43,2021.48,28046.95,18,2,3,5702.61,1,True,17278.29
APP-002140,51,46-60,male,south_asian,salaried,161,3614.39,500.59,2639.13,9324.6,7,0,0,8389.53,0,True,10843.17
APP-002141,56,46-60,male,south_asian,salaried,155,10581.1,4248.03,7679.99,140053.77,1,2,3,11778.2,1,True,20000.0
APP-002142,28,26-35,male,western,salaried,27,5006.33,926.9,3072.12,17159.91,9,4,0,5520.33,0,True,15018.99
APP-002143,52,46-60,female,western,salaried,144,27059.04,3027.64,17231.55,50938.45,23,2,0,6183.67,0,True,20000.0
APP-002144,27,26-35,female,southeast_asian,salaried,43,6773.65,929.23,5286.64,10678.91,30,0,0,14518.53,0,True,20000.0
APP-002145,40,36-45,male,south_asian,salaried,94,18108.22,3198.82,12524.78,34368.57,24,1,0,1605.39,0,True,20000.0
APP-002146,51,46-60,male,southeast_asian,salaried,132,6962.0,718.77,4388.64,8918.38,12,0,0,4136.27,0,True,20000.0
APP-002147,29,26-35,male,western,salaried,46,11511.94,4013.15,4535.29,64711.97,36,4,0,12559.52,0,True,20000.0
APP-002148,24,18-25,male,western,self_employed,16,15627.78,676.94,6914.45,12410.54,19,3,0,9538.96,0,True,20000.0
APP-002149,40,36-45,male,south_asian,salaried,85,8518.05,3107.67,6082.63,84552.79,27,2,0,804.47,0,True,20000.0
APP-002150,55,46-60,male,south_asian,salaried,172,14794.22,747.61,9494.03,10637.49,11,5,0,11059.34,0,True,20000.0
APP-002151,44,36-45,male,south_asian,salaried,128,10104.83,326.58,6086.8,13059.77,2,2,0,19429.79,0,True,20000.0
APP-002152,49,46-60,male,emirati,salaried,130,12056.95,234.73,6039.62,3349.51,33,0,0,13110.47,0,True,20000.0
APP-002153,65,46-60,male,emirati,salaried,217,3000.0,887.52,1664.75,30135.25,22,4,0,2588.31,0,True,9000.0
APP-002154,62,46-60,female,south_asian,self_employed,181,11312.0,1512.96,4340.41,27133.63,10,0,0,17303.59,0,True,20000.0
APP-002155,57,46-60,male,southeast_asian,salaried,150,19081.75,7930.28,10670.17,282934.47,7,4,0,9157.18,0,True,20000.0
APP-002156,62,46-60,male,southeast_asian,salaried,202,13513.24,1348.71,9903.16,30794.83,11,2,0,4692.91,0,True,20000.0
APP-002157,33,26-35,male,emirati,freelancer,43,6186.69,386.3,2058.25,12444.03,13,3,0,3580.6,0,True,18560.07
APP-002158,46,46-60,male,south_asian,salaried,117,7018.55,542.05,5394.61,8575.14,31,3,0,6872.91,0,True,20000.0
APP-002159,29,26-35,male,south_asian,salaried,48,25061.63,5750.86,15887.77,139272.46,35,0,0,18088.48,0,True,20000.0
APP-002160,18,18-25,male,other,self_employed,2,4758.28,650.82,2455.82,15631.82,12,3,3,6802.15,1,True,14274.84
APP-002161,45,36-45,female,emirati,salaried,105,15673.18,756.04,10488.77,13847.27,5,0,0,10056.62,0,True,20000.0
APP-002162,34,26-35,male,arab_expat,salaried,53,12093.86,1023.83,4603.92,25208.2,33,4,0,1966.26,0,True,20000.0
APP-002163,40,36-45,female,southeast_asian,salaried,80,4440.97,852.15,3361.52,20627.85,25,3,3,6823.19,1,True,13322.91
APP-002164,56,46-60,female,south_asian,salaried,159,8504.29,2978.25,2868.23,77233.68,32,3,0,4817.18,0,True,20000.0
APP-002165,59,46-60,male,western,salaried,214,36437.19,5991.36,16701.02,208655.43,20,4,0,5237.95,0,True,20000.0
APP-002166,29,26-35,male,south_asian,salaried,28,8573.95,1876.71,3563.33,21693.97,33,3,0,1758.1,0,True,20000.0
APP-002167,54,46-60,male,south_asian,unemployed,0,4546.284634256715,1083.53,3618.59,39667.11,7,4,2,2183.88,1,True,13638.853902770146
APP-002168,53,46-60,male,south_asian,salaried,151,11837.93,3550.32,8273.31,84411.55,19,5,0,15282.5,0,True,20000.0
APP-002169,57,46-60,female,southeast_asian,salaried,164,12485.9,2336.46,7451.98,40958.69,10,3,0,14313.12,0,True,20000.0
APP-002170,61,46-60,male,arab_expat,self_employed,182,17544.81,1742.34,9865.28,46844.13,33,2,0,10349.48,0,True,20000.0
APP-002171,44,36-45,male,other,freelancer,87,7405.25,2965.42,5885.23,32993.11,6,2,0,4057.09,0,True,20000.0
APP-002172,42,36-45,male,emirati,salaried,81,14417.78,4632.77,5106.97,46795.76,11,5,0,15399.1,0,True,20000.0
APP-002173,55,46-60,male,south_asian,self_employed,177,4305.96,631.81,2865.94,12361.19,41,0,0,10144.95,0,True,12917.880000000001
APP-002174,24,18-25,male,southeast_asian,freelancer,23,12916.27,4244.82,5838.09,63647.0,22,2,0,4041.41,0,True,20000.0
APP-002175,20,18-25,male,western,salaried,0,8748.17,1595.92,5924.59,53505.59,18,2,0,9837.48,0,True,20000.0
APP-002176,51,46-60,female,arab_expat,self_employed,150,9403.88,406.0,5924.4,6419.01,3,3,0,16187.87,0,True,20000.0
APP-002177,28,26-35,male,southeast_asian,salaried,13,8225.16,714.38,4351.81,25295.28,17,3,0,7997.86,0,True,20000.0
APP-002178,30,26-35,male,other,salaried,32,8353.26,1630.32,4177.7,51808.38,26,5,0,2748.64,0,True,20000.0
APP-002179,47,46-60,female,south_asian,salaried,133,21819.28,1579.69,16449.82,57492.9,41,4,1,3584.23,0,True,20000.0
APP-002180,65,46-60,female,south_asian,salaried,200,10393.92,724.12,5402.38,20510.64,1,0,0,7181.45,0,True,20000.0
APP-002181,42,36-45,female,arab_expat,salaried,102,6944.95,1009.24,4506.55,29692.37,17,0,0,5104.79,0,True,20000.0
APP-002182,49,46-60,male,other,unemployed,0,3969.283305701616,693.95,2917.97,14913.62,10,0,0,5880.54,0,True,11907.849917104848
APP-002183,39,36-45,female,southeast_asian,salaried,97,6175.41,125.84,2710.48,2383.93,26,5,0,7297.11,0,True,18526.23
APP-002184,55,46-60,male,southeast_asian,freelancer,159,9943.04,1593.73,5978.37,16327.25,36,4,0,11514.48,0,True,20000.0
APP-002185,23,18-25,female,south_asian,salaried,5,5133.34,603.12,1676.8,8522.82,14,2,0,7658.31,0,True,15400.02
APP-002186,44,36-45,male,southeast_asian,salaried,108,6200.3,1524.06,4333.54,26178.8,26,4,0,1060.96,0,True,18600.9
APP-002187,38,36-45,male,western,salaried,96,14469.34,2995.11,8505.94,90363.69,10,4,0,19710.0,0,True,20000.0
APP-002188,43,36-45,female,south_asian,salaried,138,8607.85,2434.18,4644.8,59568.35,24,1,0,14756.81,0,True,20000.0
APP-002189,65,46-60,female,south_asian,salaried,223,13215.15,156.52,5966.95,5412.13,24,2,2,8346.8,0,True,20000.0
APP-002190,41,36-45,female,south_asian,salaried,101,5584.78,715.52,1979.63,17138.37,8,4,0,14281.14,0,True,16754.34
APP-002191,62,46-60,male,south_asian,salaried,191,12639.04,2577.68,9216.97,50626.59,13,2,0,8813.17,0,True,20000.0
APP-002192,44,36-45,male,emirati,salaried,109,4722.21,339.92,2046.82,11572.82,22,4,0,12056.58,0,True,14166.630000000001
APP-002193,59,46-60,female,south_asian,self_employed,174,11505.0,1433.53,6992.46,53234.41,0,4,0,16032.22,0,True,20000.0
APP-002194,46,46-60,male,south_asian,salaried,123,3835.95,1260.23,1690.39,13127.43,3,2,3,10823.9,1,True,11507.849999999999
APP-002195,49,46-60,female,southeast_asian,salaried,125,3000.0,745.53,2100.31,12384.33,36,2,0,3996.56,0,True,9000.0
APP-002196,61,46-60,male,south_asian,salaried,201,16647.56,1766.65,7773.96,28903.47,42,5,0,4013.27,0,True,20000.0
APP-002197,58,46-60,female,arab_expat,salaried,190,7686.73,54.36,3259.4,2104.85,24,5,0,6995.3,0,True,20000.0
APP-002198,22,18-25,male,arab_expat,self_employed,0,5999.5,2504.07,4074.3,75494.2,15,2,0,6647.6,0,True,17998.5
APP-002199,26,26-35,male,southeast_asian,salaried,15,14578.34,2615.41,6765.78,88192.17,11,2,0,7882.4,0,True,20000.0
APP-002200,32,26-35,female,southeast_asian,salaried,63,9463.52,1040.31,3347.56,21479.93,44,3,0,5237.26,0,True,20000.0
APP-002201,39,36-45,female,southeast_asian,self_employed,82,15479.79,3168.89,7463.62,99090.92,33,5,0,16469.66,0,True,20000.0
APP-002202,50,46-60,male,south_asian,salaried,119,8958.68,1175.91,5278.24,24145.08,46,4,0,15356.26,0,True,20000.0
APP-002203,53,46-60,male,western,self_employed,125,24146.23,2672.01,12624.83,42638.08,32,0,0,11467.86,0,True,20000.0
APP-002204,41,36-45,male,southeast_asian,self_employed,79,21594.71,650.84,8177.54,12744.39,35,5,0,17971.18,0,True,20000.0
APP-002205,28,26-35,male,western,self_employed,17,11292.77,3191.89,7131.45,44067.9,12,4,0,17790.04,0,True,20000.0
APP-002206,36,36-45,male,emirati,salaried,66,7779.61,1915.11,5541.78,63909.3,0,3,0,2474.21,0,True,20000.0
APP-002207,48,46-60,male,south_asian,salaried,121,3000.0,1010.43,1873.44,32383.51,29,5,1,8092.26,0,True,9000.0
APP-002208,23,18-25,female,arab_expat,salaried,0,10472.09,1057.13,6844.81,27814.4,5,5,0,15356.6,0,True,20000.0
APP-002209,30,26-35,male,emirati,salaried,59,5910.29,1042.73,3227.88,12600.32,35,3,0,5114.29,0,True,17730.87
APP-002210,20,18-25,male,emirati,salaried,0,3584.22,428.12,1527.12,7887.33,5,3,2,1128.56,0,True,10752.66
APP-002211,47,46-60,female,south_asian,freelancer,95,5299.22,1012.29,1657.13,30187.59,22,4,0,11685.09,0,True,15897.66
APP-002212,59,46-60,male,emirati,salaried,167,20509.57,2715.72,12229.51,99373.61,38,1,0,9492.78,0,True,20000.0
APP-002213,64,46-60,male,southeast_asian,salaried,199,11827.98,2915.09,7938.26,111493.91,25,4,0,8343.2,0,True,20000.0
APP-002214,28,26-35,male,emirati,salaried,25,5957.77,968.38,4315.39,9746.11,7,3,0,5049.92,0,True,17873.31
APP-002215,40,36-45,male,southeast_asian,salaried,93,3888.15,1089.73,1440.68,43138.3,9,1,0,4395.92,0,True,11664.45
APP-002216,28,26-35,male,arab_expat,salaried,22,63809.93,30576.35,35590.72,699499.75,33,0,2,10291.29,1,True,20000.0
APP-002217,37,36-45,male,western,salaried,90,10057.0,1720.45,7965.71,51243.99,21,3,0,19496.44,0,True,20000.0
APP-002218,41,36-45,male,south_asian,freelancer,68,6143.39,1076.63,3823.58,19619.19,47,2,2,16392.81,1,True,18430.170000000002
APP-002219,40,36-45,female,arab_expat,salaried,79,3000.0,411.1,1774.41,11136.39,33,5,0,6903.86,0,True,9000.0
APP-002220,61,46-60,female,south_asian,salaried,189,13243.42,1220.8,6885.89,35870.49,3,5,0,2403.12,0,True,20000.0
APP-002221,57,46-60,female,arab_expat,salaried,169,14253.09,2201.98,4927.76,64207.51,30,5,0,13852.14,0,True,20000.0
APP-002222,32,26-35,male,arab_expat,self_employed,53,18670.86,4940.98,10351.64,96978.54,33,3,0,13401.97,0,True,20000.0
APP-002223,30,26-35,male,western,salaried,35,12533.48,1656.02,6486.82,19602.48,47,4,0,12503.05,0,True,20000.0
APP-002224,33,26-35,male,south_asian,freelancer,51,6206.0,2033.38,3124.96,50820.85,6,5,2,10071.15,1,True,18618.0
APP-002225,64,46-60,male,south_asian,salaried,208,12603.99,2856.24,4754.0,40546.25,22,1,0,17300.25,0,True,20000.0
APP-002226,29,26-35,male,emirati,salaried,48,3000.0,999.26,1537.99,31427.52,40,1,3,3909.47,1,True,9000.0
APP-002227,39,36-45,female,emirati,salaried,92,7686.06,1706.49,4774.57,18558.0,30,2,1,7411.72,0,True,20000.0
APP-002228,46,46-60,male,south_asian,salaried,127,5895.12,573.95,3113.03,6539.52,25,1,0,10925.46,0,True,17685.36
APP-002229,52,46-60,male,western,self_employed,153,27966.65,5580.59,11862.31,73867.56,20,2,0,2579.33,0,True,20000.0
APP-002230,34,26-35,male,southeast_asian,salaried,71,3130.27,619.6,1731.74,18320.48,45,2,0,3004.82,0,True,9390.81
APP-002231,63,46-60,male,emirati,salaried,219,21085.74,2433.6,15108.61,31352.9,21,2,0,18246.05,0,True,20000.0
APP-002232,34,26-35,male,south_asian,salaried,78,15042.87,3373.15,6479.15,43536.52,29,3,0,15102.57,0,True,20000.0
APP-002233,20,18-25,male,south_asian,salaried,0,5709.26,859.99,2911.1,34159.45,2,0,0,6570.07,0,True,17127.78
APP-002234,52,46-60,male,arab_expat,self_employed,145,9985.83,1912.46,6126.85,22057.33,36,1,1,1697.58,0,True,20000.0
APP-002235,52,46-60,male,arab_expat,salaried,147,26896.89,5470.57,8998.28,194405.54,33,4,0,1660.43,0,True,20000.0
APP-002236,18,18-25,female,southeast_asian,salaried,0,15408.51,1645.87,9119.93,51194.23,18,4,0,17965.24,0,True,20000.0
APP-002237,52,46-60,male,southeast_asian,salaried,140,17231.96,4910.71,9513.35,116217.74,46,4,0,5619.62,0,True,20000.0
APP-002238,59,46-60,male,south_asian,salaried,181,9871.5,1152.34,3387.37,36399.25,28,0,0,17567.31,0,True,20000.0
APP-002239,57,46-60,male,south_asian,salaried,163,3496.95,823.08,1529.63,29239.33,44,0,0,6119.1,0,True,10490.849999999999
APP-002240,57,46-60,female,south_asian,salaried,164,3846.05,264.1,1489.02,4097.64,43,4,0,4325.76,0,True,11538.150000000001
APP-002241,52,46-60,female,other,salaried,144,4262.02,105.99,3333.8,3150.86,47,3,0,2304.32,0,True,12786.060000000001
APP-002242,57,46-60,male,south_asian,self_employed,164,11158.55,2817.48,3421.56,36960.4,33,4,1,7913.51,0,True,20000.0
APP-002243,27,26-35,male,south_asian,salaried,33,6369.1,812.04,3162.72,23976.53,43,2,0,15034.19,0,True,19107.300000000003
APP-002244,21,18-25,male,south_asian,freelancer,0,13636.43,2949.49,4461.57,90212.84,10,3,3,12262.76,1,True,20000.0
APP-002245,57,46-60,male,arab_expat,salaried,163,5142.22,803.48,1659.81,11746.44,9,2,0,8913.73,0,True,15426.66
APP-002246,40,36-45,male,south_asian,self_employed,72,7863.31,1566.99,5219.93,31984.41,15,3,0,18844.2,0,True,20000.0
APP-002247,52,46-60,male,arab_expat,salaried,117,10556.04,2969.1,4094.44,61075.93,19,2,0,5361.86,0,True,20000.0
APP-002248,36,36-45,male,south_asian,salaried,65,6564.72,62.51,2085.04,1874.72,18,1,0,8703.57,0,True,19694.16
APP-002249,39,36-45,male,arab_expat,salaried,66,3374.48,848.98,1897.29,11118.05,9,5,1,6428.03,0,True,10123.44
APP-002250,57,46-60,male,other,salaried,180,38558.86,5551.77,15301.64,64112.17,12,4,0,17388.33,0,True,20000.0
APP-002251,51,46-60,male,south_asian,salaried,138,9348.4,1010.77,5220.05,27764.93,34,3,3,14877.52,1,True,20000.0
APP-002252,62,46-60,female,southeast_asian,self_employed,168,5900.66,779.32,2708.6,24758.23,43,3,0,13161.61,0,True,17701.98
APP-002253,58,46-60,female,arab_expat,salaried,207,5100.45,248.46,2300.29,4989.16,17,3,0,5251.18,0,True,15301.349999999999
APP-002254,54,46-60,female,emirati,salaried,145,10476.93,2140.38,3714.66,68700.45,36,2,0,14477.66,0,True,20000.0
APP-002255,30,26-35,male,south_asian,salaried,45,3000.0,181.64,1949.18,3287.64,9,0,0,2905.45,0,True,9000.0
APP-002256,26,26-35,male,south_asian,salaried,17,3724.28,584.17,1550.08,11042.29,9,2,0,521.98,0,True,11172.84
APP-002257,59,46-60,female,western,salaried,186,13066.1,2917.51,10077.93,32477.38,8,1,3,14580.12,1,True,20000.0
APP-002258,23,18-25,male,southeast_asian,salaried,27,4902.66,664.69,2235.59,13898.61,18,5,0,2513.44,0,True,14707.98
APP-002259,64,46-60,female,south_asian,salaried,205,4173.93,750.32,2846.29,27646.36,46,1,0,551.31,0,True,12521.79
APP-002260,41,36-45,female,western,salaried,80,11748.62,2368.07,5625.89,40720.95,17,4,1,11352.61,0,True,20000.0
APP-002261,31,26-35,male,arab_expat,salaried,47,12527.38,6579.19,8358.19,90616.55,30,0,0,6134.34,0,True,20000.0
APP-002262,37,36-45,male,western,salaried,89,5202.13,571.86,1661.85,12541.88,25,3,0,8005.41,0,True,15606.39
APP-002263,65,46-60,female,south_asian,salaried,205,6338.44,699.35,4557.74,9106.87,40,3,0,6793.01,0,True,19015.32
APP-002264,23,18-25,female,arab_expat,salaried,0,4484.93,516.56,3265.59,20226.2,5,0,0,2204.87,0,True,13454.79
APP-002265,36,36-45,female,south_asian,salaried,66,4715.3,271.5,2698.5,8189.08,12,1,0,9242.84,0,True,14145.900000000001
APP-002266,49,46-60,male,southeast_asian,salaried,130,7845.82,1806.79,5861.89,55811.72,13,5,0,7829.09,0,True,20000.0
APP-002267,21,18-25,female,south_asian,freelancer,15,3388.78,422.21,1017.09,10111.12,28,3,0,9488.63,0,True,10166.34
APP-002268,42,36-45,male,south_asian,salaried,118,3957.86,233.46,1578.8,3644.44,6,2,0,8103.36,0,True,11873.58
APP-002269,54,46-60,male,south_asian,salaried,134,10758.83,1974.29,4119.31,78474.7,45,1,0,14554.05,0,True,20000.0
APP-002270,23,18-25,male,western,salaried,3,13532.18,708.04,6030.4,28040.79,40,5,0,19974.09,0,True,20000.0
APP-002271,37,36-45,male,south_asian,freelancer,85,4321.17,564.89,1772.79,17617.21,43,5,0,931.31,1,True,12963.51
APP-002272,44,36-45,female,southeast_asian,salaried,112,7727.33,864.24,3118.84,22183.86,24,4,0,12670.7,0,True,20000.0
APP-002273,64,46-60,female,western,salaried,201,19211.98,4188.2,15286.01,85275.56,43,1,0,14950.62,0,True,20000.0
APP-002274,61,46-60,male,emirati,salaried,165,12229.26,1631.39,6520.51,47152.38,16,5,0,5743.11,0,True,20000.0
APP-002275,33,26-35,female,other,salaried,42,15538.09,2353.84,9793.57,76237.1,15,1,0,7695.16,0,True,20000.0
APP-002276,58,46-60,female,south_asian,salaried,178,5007.77,840.21,2524.31,19010.95,30,0,0,14058.89,0,True,15023.310000000001
APP-002277,34,26-35,female,arab_expat,salaried,56,5029.01,1404.04,3335.41,23514.35,46,5,1,4852.35,0,True,15087.03
APP-002278,21,18-25,female,western,self_employed,8,19637.92,768.05,14862.81,24665.69,11,0,0,4133.53,0,True,20000.0
APP-002279,41,36-45,male,arab_expat,salaried,82,8550.81,1484.89,4729.72,42791.05,41,0,0,13351.39,0,True,20000.0
APP-002280,19,18-25,male,emirati,salaried,2,22372.24,292.11,7883.81,9396.22,23,5,0,885.07,0,True,20000.0
APP-002281,35,26-35,male,emirati,salaried,81,6586.34,1114.54,2545.58,12174.13,27,1,2,6069.0,0,True,19759.02
APP-002282,34,26-35,male,emirati,salaried,53,13249.09,3162.63,6725.61,104755.78,21,2,0,5711.84,0,True,20000.0
APP-002283,34,26-35,male,south_asian,salaried,44,15080.03,5610.48,5445.13,69447.53,34,1,0,9682.21,0,True,20000.0
APP-002284,24,18-25,male,arab_expat,salaried,9,3517.38,695.97,2284.13,17331.97,23,0,1,4909.99,0,True,10552.14
APP-002285,38,36-45,female,south_asian,unemployed,0,3000.0,353.0,1789.47,6893.39,45,1,0,1342.64,0,True,9000.0
APP-002286,18,18-25,female,southeast_asian,salaried,0,18731.85,680.77,5860.64,18961.11,32,0,0,14517.56,0,True,20000.0
APP-002287,57,46-60,male,southeast_asian,unemployed,0,4535.917061398637,1023.31,3023.15,20530.6,28,2,0,10993.04,0,True,13607.751184195911
APP-002288,34,26-35,male,south_asian,salaried,69,4810.86,533.67,2390.31,12338.65,13,0,0,1022.83,0,True,14432.579999999998
APP-002289,22,18-25,female,south_asian,salaried,16,3945.66,97.53,1644.51,2102.98,22,0,1,6289.58,0,True,11836.98
APP-002290,26,26-35,male,emirati,salaried,21,40183.28,6933.79,23634.47,80729.23,8,1,0,8014.22,0,True,20000.0
APP-002291,63,46-60,male,south_asian,salaried,209,17826.53,2747.91,10359.47,98661.01,45,3,0,19562.26,0,True,20000.0
APP-002292,19,18-25,male,emirati,salaried,15,13308.33,4649.15,5513.15,158670.72,10,4,0,19418.4,0,True,20000.0
APP-002293,20,18-25,male,southeast_asian,salaried,0,11433.41,3824.85,3708.24,108061.59,26,0,0,12627.01,0,True,20000.0
APP-002294,41,36-45,male,southeast_asian,self_employed,96,17655.73,1872.36,11907.1,62246.78,40,2,0,1783.73,0,True,20000.0
APP-002295,21,18-25,male,southeast_asian,salaried,0,19183.17,944.62,14370.65,18245.2,42,1,0,10676.6,0,True,20000.0
APP-002296,57,46-60,male,south_asian,freelancer,158,26024.3,8504.91,16497.87,95419.45,9,3,0,17480.57,0,True,20000.0
APP-002297,65,46-60,female,south_asian,salaried,195,5319.34,873.88,1690.96,13925.21,27,1,0,5000.41,0,True,15958.02
APP-002298,45,36-45,male,south_asian,salaried,132,9814.93,692.28,7747.22,12830.47,28,1,0,10603.35,0,True,20000.0
APP-002299,28,26-35,male,south_asian,self_employed,27,8618.32,947.49,4752.05,33552.77,12,0,0,8397.79,0,True,20000.0
APP-002300,56,46-60,female,emirati,salaried,148,17164.73,3577.1,12837.46,40919.46,10,4,0,13592.18,0,True,20000.0
APP-002301,43,36-45,female,south_asian,salaried,105,5216.44,696.99,1663.01,22112.08,0,1,0,5079.25,0,True,15649.32
APP-002302,44,36-45,male,south_asian,salaried,118,4301.34,839.43,3220.98,29795.0,32,3,0,4869.65,0,True,12904.02
APP-002303,56,46-60,female,south_asian,salaried,148,5494.58,496.43,3488.03,16405.79,43,3,0,10824.75,0,True,16483.739999999998
APP-002304,57,46-60,female,emirati,salaried,156,10043.44,1387.32,4293.21,43443.11,0,1,0,12075.96,0,True,20000.0
APP-002305,59,46-60,male,western,salaried,183,31079.28,2797.17,15590.02,28351.77,25,4,0,2228.18,0,True,20000.0
APP-002306,42,36-45,female,south_asian,salaried,105,12067.01,932.85,8178.18,15444.25,39,2,0,18372.75,0,True,20000.0
APP-002307,58,46-60,female,arab_expat,salaried,181,11963.73,1643.93,9262.75,35675.89,36,4,0,5521.05,0,True,20000.0
APP-002308,56,46-60,male,other,salaried,158,17966.02,1044.52,10122.58,25993.62,20,0,0,1711.24,0,True,20000.0
APP-002309,63,46-60,female,arab_expat,freelancer,199,11977.52,1549.08,6564.72,39697.17,14,3,0,14315.4,1,True,20000.0
APP-002310,27,26-35,female,emirati,self_employed,18,14203.22,1474.23,7437.07,53094.25,16,0,0,4207.15,0,True,20000.0
APP-002311,65,46-60,male,arab_expat,self_employed,191,19788.95,3831.57,8599.52,150055.49,22,0,0,15407.38,0,True,20000.0
APP-002312,23,18-25,female,arab_expat,salaried,0,4364.8,1291.02,1886.53,22285.99,14,2,3,2539.83,1,True,13094.400000000001
APP-002313,46,46-60,female,arab_expat,salaried,126,4055.65,493.32,2688.28,5841.93,34,1,0,8393.89,0,True,12166.95
APP-002314,30,26-35,female,southeast_asian,freelancer,31,3635.05,780.66,1687.54,7810.06,10,3,0,3445.91,0,True,10905.150000000001
APP-002315,25,18-25,female,south_asian,salaried,20,7772.29,2046.65,3660.11,55468.52,43,3,0,8075.62,0,True,20000.0
APP-002316,47,46-60,male,south_asian,salaried,119,4869.93,791.57,2340.61,16417.89,11,5,0,13750.53,0,True,14609.79
APP-002317,29,26-35,female,arab_expat,salaried,42,3000.0,673.19,1477.64,20691.85,29,3,1,4847.26,0,True,9000.0
APP-002318,39,36-45,female,south_asian,self_employed,59,3983.77,336.92,1244.24,11687.45,29,5,0,8708.37,0,True,11951.31
APP-002319,53,46-60,male,south_asian,self_employed,150,12447.05,1502.36,7593.31,58189.13,30,0,0,9301.89,0,True,20000.0
APP-002320,30,26-35,female,arab_expat,freelancer,41,7207.95,490.51,5560.42,6157.04,42,0,0,8371.31,0,True,20000.0
APP-002321,22,18-25,female,south_asian,freelancer,4,6856.95,2313.98,2459.48,52654.29,41,5,1,6558.94,0,True,20000.0
APP-002322,61,46-60,female,southeast_asian,salaried,184,5860.66,1467.36,2672.52,39743.35,30,1,2,7415.11,0,True,17581.98
APP-002323,53,46-60,male,emirati,salaried,167,5936.7,1207.68,3374.35,37143.02,9,2,0,10845.48,0,True,17810.1
APP-002324,21,18-25,female,emirati,salaried,0,11792.03,1914.91,8362.25,24657.43,3,2,0,4120.97,0,True,20000.0
APP-002325,29,26-35,female,south_asian,self_employed,27,6154.98,1594.43,4621.6,30185.87,11,1,2,3398.68,1,True,18464.94
APP-002326,38,36-45,female,arab_expat,freelancer,77,19692.66,1753.96,11773.89,32916.6,28,4,0,11631.4,0,True,20000.0
APP-002327,46,46-60,male,south_asian,salaried,103,9532.46,2610.84,6680.41,43058.23,14,3,0,17352.53,0,True,20000.0
APP-002328,43,36-45,female,southeast_asian,salaried,111,7225.83,1323.6,4766.72,48884.13,24,0,2,18651.79,0,True,20000.0
APP-002329,30,26-35,female,arab_expat,self_employed,39,10107.15,960.49,7397.32,31398.82,4,1,0,5621.56,0,True,20000.0
APP-002330,31,26-35,male,arab_expat,salaried,27,8530.71,1649.61,3065.37,23345.5,0,4,3,12496.18,1,True,20000.0
APP-002331,30,26-35,male,arab_expat,salaried,40,17676.1,2337.12,5607.19,40022.06,14,0,2,13801.98,0,True,20000.0
APP-002332,62,46-60,male,south_asian,salaried,198,3031.65,815.56,1090.96,32273.81,12,2,0,6852.89,0,True,9094.95
APP-002333,59,46-60,male,southeast_asian,self_employed,158,5498.89,699.54,3214.05,7374.59,40,2,0,5341.06,0,True,16496.670000000002
APP-002334,58,46-60,male,south_asian,freelancer,197,20018.15,5807.76,14254.76,95831.94,35,0,0,6193.79,0,True,20000.0
APP-002335,56,46-60,male,southeast_asian,unemployed,0,3478.7039132619047,1019.26,1394.02,29478.28,46,0,0,2279.23,0,True,10436.111739785714
APP-002336,40,36-45,female,arab_expat,freelancer,68,11387.41,1800.41,6237.2,32302.7,13,5,0,7447.41,0,True,20000.0
APP-002337,24,18-25,female,southeast_asian,salaried,8,3902.03,1209.86,1365.21,45188.03,27,2,1,7523.61,0,True,11706.09
APP-002338,33,26-35,male,arab_expat,salaried,36,8039.7,1899.73,4451.42,66440.27,32,3,0,14464.83,0,True,20000.0
APP-002339,34,26-35,female,south_asian,salaried,54,16480.93,3496.84,9392.73,101523.0,23,1,0,16468.41,0,True,20000.0
APP-002340,52,46-60,male,south_asian,salaried,124,4791.19,839.24,2681.54,13560.08,2,2,0,13643.25,0,True,14373.57
APP-002341,22,18-25,female,south_asian,salaried,0,3770.0,438.66,2722.88,9470.09,23,0,2,6063.97,0,True,11310.0
APP-002342,40,36-45,male,southeast_asian,salaried,88,14185.93,1491.07,9067.54,22309.99,15,1,0,8011.15,0,True,20000.0
APP-002343,38,36-45,female,south_asian,salaried,82,6788.51,731.23,2402.7,25000.23,5,0,0,6504.12,0,True,20000.0
APP-002344,32,26-35,male,arab_expat,salaried,38,7340.61,557.91,3298.03,7052.69,33,5,1,1753.47,0,True,20000.0
APP-002345,63,46-60,male,other,salaried,182,13022.67,2806.78,9108.16,110963.14,18,2,1,6492.0,0,True,20000.0
APP-002346,43,36-45,female,south_asian,salaried,100,7250.8,1645.06,4819.63,29791.72,25,0,0,5012.95,0,True,20000.0
APP-002347,27,26-35,male,south_asian,salaried,37,4114.8,1230.55,1398.14,47652.19,16,3,0,7281.73,0,True,12344.400000000001
APP-002348,65,46-60,female,western,salaried,198,22188.8,4021.26,12025.37,55680.17,14,2,0,9851.14,0,True,20000.0
APP-002349,59,46-60,female,south_asian,salaried,190,11821.94,2273.55,7376.06,71775.56,6,2,0,16899.67,0,True,20000.0
APP-002350,51,46-60,female,other,salaried,131,16249.92,4144.41,11780.04,68748.16,0,0,0,5992.98,0,True,20000.0
APP-002351,37,36-45,female,south_asian,salaried,58,11426.33,2023.55,8945.55,21664.36,31,3,2,11485.58,1,True,20000.0
APP-002352,43,36-45,male,southeast_asian,salaried,99,7606.74,941.9,2524.06,19242.86,40,5,0,6154.16,0,True,20000.0
APP-002353,57,46-60,male,south_asian,salaried,161,7669.52,529.81,4214.79,6056.63,45,2,0,2998.67,0,True,20000.0
APP-002354,24,18-25,male,western,self_employed,0,3403.07,554.61,1166.76,10613.04,10,3,0,9723.69,0,True,10209.210000000001
APP-002355,45,36-45,female,arab_expat,salaried,105,3000.0,880.77,1690.58,27768.46,15,0,0,1500.48,0,True,9000.0
APP-002356,49,46-60,male,south_asian,salaried,136,3000.0,93.0,1166.62,3275.07,16,4,0,8831.24,0,True,9000.0
APP-002357,63,46-60,male,southeast_asian,salaried,205,14228.44,395.31,10592.87,13667.56,23,2,0,5942.32,0,True,20000.0
APP-002358,21,18-25,male,south_asian,salaried,0,4589.97,1260.68,3111.5,42326.69,35,0,3,1508.8,1,True,13769.91
APP-002359,22,18-25,male,arab_expat,salaried,0,7487.89,847.82,2715.96,31267.05,33,1,0,12981.66,0,True,20000.0
APP-002360,58,46-60,male,arab_expat,salaried,167,15962.29,1309.12,7597.24,39085.45,28,5,0,14615.67,0,True,20000.0
APP-002361,56,46-60,female,emirati,self_employed,148,13060.84,620.45,4599.57,14966.92,46,4,0,12947.13,0,True,20000.0
APP-002362,54,46-60,male,south_asian,salaried,156,4395.71,823.94,3347.56,18214.54,43,5,0,6054.0,0,True,13187.130000000001
APP-002363,27,26-35,male,south_asian,salaried,25,3043.89,709.96,2174.29,21722.69,34,4,0,906.54,0,True,9131.67
APP-002364,44,36-45,male,south_asian,salaried,120,9361.49,2953.32,4561.31,29627.98,34,0,0,11582.37,0,True,20000.0
APP-002365,58,46-60,male,arab_expat,unemployed,0,3000.0,518.65,1008.29,19275.22,1,0,0,6257.97,0,True,9000.0
APP-002366,20,18-25,male,south_asian,salaried,4,9180.67,800.83,5518.94,19366.71,38,4,0,7077.81,0,True,20000.0
APP-002367,45,36-45,male,emirati,salaried,113,3000.0,188.75,1600.17,5386.35,45,2,0,5314.5,0,True,9000.0
APP-002368,64,46-60,male,western,salaried,201,15434.79,1641.5,10518.65,41822.06,5,0,0,1145.18,0,True,20000.0
APP-002369,40,36-45,male,western,salaried,88,6744.87,249.44,4225.61,7202.7,12,4,0,8282.88,0,True,20000.0
APP-002370,34,26-35,male,south_asian,salaried,64,4466.07,471.04,2386.73,6579.6,42,2,0,1498.31,0,True,13398.21
APP-002371,42,36-45,male,arab_expat,salaried,84,24054.62,6425.2,16215.59,210280.56,12,3,0,1145.85,0,True,20000.0
APP-002372,57,46-60,female,south_asian,self_employed,164,5039.21,266.07,2202.71,7989.14,37,3,3,11609.86,1,True,15117.630000000001
APP-002373,40,36-45,female,emirati,salaried,95,7015.38,2271.13,2509.26,78187.76,24,0,3,14372.76,1,True,20000.0
APP-002374,61,46-60,male,arab_expat,salaried,178,6823.19,881.65,5344.76,19138.74,23,2,0,3655.03,0,True,20000.0
APP-002375,60,46-60,male,western,salaried,160,14779.72,2872.67,10365.33,69395.46,10,5,3,11737.91,1,True,20000.0
APP-002376,42,36-45,male,south_asian,salaried,124,6287.95,1582.94,3409.76,33143.39,29,5,0,15452.08,0,True,18863.85
APP-002377,35,26-35,male,emirati,salaried,87,7681.47,374.21,5469.28,9342.02,27,4,0,3305.67,0,True,20000.0
APP-002378,44,36-45,female,southeast_asian,salaried,113,10767.83,1507.69,6321.3,58768.77,10,2,2,3890.3,0,True,20000.0
APP-002379,50,46-60,male,other,self_employed,130,21709.77,1002.0,14666.7,28049.95,26,0,0,12686.93,0,True,20000.0
APP-002380,32,26-35,male,south_asian,salaried,46,9826.1,1471.84,3605.44,45792.07,33,1,0,3380.23,0,True,20000.0
APP-002381,38,36-45,female,south_asian,salaried,78,10295.14,695.6,8177.89,23261.47,20,4,0,15610.83,0,True,20000.0
APP-002382,36,36-45,female,arab_expat,self_employed,69,6165.99,533.58,4808.25,6387.44,32,4,1,12349.05,0,True,18497.97
APP-002383,47,46-60,male,arab_expat,salaried,116,21789.71,3226.29,12859.18,96570.63,24,0,0,9433.47,0,True,20000.0
APP-002384,65,46-60,female,southeast_asian,salaried,185,43442.55,9406.23,14367.36,145923.73,9,2,0,11655.97,0,True,20000.0
APP-002385,54,46-60,female,south_asian,salaried,150,14360.46,1666.72,7678.36,30246.49,43,1,0,2425.92,0,True,20000.0
APP-002386,29,26-35,female,south_asian,salaried,41,10013.23,1068.51,3145.43,18140.35,21,0,0,2468.25,0,True,20000.0
APP-002387,60,46-60,male,western,salaried,180,15926.77,1667.86,12390.83,21060.58,10,5,0,4434.26,0,True,20000.0
APP-002388,61,46-60,female,other,salaried,182,17141.82,1164.79,11653.87,20774.91,30,5,0,5579.14,0,True,20000.0
APP-002389,31,26-35,male,southeast_asian,salaried,51,28848.55,7288.8,16870.8,213919.33,43,2,0,11245.6,0,True,20000.0
APP-002390,20,18-25,male,south_asian,salaried,0,3000.0,1019.62,1453.72,19168.97,29,0,0,3239.07,0,True,9000.0
APP-002391,64,46-60,male,emirati,salaried,188,17434.01,6157.3,12430.75,120446.16,11,3,0,9939.95,0,True,20000.0
APP-002392,60,46-60,female,arab_expat,salaried,194,37455.33,9079.64,26020.87,312875.82,28,0,0,8063.46,0,True,20000.0
APP-002393,46,46-60,male,southeast_asian,salaried,117,5015.37,792.91,2450.04,18485.66,44,5,0,11313.41,0,True,15046.11
APP-002394,53,46-60,male,south_asian,freelancer,169,10469.48,1733.38,5415.11,32672.14,11,5,0,5801.14,0,True,20000.0
APP-002395,32,26-35,male,south_asian,self_employed,38,4612.76,1502.43,3537.41,48937.57,29,3,3,10253.51,1,True,13838.28
APP-002396,31,26-35,male,southeast_asian,salaried,43,4912.05,1030.38,3494.86,19845.46,44,4,0,10054.51,0,True,14736.150000000001
APP-002397,57,46-60,male,western,salaried,169,16214.32,2130.22,10641.67,65886.37,12,3,0,4324.89,0,True,20000.0
APP-002398,43,36-45,male,south_asian,salaried,112,4069.37,1350.33,1972.22,15433.88,31,4,0,6383.94,0,True,12208.11
APP-002399,60,46-60,male,south_asian,salaried,183,9703.29,586.33,5078.09,9458.24,39,4,0,4777.11,0,True,20000.0
APP-002400,37,36-45,female,southeast_asian,salaried,81,3000.0,582.16,2330.96,12121.66,12,2,2,1850.52,0,True,9000.0
APP-002401,60,46-60,female,southeast_asian,salaried,184,3000.0,318.16,2347.09,10715.82,31,3,0,5665.11,0,True,9000.0
APP-002402,38,36-45,male,southeast_asian,salaried,62,12091.19,2616.17,6644.26,66453.91,27,1,1,16547.05,0,True,20000.0
APP-002403,23,18-25,female,south_asian,salaried,12,3066.77,1120.8,1004.08,22890.16,17,1,3,2133.82,1,True,9200.31
APP-002404,57,46-60,male,southeast_asian,freelancer,157,7483.32,939.02,3033.5,35969.59,37,5,0,17886.67,0,True,20000.0
APP-002405,64,46-60,female,south_asian,salaried,219,11422.13,2859.18,7964.93,63381.24,37,2,0,14916.95,0,True,20000.0
APP-002406,55,46-60,male,south_asian,salaried,160,8184.07,3292.91,5120.81,125323.86,34,0,0,14219.07,1,True,20000.0
APP-002407,47,46-60,male,southeast_asian,salaried,136,10914.71,1631.73,4174.67,27074.07,25,3,0,12877.94,0,True,20000.0
APP-002408,51,46-60,male,emirati,self_employed,160,17748.59,877.53,13158.38,15087.49,17,2,0,1744.8,0,True,20000.0
APP-002409,22,18-25,male,southeast_asian,salaried,11,4757.86,1040.68,1466.99,15302.48,24,2,0,2481.89,0,True,14273.579999999998
APP-002410,32,26-35,male,southeast_asian,salaried,47,12356.08,1633.48,5199.0,32995.86,27,5,0,17612.87,0,True,20000.0
APP-002411,23,18-25,male,arab_expat,salaried,9,4781.43,902.95,2369.7,25708.83,33,1,0,5514.31,0,True,14344.29
APP-002412,40,36-45,female,arab_expat,salaried,113,14410.78,1054.4,5340.67,24670.32,2,0,0,16560.77,0,True,20000.0
APP-002413,53,46-60,female,south_asian,freelancer,145,12801.72,2535.58,8629.73,73059.07,45,4,0,1951.58,0,True,20000.0
APP-002414,31,26-35,male,southeast_asian,salaried,59,15449.59,801.9,7394.16,31331.62,7,1,0,13050.07,0,True,20000.0
APP-002415,49,46-60,female,south_asian,freelancer,124,23434.54,2121.68,13270.24,60117.21,5,1,0,8648.92,0,True,20000.0
APP-002416,24,18-25,female,south_asian,salaried,18,3000.0,475.64,1770.08,7197.83,44,2,0,779.46,0,True,9000.0
APP-002417,64,46-60,male,western,salaried,198,9247.91,2336.07,7301.6,35651.29,46,2,0,7400.93,0,True,20000.0
APP-002418,45,36-45,female,other,salaried,88,5645.23,1323.64,4349.83,15311.48,22,5,0,7297.11,0,True,16935.69
APP-002419,35,26-35,female,emirati,salaried,55,5714.24,50.06,3458.13,1427.71,2,5,0,13567.16,0,True,17142.72
APP-002420,37,36-45,female,south_asian,salaried,83,6707.42,3044.86,3412.5,100147.78,15,5,0,1038.25,0,True,20000.0
APP-002421,57,46-60,male,south_asian,salaried,170,9094.12,3116.87,7180.1,113346.44,6,3,0,6821.55,0,True,20000.0
APP-002422,64,46-60,male,western,salaried,199,19211.7,816.65,8072.75,32294.49,15,5,0,4927.49,0,True,20000.0
APP-002423,50,46-60,female,south_asian,salaried,143,9498.97,1055.65,3529.59,27978.67,22,5,0,3030.12,0,True,20000.0
APP-002424,18,18-25,male,emirati,salaried,0,8982.92,785.82,3127.4,28376.86,15,0,0,19908.24,0,True,20000.0
APP-002425,38,36-45,male,south_asian,self_employed,67,7994.36,202.22,4476.13,3609.98,32,2,0,14840.31,0,True,20000.0
APP-002426,28,26-35,male,southeast_asian,salaried,17,3414.35,628.12,1585.88,19586.51,14,2,0,1676.93,0,True,10243.05
APP-002427,21,18-25,male,south_asian,self_employed,1,14476.3,3401.05,8591.4,45514.07,36,0,0,11068.52,0,True,20000.0
APP-002428,53,46-60,male,arab_expat,salaried,150,21965.59,3635.24,13392.22,50682.5,6,4,0,2653.17,0,True,20000.0
APP-002429,41,36-45,male,southeast_asian,self_employed,80,4555.3,161.41,2865.33,1745.45,29,2,0,8219.92,0,True,13665.900000000001
APP-002430,42,36-45,male,south_asian,self_employed,98,4778.27,673.72,2290.05,24252.3,33,2,0,1676.27,0,True,14334.810000000001
APP-002431,64,46-60,male,south_asian,salaried,200,9029.87,2091.18,5963.59,35569.88,22,2,0,18756.52,0,True,20000.0
APP-002432,31,26-35,male,south_asian,salaried,65,3000.0,457.11,2018.52,11226.34,39,5,3,6659.57,1,True,9000.0
APP-002433,30,26-35,female,south_asian,salaried,52,4717.48,570.53,2740.34,12814.97,12,2,0,11464.6,0,True,14152.439999999999
APP-002434,20,18-25,female,other,salaried,0,12868.09,1082.66,8406.09,28338.9,37,1,0,15812.63,0,True,20000.0
APP-002435,33,26-35,male,southeast_asian,salaried,87,12919.91,907.94,5316.31,34185.78,24,1,0,3684.2,0,True,20000.0
APP-002436,28,26-35,male,southeast_asian,salaried,45,13448.9,2742.66,6626.11,64591.03,30,3,0,10526.05,0,True,20000.0
APP-002437,24,18-25,female,south_asian,salaried,11,3519.95,506.33,1281.03,16552.27,11,5,0,6867.75,0,True,10559.849999999999
APP-002438,24,18-25,male,south_asian,freelancer,0,7054.75,304.28,3910.92,8387.07,28,2,0,18273.22,0,True,20000.0
APP-002439,55,46-60,male,southeast_asian,salaried,151,21020.92,1536.25,13441.7,35999.02,17,1,0,11942.61,0,True,20000.0
APP-002440,34,26-35,female,south_asian,self_employed,54,8866.27,1343.45,4065.51,41780.42,24,4,0,16045.67,0,True,20000.0
APP-002441,37,36-45,male,arab_expat,self_employed,52,7656.44,536.21,3969.35,15164.51,45,2,0,4766.38,0,True,20000.0
APP-002442,31,26-35,male,south_asian,unemployed,0,4213.437694057418,513.06,2870.52,17378.92,34,4,0,3839.25,0,True,12640.313082172255
APP-002443,24,18-25,male,south_asian,salaried,32,5182.46,882.58,1689.37,20200.4,7,4,0,9590.59,0,True,15547.380000000001
APP-002444,60,46-60,male,western,freelancer,189,23103.25,2381.45,13239.0,79922.48,8,3,0,3602.78,0,True,20000.0
APP-002445,23,18-25,male,south_asian,unemployed,0,4181.781993678311,780.84,2463.96,30606.71,32,4,1,10124.33,0,True,12545.345981034932
APP-002446,56,46-60,male,south_asian,salaried,171,6149.29,1758.35,3653.39,52182.92,47,2,2,4008.21,0,True,18447.87
APP-002447,36,36-45,male,south_asian,salaried,62,17750.36,846.7,12747.97,9278.18,1,5,0,14939.07,0,True,20000.0
APP-002448,47,46-60,male,south_asian,salaried,117,13494.77,4061.18,7440.52,142832.84,35,3,1,2129.43,0,True,20000.0
APP-002449,28,26-35,male,southeast_asian,salaried,4,6451.8,1945.19,4037.06,40457.18,47,3,0,11490.94,0,True,19355.4
APP-002450,22,18-25,male,arab_expat,salaried,24,9255.09,1953.09,3037.27,25775.91,25,0,0,6286.79,0,True,20000.0
APP-002451,19,18-25,female,south_asian,salaried,17,4060.3,898.22,1257.37,19381.85,19,4,0,10556.57,0,True,12180.900000000001
APP-002452,33,26-35,male,western,salaried,43,23765.47,3992.76,16658.75,83780.35,3,3,0,1425.43,0,True,20000.0
APP-002453,29,26-35,male,southeast_asian,salaried,40,20845.59,2817.03,11687.03,30814.28,41,5,1,7922.67,0,True,20000.0
APP-002454,32,26-35,male,south_asian,salaried,38,8557.07,1702.87,3770.89,62489.86,18,5,0,10139.09,0,True,20000.0
APP-002455,32,26-35,female,south_asian,salaried,30,5563.02,633.76,2807.5,19607.74,18,3,0,7626.67,0,True,16689.06
APP-002456,18,18-25,male,south_asian,self_employed,18,3000.0,529.97,2381.36,11122.28,29,4,2,2450.0,0,True,9000.0
APP-002457,23,18-25,male,western,salaried,0,27805.67,4875.41,16724.86,75831.49,4,5,0,18992.8,0,True,20000.0
APP-002458,38,36-45,male,south_asian,salaried,66,3000.0,862.18,2156.61,9313.7,38,1,3,6860.98,1,True,9000.0
APP-002459,40,36-45,female,southeast_asian,freelancer,76,10397.95,2623.71,5631.09,36704.59,35,1,0,13135.55,0,True,20000.0
APP-002460,21,18-25,female,arab_expat,salaried,0,5607.88,933.96,3944.58,34271.57,21,5,0,15312.1,0,True,16823.64
APP-002461,48,46-60,female,arab_expat,salaried,125,11269.42,1355.06,6735.51,28719.11,5,4,0,13746.86,0,True,20000.0
APP-002462,28,26-35,female,south_asian,salaried,25,7756.58,1149.39,5134.3,36603.03,29,2,0,12992.28,0,True,20000.0
APP-002463,30,26-35,male,arab_expat,salaried,25,3855.15,166.04,2373.25,1984.68,14,3,0,11179.68,0,True,11565.45
APP-002464,57,46-60,female,south_asian,salaried,177,10354.07,3839.03,6833.78,56091.34,35,5,0,12032.65,0,True,20000.0
APP-002465,20,18-25,male,emirati,salaried,1,3349.3,94.95,1773.24,1112.08,22,5,0,2563.74,0,False,10047.900000000001
APP-002466,58,46-60,male,south_asian,salaried,179,5148.04,96.49,2683.47,1810.32,0,5,0,1441.32,0,False,15444.119999999999
APP-002467,31,26-35,male,southeast_asian,salaried,27,3349.62,450.82,1109.33,4787.91,0,1,0,1764.35,0,True,10048.86
APP-002468,25,18-25,male,south_asian,self_employed,34,8641.05,642.62,5132.88,6526.28,18,3,0,10604.16,0,True,20000.0
APP-002469,48,46-60,female,emirati,unemployed,0,3000.0,898.21,1737.96,29021.65,17,4,0,7070.58,1,True,9000.0
APP-002470,55,46-60,female,south_asian,salaried,152,12968.35,1728.61,10193.52,53903.73,44,1,0,2130.76,0,True,20000.0
APP-002471,51,46-60,female,arab_expat,freelancer,143,10945.19,1160.1,8662.44,17539.41,6,2,0,3197.21,0,True,20000.0
APP-002472,31,26-35,male,south_asian,salaried,34,4378.19,270.57,2709.17,2822.15,5,4,0,5873.63,0,True,13134.57
APP-002473,64,46-60,female,south_asian,salaried,207,14864.93,4433.15,11137.44,125742.65,11,5,0,8040.52,0,True,20000.0
APP-002474,43,36-45,female,arab_expat,salaried,98,9874.51,1979.47,6109.54,35057.51,34,0,0,6307.2,0,True,20000.0
APP-002475,56,46-60,male,south_asian,self_employed,157,5948.39,681.79,3830.37,25230.38,21,2,0,3402.06,0,True,17845.170000000002
APP-002476,50,46-60,female,south_asian,self_employed,111,11665.13,1467.41,4246.63,52588.03,36,2,0,13927.57,0,True,20000.0
APP-002477,39,36-45,male,southeast_asian,salaried,79,5801.21,959.27,2705.98,16634.59,16,3,0,3236.89,0,True,17403.63
APP-002478,26,26-35,female,south_asian,freelancer,21,15098.15,1249.46,9812.59,33004.94,5,1,0,9601.16,0,True,20000.0
APP-002479,43,36-45,male,southeast_asian,freelancer,94,8780.26,1733.09,4206.58,41385.16,34,3,0,11748.68,0,True,20000.0
APP-002480,22,18-25,male,western,salaried,0,20168.92,1713.85,15515.4,45759.58,4,0,0,17171.7,0,True,20000.0
APP-002481,36,36-45,male,emirati,salaried,70,10666.44,1772.25,6152.45,62075.52,25,3,0,18717.67,0,True,20000.0
APP-002482,43,36-45,female,south_asian,salaried,97,3000.0,435.42,2219.87,10568.58,3,0,1,4170.93,0,True,9000.0
APP-002483,36,36-45,male,south_asian,self_employed,56,4894.61,1001.33,1623.16,24949.8,34,1,0,10801.15,0,True,14683.829999999998
APP-002484,38,36-45,female,western,salaried,73,3491.78,648.56,2076.63,22072.97,7,2,0,6556.25,0,True,10475.34
APP-002485,54,46-60,male,southeast_asian,salaried,162,8398.19,2943.63,5085.47,39896.76,36,3,0,6773.6,0,True,20000.0
APP-002486,35,26-35,male,south_asian,self_employed,73,10286.14,1085.88,7455.33,17861.2,27,1,0,14754.14,0,True,20000.0
APP-002487,18,18-25,male,southeast_asian,self_employed,0,24928.3,6971.96,13554.62,225824.11,5,2,2,10851.28,0,True,20000.0
APP-002488,49,46-60,female,south_asian,unemployed,0,3334.7242553022998,334.17,1686.13,12280.21,39,5,2,1322.52,0,True,10004.1727659069
APP-002489,45,36-45,male,south_asian,salaried,120,6185.84,683.24,4009.39,17357.7,28,0,0,14647.33,0,True,18557.52
APP-002490,35,26-35,male,arab_expat,unemployed,0,4725.842062024241,580.36,1895.3,7974.15,3,1,3,8930.64,1,True,14177.526186072724
APP-002491,53,46-60,male,south_asian,salaried,138,11662.75,1639.14,4296.39,50469.13,21,5,0,1204.53,0,True,20000.0
APP-002492,42,36-45,male,southeast_asian,salaried,70,32877.42,7891.07,11157.3,146529.58,27,1,1,2199.44,0,True,20000.0
APP-002493,42,36-45,female,southeast_asian,salaried,103,10855.29,1570.36,7141.51,51045.88,19,1,0,7701.85,0,True,20000.0
APP-002494,25,18-25,male,arab_expat,salaried,7,6866.29,741.72,3562.86,21835.91,13,2,0,19088.04,0,True,20000.0
APP-002495,37,36-45,female,south_asian,salaried,59,25493.01,3562.29,13002.82,125480.63,39,2,0,10277.81,0,True,20000.0
APP-002496,24,18-25,male,south_asian,salaried,0,11971.48,1913.67,7706.65,65847.39,19,0,0,1637.95,0,True,20000.0
APP-002497,39,36-45,male,southeast_asian,salaried,56,10285.34,183.32,7963.79,4147.77,29,2,0,17024.0,0,True,20000.0
APP-002498,31,26-35,male,arab_expat,salaried,42,10198.71,2505.24,5684.75,40861.73,27,3,1,17696.39,0,True,20000.0
APP-002499,53,46-60,female,south_asian,freelancer,136,5130.3,1617.64,1783.01,44925.76,38,4,0,2075.23,0,True,15390.900000000001
APP-002500,57,46-60,male,western,salaried,167,14942.04,2212.97,7702.93,51310.11,40,5,0,8524.19,0,True,20000.0
APP-002501,37,36-45,male,emirati,salaried,63,9087.92,2385.23,3639.33,38609.27,40,3,0,11602.47,0,True,20000.0
APP-002502,25,18-25,male,south_asian,freelancer,13,5911.25,2003.53,3721.84,23798.49,41,1,0,13484.85,0,True,17733.75
APP-002503,45,36-45,male,south_asian,salaried,99,5646.97,655.14,4146.14,25948.16,9,0,0,5987.12,0,True,16940.91
APP-002504,30,26-35,male,south_asian,salaried,32,5809.35,1042.31,2477.54,14876.16,24,3,0,17099.43,0,True,17428.050000000003
APP-002505,60,46-60,male,arab_expat,self_employed,194,8316.04,2774.88,4071.72,32234.67,33,3,0,8653.4,0,True,20000.0
APP-002506,54,46-60,female,southeast_asian,salaried,144,10101.75,1201.86,7079.54,42155.41,44,5,0,17346.43,0,True,20000.0
APP-002507,23,18-25,male,south_asian,salaried,17,14292.78,2974.87,4592.45,67320.97,23,0,0,17893.35,0,True,20000.0
APP-002508,32,26-35,male,south_asian,self_employed,38,6992.84,1588.34,5252.0,26263.32,44,2,3,5287.45,1,True,20000.0
APP-002509,65,46-60,female,south_asian,salaried,225,3000.0,687.73,1322.16,15864.28,17,4,0,4536.56,0,True,9000.0
APP-002510,50,46-60,male,western,salaried,120,4000.47,753.6,2130.74,20670.68,4,2,0,1496.07,0,True,12001.41
APP-002511,56,46-60,female,south_asian,salaried,142,22760.79,1470.08,7925.69,38467.99,31,5,0,18280.69,0,True,20000.0
APP-002512,26,26-35,female,southeast_asian,freelancer,0,9202.69,2516.56,6489.05,29730.93,10,0,0,18359.33,1,True,20000.0
APP-002513,34,26-35,male,south_asian,salaried,53,5616.29,424.93,1833.84,13325.77,30,4,0,11770.05,0,True,16848.87
APP-002514,19,18-25,male,arab_expat,freelancer,0,12465.65,1442.67,6508.44,17450.24,33,4,0,10072.82,0,True,20000.0
APP-002515,27,26-35,male,southeast_asian,self_employed,15,7287.95,503.34,2905.63,15077.17,24,1,0,6431.31,0,True,20000.0
APP-002516,59,46-60,male,southeast_asian,self_employed,178,4019.43,622.08,1265.19,9493.63,4,5,0,2984.17,0,True,12058.289999999999
APP-002517,63,46-60,male,western,self_employed,195,32023.81,9196.36,12208.26,112615.95,23,3,0,18577.64,0,True,20000.0
APP-002518,64,46-60,female,south_asian,salaried,217,8341.84,1674.48,2864.98,40864.53,16,0,0,10061.57,0,True,20000.0
APP-002519,54,46-60,male,emirati,salaried,146,14527.3,1124.79,11431.69,22011.68,29,3,0,2292.17,0,True,20000.0
APP-002520,40,36-45,male,other,salaried,76,7051.62,341.29,3427.21,11099.86,22,5,0,9530.6,0,True,20000.0
APP-002521,29,26-35,male,southeast_asian,freelancer,44,9121.19,4094.75,7208.3,119190.02,0,1,0,11759.71,0,True,20000.0
APP-002522,45,36-45,female,arab_expat,salaried,116,4294.59,794.94,1904.31,29367.13,16,4,0,7890.67,0,True,12883.77
APP-002523,60,46-60,female,south_asian,salaried,179,10425.59,3191.08,4219.86,87560.77,8,4,0,8351.86,0,True,20000.0
APP-002524,48,46-60,male,southeast_asian,salaried,99,20026.3,3727.74,6050.51,53304.27,35,3,0,852.28,0,True,20000.0
APP-002525,50,46-60,male,south_asian,salaried,145,6317.15,1247.58,4203.81,12588.96,13,2,0,14137.7,0,True,18951.449999999997
APP-002526,59,46-60,male,emirati,self_employed,195,9588.04,2249.17,5539.18,76840.47,46,0,0,1870.21,0,True,20000.0
APP-002527,21,18-25,male,south_asian,self_employed,0,5966.72,866.6,3617.65,24343.97,31,5,0,14340.93,0,True,17900.16
APP-002528,30,26-35,male,south_asian,salaried,26,6669.2,1443.58,3710.49,55993.23,10,5,0,11001.18,0,True,20000.0
APP-002529,42,36-45,male,arab_expat,salaried,117,18695.01,3815.6,12457.93,79354.08,5,4,0,7849.56,0,True,20000.0
APP-002530,51,46-60,male,western,salaried,125,20195.8,2251.38,12432.31,35015.71,4,0,0,9087.15,0,True,20000.0
APP-002531,65,46-60,female,arab_expat,salaried,195,21867.33,6288.54,10484.1,171594.14,12,3,0,15852.8,0,True,20000.0
APP-002532,54,46-60,male,emirati,salaried,150,6924.9,1987.95,3712.56,31079.94,16,4,0,15708.6,0,True,20000.0
APP-002533,25,18-25,male,arab_expat,self_employed,20,5760.26,2667.76,4171.8,74650.73,16,1,0,11584.05,0,True,17280.78
APP-002534,51,46-60,male,emirati,salaried,156,21615.41,4005.79,6776.61,114795.82,28,4,0,18037.88,0,True,20000.0
APP-002535,62,46-60,male,arab_expat,freelancer,176,3000.0,477.5,1417.11,13475.43,17,1,0,8586.14,0,True,9000.0
APP-002536,38,36-45,male,south_asian,salaried,71,3000.0,682.25,1361.21,25395.75,35,0,0,3251.9,0,True,9000.0
APP-002537,33,26-35,male,emirati,salaried,66,6976.83,1678.36,4226.21,55250.83,33,5,0,17199.52,0,True,20000.0
APP-002538,62,46-60,male,south_asian,salaried,192,13562.13,634.37,7445.33,22945.57,2,3,0,15520.7,0,True,20000.0
APP-002539,57,46-60,female,other,salaried,176,17855.74,1663.32,8380.76,27218.28,6,2,0,10953.62,0,True,20000.0
APP-002540,57,46-60,male,arab_expat,salaried,172,9137.42,1974.64,3830.72,24434.37,20,2,0,1311.05,0,True,20000.0
APP-002541,18,18-25,male,southeast_asian,self_employed,0,3355.86,1317.77,2362.24,33691.26,23,0,0,5307.62,0,True,10067.58
APP-002542,25,18-25,male,arab_expat,unemployed,0,3803.3866784543216,453.04,2128.84,12719.06,27,4,0,6013.05,0,True,11410.160035362966
APP-002543,33,26-35,male,southeast_asian,salaried,59,8124.64,539.8,4756.8,7823.37,19,2,0,11152.9,0,True,20000.0
APP-002544,65,46-60,female,south_asian,salaried,194,9017.94,587.91,4093.48,7102.84,36,3,0,18871.15,0,True,20000.0
APP-002545,61,46-60,female,south_asian,salaried,183,7454.62,158.78,3699.34,1620.09,31,2,0,8131.07,0,True,20000.0
APP-002546,24,18-25,male,arab_expat,salaried,25,11710.72,1293.94,6047.21,15085.84,47,2,2,12542.7,0,True,20000.0
APP-002547,50,46-60,female,southeast_asian,salaried,121,17570.99,5894.57,12970.39,208078.06,2,1,0,3471.92,0,True,20000.0
APP-002548,62,46-60,female,arab_expat,salaried,211,5525.91,925.97,2510.09,16236.82,31,1,1,13577.74,0,True,16577.73
APP-002549,55,46-60,male,south_asian,salaried,154,4333.35,166.29,1749.12,3587.92,38,5,0,6937.19,0,True,13000.050000000001
APP-002550,34,26-35,male,arab_expat,salaried,36,8885.18,699.96,2846.53,8041.57,17,4,0,7318.64,0,True,20000.0
APP-002551,62,46-60,female,south_asian,salaried,203,6590.96,855.16,3758.35,22913.61,2,3,0,19129.75,0,True,19772.88
APP-002552,63,46-60,female,southeast_asian,salaried,204,11245.52,3428.3,3894.64,95644.98,28,2,1,1192.91,0,True,20000.0
APP-002553,44,36-45,female,south_asian,salaried,95,7003.46,2331.99,4499.65,38699.28,44,3,0,7531.26,0,True,20000.0
APP-002554,57,46-60,female,southeast_asian,salaried,162,3000.0,283.94,1304.07,10048.1,29,0,0,3832.68,0,True,9000.0
APP-002555,37,36-45,male,south_asian,salaried,56,6754.11,1598.44,4153.6,19687.95,46,2,0,16396.99,0,True,20000.0
APP-002556,46,46-60,female,south_asian,salaried,105,6461.26,1446.63,3943.29,49460.06,5,3,3,18855.83,1,True,19383.78
APP-002557,44,36-45,male,western,salaried,88,18989.1,7354.95,12829.76,227168.9,32,2,2,6495.18,0,True,20000.0
APP-002558,35,26-35,male,south_asian,salaried,72,3000.0,399.67,983.36,5491.93,43,5,0,1769.32,0,True,9000.0
APP-002559,25,18-25,male,emirati,salaried,11,27272.28,5075.12,11412.0,134057.01,0,3,0,2199.0,0,True,20000.0
APP-002560,46,46-60,male,arab_expat,salaried,114,7814.45,222.44,4045.46,6716.7,18,2,0,7338.71,0,True,20000.0
APP-002561,48,46-60,male,south_asian,self_employed,123,9825.72,1052.5,5340.1,28644.18,23,0,0,6332.31,0,True,20000.0
APP-002562,40,36-45,male,southeast_asian,salaried,70,5943.51,752.2,4623.14,18060.3,28,3,0,15142.63,0,True,17830.53
APP-002563,51,46-60,male,south_asian,self_employed,134,13750.75,1585.5,10212.51,55009.57,28,3,0,15859.03,0,True,20000.0
APP-002564,64,46-60,female,south_asian,salaried,203,4957.96,1114.55,2675.83,18200.7,1,3,0,5927.8,0,True,14873.880000000001
APP-002565,63,46-60,female,arab_expat,salaried,207,6394.47,1606.22,3402.9,33247.38,15,1,3,17518.28,1,True,19183.41
APP-002566,34,26-35,male,emirati,self_employed,59,24042.55,7342.57,14600.73,169101.63,6,0,0,16567.39,0,True,20000.0
APP-002567,63,46-60,male,south_asian,salaried,201,4045.37,730.31,1802.13,24636.11,29,0,0,5552.51,0,True,12136.11
APP-002568,44,36-45,male,emirati,salaried,106,6665.72,1965.6,2678.44,69834.04,29,4,3,12137.96,1,True,19997.16
APP-002569,54,46-60,male,western,salaried,158,19322.08,4060.14,9229.85,85208.26,4,4,0,16300.54,0,True,20000.0
APP-002570,61,46-60,female,southeast_asian,unemployed,0,3471.3583530748156,457.3,2159.2,17369.96,46,3,0,2584.11,0,True,10414.075059224448
APP-002571,61,46-60,female,south_asian,salaried,186,12871.42,2682.76,7120.99,84144.71,11,3,0,19426.39,0,True,20000.0
APP-002572,53,46-60,female,south_asian,salaried,148,6250.09,1580.42,1941.44,53083.76,45,5,0,10812.76,0,True,18750.27
APP-002573,63,46-60,female,south_asian,salaried,166,8124.0,824.13,2519.5,12679.5,4,1,0,7095.9,0,True,20000.0
APP-002574,41,36-45,male,emirati,self_employed,84,3962.17,895.62,2667.59,12013.61,12,1,0,1711.56,0,True,11886.51
APP-002575,59,46-60,male,south_asian,self_employed,165,7355.43,1910.5,2575.94,29342.11,25,1,1,14272.14,0,True,20000.0
APP-002576,43,36-45,male,south_asian,salaried,98,3866.85,1423.05,2808.79,33203.95,27,1,3,6585.25,1,True,11600.55
APP-002577,40,36-45,male,south_asian,salaried,101,5939.33,263.14,2760.99,4874.79,47,4,0,11281.04,0,True,17817.989999999998
APP-002578,57,46-60,male,south_asian,freelancer,158,8073.57,1522.11,4707.74,45718.78,45,4,0,2904.97,0,True,20000.0
APP-002579,58,46-60,male,south_asian,self_employed,168,5040.16,964.23,2240.53,20122.13,5,2,0,6296.34,0,True,15120.48
APP-002580,31,26-35,female,western,salaried,45,11779.41,3411.88,6488.23,116954.53,44,2,0,16749.93,0,True,20000.0
APP-002581,35,26-35,male,emirati,salaried,79,11041.89,2700.64,8473.97,86479.3,32,2,0,2024.35,0,True,20000.0
APP-002582,39,36-45,male,south_asian,salaried,98,5899.73,204.77,2745.36,4400.78,21,1,0,15422.87,0,True,17699.19
APP-002583,37,36-45,male,western,salaried,71,6256.88,1146.98,4908.31,11638.23,29,4,1,12962.92,0,True,18770.64
APP-002584,21,18-25,female,western,salaried,0,8703.96,317.33,5546.6,7735.23,13,1,0,13916.95,0,True,20000.0
APP-002585,32,26-35,female,south_asian,self_employed,53,6030.14,607.7,2669.48,9939.82,44,3,2,2725.07,0,True,18090.420000000002
APP-002586,19,18-25,male,emirati,salaried,0,25741.8,6552.09,10113.24,221491.35,45,3,0,3950.1,0,True,20000.0
APP-002587,54,46-60,male,southeast_asian,salaried,165,16589.18,4161.76,6315.48,117525.67,40,4,0,12344.2,0,True,20000.0
APP-002588,61,46-60,male,arab_expat,salaried,192,4642.06,1064.76,3355.24,39246.35,11,4,0,7634.46,0,True,13926.18
APP-002589,21,18-25,male,southeast_asian,salaried,0,6805.0,1009.69,3141.63,17370.5,1,1,0,4134.04,0,True,20000.0
APP-002590,42,36-45,male,arab_expat,salaried,98,5631.59,794.6,2850.3,18252.54,4,2,0,788.84,0,True,16894.77
APP-002591,57,46-60,male,south_asian,freelancer,185,21129.58,2188.93,8527.43,41991.69,42,5,0,2127.65,0,True,20000.0
APP-002592,37,36-45,male,south_asian,self_employed,76,5152.18,475.51,3079.94,15628.8,27,5,0,13195.87,0,True,15456.54
APP-002593,40,36-45,female,south_asian,salaried,94,3000.0,568.67,1549.83,7193.7,9,5,0,6773.7,0,True,9000.0
APP-002594,22,18-25,male,emirati,salaried,14,7186.25,1331.65,3063.83,47899.1,32,1,0,12301.55,0,True,20000.0
APP-002595,43,36-45,male,western,freelancer,114,16273.46,6183.97,7200.2,133732.01,20,5,0,9880.69,1,True,20000.0
APP-002596,45,36-45,male,south_asian,salaried,115,7658.88,1271.0,3142.43,31324.54,37,5,0,14516.12,0,True,20000.0
APP-002597,26,26-35,female,arab_expat,salaried,11,12363.52,3697.49,4448.57,118476.0,17,0,0,14910.82,0,True,20000.0
APP-002598,31,26-35,male,southeast_asian,salaried,38,15960.84,1383.3,10459.88,16805.63,37,0,0,7917.07,0,True,20000.0
APP-002599,22,18-25,female,south_asian,salaried,5,6680.05,1004.74,2957.94,32607.03,23,5,0,14821.34,0,True,20000.0
APP-002600,23,18-25,male,south_asian,salaried,13,15169.3,3031.57,9299.75,119584.97,1,1,0,1391.34,0,True,20000.0
APP-002601,31,26-35,male,arab_expat,salaried,45,9838.1,2087.68,5817.09,68669.96,22,1,0,13397.39,0,True,20000.0
APP-002602,56,46-60,male,south_asian,salaried,191,13071.71,246.33,8956.59,8447.7,36,3,0,6439.51,0,True,20000.0
APP-002603,61,46-60,male,south_asian,salaried,186,4836.53,556.39,2798.15,10550.74,27,5,3,10349.17,1,True,14509.59
APP-002604,27,26-35,male,arab_expat,salaried,25,14127.84,1854.34,5059.11,73612.66,33,5,0,8499.11,0,True,20000.0
APP-002605,30,26-35,male,south_asian,salaried,10,7246.42,690.14,4529.34,7025.07,33,2,0,13172.28,0,True,20000.0
APP-002606,25,18-25,female,south_asian,salaried,0,5058.2,810.21,2105.84,13948.41,4,3,3,5197.86,1,True,15174.599999999999
APP-002607,63,46-60,female,emirati,salaried,190,7606.67,1789.88,5617.55,46576.01,25,0,0,5068.23,0,True,20000.0
APP-002608,49,46-60,male,other,salaried,125,15321.78,4124.97,9841.39,117945.82,38,0,0,17803.62,0,True,20000.0
APP-002609,56,46-60,male,western,salaried,178,51609.1,15504.55,36813.82,179781.41,13,0,3,7728.59,0,True,20000.0
APP-002610,39,36-45,male,southeast_asian,salaried,89,4590.56,317.97,2361.38,10926.62,19,3,0,2395.99,0,True,13771.68
APP-002611,24,18-25,male,southeast_asian,salaried,21,5237.28,1405.22,3527.76,28726.29,4,5,0,11787.82,0,True,15711.84
APP-002612,34,26-35,male,other,unemployed,0,3551.46900187305,759.31,2541.09,14447.23,11,2,0,3639.07,0,True,10654.407005619149
APP-002613,54,46-60,male,southeast_asian,salaried,158,5320.63,651.69,2332.45,6658.29,12,4,0,10807.21,0,True,15961.89
APP-002614,30,26-35,male,south_asian,salaried,29,6233.79,1845.95,4351.75,48279.05,43,5,0,17447.84,0,True,18701.37
APP-002615,51,46-60,male,south_asian,self_employed,160,8651.71,2165.82,6474.86,25280.7,17,1,0,6527.23,0,True,20000.0
APP-002616,47,46-60,male,arab_expat,self_employed,113,17564.12,1311.01,9458.88,40674.0,41,0,0,1057.26,0,True,20000.0
APP-002617,46,46-60,male,arab_expat,salaried,127,6577.25,471.14,2681.75,9599.36,45,5,0,14937.01,0,True,19731.75
APP-002618,21,18-25,female,south_asian,salaried,7,5007.41,1617.39,2463.89,60175.48,13,5,0,6236.88,0,True,15022.23
APP-002619,44,36-45,male,south_asian,self_employed,135,9534.03,1390.92,6521.41,21911.03,17,3,0,11998.84,0,True,20000.0
APP-002620,29,26-35,female,western,salaried,31,9230.3,620.51,3865.86,12668.65,39,5,0,5534.0,0,True,20000.0
APP-002621,21,18-25,female,south_asian,salaried,0,11103.15,1857.25,8184.24,65426.42,25,1,1,13973.33,0,True,20000.0
APP-002622,18,18-25,male,south_asian,freelancer,0,5143.15,1226.24,1815.62,23447.14,42,3,0,506.04,0,True,15429.449999999999
APP-002623,40,36-45,male,south_asian,salaried,93,8685.79,478.86,3783.68,7559.82,29,0,0,15372.65,0,True,20000.0
APP-002624,25,18-25,male,south_asian,salaried,25,6936.88,1107.19,2753.42,42745.77,32,3,0,9380.62,0,True,20000.0
APP-002625,63,46-60,male,south_asian,salaried,210,4475.7,692.55,2925.58,20066.99,22,4,0,1636.67,0,True,13427.099999999999
APP-002626,58,46-60,male,southeast_asian,salaried,183,17229.8,1574.99,13198.2,17684.35,20,2,0,16549.75,0,True,20000.0
APP-002627,23,18-25,male,other,self_employed,28,9790.06,1248.84,3059.3,20945.47,27,4,0,9495.37,0,True,20000.0
APP-002628,46,46-60,female,arab_expat,salaried,116,16822.64,5113.68,5186.85,111029.98,14,4,0,14689.35,0,True,20000.0
APP-002629,40,36-45,female,western,salaried,80,21226.91,4713.19,9517.26,103233.19,24,1,0,3983.46,0,True,20000.0
APP-002630,22,18-25,female,western,salaried,9,26241.11,2705.59,8623.33,100319.18,27,0,0,1981.76,0,True,20000.0
APP-002631,64,46-60,male,southeast_asian,freelancer,188,10585.8,3601.34,3800.84,117297.89,10,2,0,19406.02,0,True,20000.0
APP-002632,38,36-45,male,south_asian,salaried,95,7266.21,155.23,2266.95,1807.54,12,2,2,17103.2,0,True,20000.0
APP-002633,42,36-45,female,emirati,freelancer,92,8057.16,2871.15,4234.04,75282.37,8,4,3,926.76,1,True,20000.0
APP-002634,30,26-35,male,emirati,salaried,26,9980.35,1709.93,5317.07,64471.16,43,3,0,12421.03,0,True,20000.0
APP-002635,35,26-35,female,south_asian,salaried,64,6524.91,1413.21,2072.52,34766.83,17,5,0,8839.72,0,True,19574.73
APP-002636,40,36-45,male,southeast_asian,salaried,70,4394.65,900.39,2166.38,27410.31,40,4,0,12583.73,0,True,13183.949999999999
APP-002637,23,18-25,male,south_asian,salaried,0,5329.79,1126.18,1780.04,20878.76,43,5,0,5155.73,0,True,15989.369999999999
APP-002638,44,36-45,female,southeast_asian,salaried,133,10482.78,827.35,3431.9,18445.2,25,4,0,9042.84,0,True,20000.0
APP-002639,63,46-60,female,arab_expat,salaried,215,7141.54,543.81,3077.53,12077.44,4,5,0,6700.82,0,True,20000.0
APP-002640,25,18-25,male,emirati,salaried,28,4568.21,649.44,2584.8,22681.97,20,4,0,10903.13,0,True,13704.630000000001
APP-002641,58,46-60,male,arab_expat,self_employed,173,8603.66,1506.88,3290.72,32593.43,3,1,0,8023.94,0,True,20000.0
APP-002642,41,36-45,male,southeast_asian,freelancer,75,51725.22,3587.62,17652.32,106104.92,24,0,0,15061.03,0,True,20000.0
APP-002643,56,46-60,male,emirati,self_employed,150,29702.92,3820.18,18492.94,55355.84,8,4,1,19887.88,0,True,20000.0
APP-002644,63,46-60,female,south_asian,self_employed,197,9983.89,1929.21,5570.75,62924.18,9,4,0,9336.54,0,True,20000.0
APP-002645,38,36-45,male,arab_expat,salaried,51,6098.7,610.04,4665.49,6614.6,14,4,0,1472.68,0,True,18296.1
APP-002646,44,36-45,male,arab_expat,salaried,103,9756.5,880.05,6813.41,26947.09,2,1,0,11925.24,0,True,20000.0
APP-002647,61,46-60,male,emirati,salaried,184,10626.28,1782.18,6987.21,53601.67,7,1,0,523.84,0,True,20000.0
APP-002648,52,46-60,female,south_asian,salaried,147,19505.08,1944.91,8649.86,28829.27,22,2,0,6536.75,0,True,20000.0
APP-002649,35,26-35,female,south_asian,self_employed,77,7435.17,1038.9,5537.0,17748.16,35,4,0,3893.43,0,True,20000.0
APP-002650,57,46-60,male,arab_expat,self_employed,154,11122.95,833.48,4166.97,32155.19,17,4,0,10634.13,0,True,20000.0
APP-002651,65,46-60,male,southeast_asian,salaried,197,4165.2,533.89,2748.28,18427.16,8,2,0,9051.4,0,True,12495.599999999999
APP-002652,39,36-45,male,arab_expat,salaried,64,4554.94,228.5,2565.4,5619.71,5,0,1,5597.47,0,True,13664.82
APP-002653,36,36-45,male,arab_expat,salaried,70,22422.04,2840.56,10607.82,86293.14,24,3,0,4212.88,0,True,20000.0
APP-002654,29,26-35,female,south_asian,salaried,40,7748.78,1032.39,4024.96,15352.86,40,4,1,8976.63,0,True,20000.0
APP-002655,44,36-45,female,western,salaried,94,26851.24,4694.28,19086.79,140316.16,39,1,0,19903.1,0,True,20000.0
APP-002656,33,26-35,male,south_asian,salaried,54,5905.19,399.37,3893.01,8588.23,36,4,0,1021.98,0,True,17715.57
APP-002657,45,36-45,male,arab_expat,salaried,124,3000.0,163.71,1820.77,2126.38,5,3,1,7219.63,0,True,9000.0
APP-002658,44,36-45,male,arab_expat,salaried,95,7566.71,847.69,3588.08,12386.35,14,2,1,2969.56,0,True,20000.0
APP-002659,47,46-60,female,other,freelancer,116,17179.32,1057.43,11835.92,30740.86,15,2,0,8605.82,0,True,20000.0
APP-002660,47,46-60,male,southeast_asian,salaried,117,15992.79,1021.37,12320.67,23806.07,9,4,0,14767.43,0,True,20000.0
APP-002661,19,18-25,female,south_asian,self_employed,2,3380.4,958.66,2333.14,35573.01,30,1,0,2515.75,0,True,10141.2
APP-002662,33,26-35,male,emirati,salaried,63,6049.18,1564.06,1967.38,16532.02,16,0,0,2663.26,0,True,18147.54
APP-002663,42,36-45,male,arab_expat,salaried,96,9534.89,2013.28,4742.47,55697.88,32,1,2,19417.77,0,True,20000.0
APP-002664,40,36-45,male,southeast_asian,salaried,100,8081.38,1410.1,5504.73,45210.55,26,1,0,13473.3,0,True,20000.0
APP-002665,52,46-60,male,south_asian,salaried,142,13451.19,570.93,6041.84,7578.74,45,1,0,3636.37,0,True,20000.0
APP-002666,43,36-45,female,other,salaried,122,3000.0,924.98,1502.44,18851.08,37,4,0,2062.67,0,True,9000.0
APP-002667,54,46-60,male,southeast_asian,salaried,158,14026.39,1620.6,8515.07,16218.85,33,2,0,8956.29,0,True,20000.0
APP-002668,42,36-45,male,other,salaried,99,3780.73,1270.7,2196.77,21758.92,28,2,1,7992.7,0,True,11342.19
APP-002669,30,26-35,male,south_asian,self_employed,51,3078.41,858.46,1938.76,29151.23,46,2,0,1981.33,0,True,9235.23
APP-002670,19,18-25,male,arab_expat,salaried,1,6289.68,549.38,4113.35,18301.45,17,5,0,5011.67,0,True,18869.04
APP-002671,65,46-60,male,emirati,self_employed,220,17318.61,1741.3,12415.64,64589.65,21,1,0,16990.44,0,True,20000.0
APP-002672,46,46-60,male,south_asian,salaried,99,12200.69,2349.57,6655.94,70402.73,5,1,0,3902.91,0,True,20000.0
APP-002673,49,46-60,female,south_asian,salaried,121,5287.83,2145.74,2188.27,25254.12,40,5,1,4744.73,1,True,15863.49
APP-002674,53,46-60,male,south_asian,salaried,167,3000.0,731.46,2196.61,26621.73,27,3,0,8481.83,0,True,9000.0
APP-002675,35,26-35,male,southeast_asian,salaried,72,6782.62,345.22,2699.7,12898.5,45,4,0,6536.6,0,True,20000.0
APP-002676,20,18-25,female,southeast_asian,salaried,0,3004.7,594.87,1685.89,8291.95,35,2,0,5323.78,0,True,9014.099999999999
APP-002677,52,46-60,male,arab_expat,salaried,148,7688.17,990.5,5659.67,31558.52,46,3,0,13663.89,0,True,20000.0
APP-002678,50,46-60,female,south_asian,self_employed,117,12346.83,2514.94,8595.2,72429.68,0,3,0,14781.14,0,True,20000.0
APP-002679,44,36-45,male,south_asian,salaried,107,16772.17,1511.67,11060.38,34798.81,26,3,0,9251.55,0,True,20000.0
APP-002680,46,46-60,male,arab_expat,freelancer,99,8998.62,1953.3,3679.78,56930.22,24,3,0,11883.86,1,True,20000.0
APP-002681,58,46-60,male,western,unemployed,0,4827.288876990074,1107.57,3420.06,24311.75,36,0,0,8014.97,0,True,14481.86663097022
APP-002682,49,46-60,female,emirati,salaried,125,17423.87,5576.86,5951.18,179722.88,10,2,0,2035.35,0,True,20000.0
APP-002683,49,46-60,male,arab_expat,salaried,105,11302.17,554.26,6835.82,16038.74,39,3,0,4439.77,0,True,20000.0
APP-002684,41,36-45,female,other,self_employed,100,7340.56,1883.29,3178.45,47390.03,18,4,0,1607.73,0,True,20000.0
APP-002685,63,46-60,male,arab_expat,salaried,204,13551.08,1216.03,8199.21,41421.82,7,0,0,2030.94,0,True,20000.0
APP-002686,51,46-60,female,south_asian,salaried,146,9704.98,1446.85,7392.65,18369.87,11,0,0,9908.26,0,True,20000.0
APP-002687,63,46-60,male,emirati,salaried,207,4210.31,528.32,2029.74,6471.83,38,2,0,1556.91,0,True,12630.93
APP-002688,59,46-60,male,south_asian,salaried,171,7394.4,1125.02,2990.27,17303.67,38,5,3,2208.82,1,True,20000.0
APP-002689,41,36-45,male,south_asian,salaried,81,4382.22,1186.14,3168.41,21282.03,14,2,2,7424.77,1,True,13146.66
APP-002690,45,36-45,male,southeast_asian,salaried,105,10526.1,1100.37,6308.15,30845.02,12,5,0,2417.37,0,True,20000.0
APP-002691,31,26-35,male,south_asian,salaried,37,3958.55,815.16,1653.73,20781.2,36,5,3,6880.78,1,True,11875.650000000001
APP-002692,54,46-60,female,southeast_asian,salaried,158,9044.63,2460.25,7011.0,53463.71,15,1,3,8855.67,1,True,20000.0
APP-002693,49,46-60,female,emirati,unemployed,0,4124.8555323424525,170.97,1469.84,2796.29,44,5,0,3685.39,0,True,12374.566597027359
APP-002694,25,18-25,male,southeast_asian,salaried,0,8741.41,1862.89,6624.4,26974.88,10,5,0,2895.97,0,True,20000.0
APP-002695,64,46-60,male,south_asian,freelancer,201,13586.11,2627.82,9707.12,28010.74,13,5,2,2518.84,1,True,20000.0
APP-002696,46,46-60,female,emirati,self_employed,101,12078.38,2690.66,8531.94,34716.75,9,1,0,576.22,0,True,20000.0
APP-002697,51,46-60,male,southeast_asian,salaried,124,16667.26,5565.59,6322.87,127918.94,21,4,0,8158.49,0,True,20000.0
APP-002698,65,46-60,male,south_asian,salaried,202,8796.91,1686.88,3583.99,30474.48,0,3,0,13520.71,0,True,20000.0
APP-002699,20,18-25,male,south_asian,self_employed,3,7805.44,1934.36,3802.07,52813.28,28,2,0,15193.1,0,True,20000.0
APP-002700,59,46-60,female,south_asian,salaried,182,23722.38,10080.48,9227.15,340227.42,0,5,0,3879.13,0,True,20000.0
APP-002701,19,18-25,male,southeast_asian,salaried,9,18640.93,3947.07,9596.82,80736.65,44,5,0,5134.59,0,True,20000.0
APP-002702,38,36-45,female,south_asian,salaried,86,12349.75,3858.33,9868.55,105749.77,6,1,0,576.28,0,True,20000.0
APP-002703,63,46-60,female,south_asian,salaried,184,8343.66,188.54,4953.96,7311.51,0,2,0,801.45,0,True,20000.0
APP-002704,61,46-60,female,south_asian,salaried,192,6455.62,1323.48,4549.02,39735.86,44,1,0,1140.49,0,True,19366.86
APP-002705,29,26-35,female,south_asian,salaried,41,6218.29,1911.41,2884.55,35954.75,0,4,0,10703.8,0,True,18654.87
APP-002706,55,46-60,male,southeast_asian,freelancer,168,4235.86,688.49,2238.05,21128.83,27,0,2,1842.59,1,True,12707.579999999998
APP-002707,55,46-60,female,south_asian,salaried,175,6264.27,1351.41,3682.79,34034.17,25,1,0,4693.77,0,True,18792.81
APP-002708,26,26-35,female,western,salaried,2,14025.0,1426.43,9976.44,49432.02,33,2,0,18500.88,0,True,20000.0
APP-002709,56,46-60,female,south_asian,salaried,165,14057.8,1177.33,9430.76,36665.49,44,1,0,4769.46,0,True,20000.0
APP-002710,32,26-35,female,southeast_asian,salaried,54,10780.15,1427.72,8243.12,56398.9,31,5,0,9592.43,0,True,20000.0
APP-002711,42,36-45,male,south_asian,salaried,100,20849.39,6169.73,13650.83,82923.15,7,5,0,13592.57,0,True,20000.0
APP-002712,39,36-45,male,south_asian,salaried,73,3918.32,498.86,2634.03,15463.83,27,0,0,9794.08,0,True,11754.960000000001
APP-002713,18,18-25,female,south_asian,salaried,0,3785.49,266.93,2396.27,7536.94,31,0,0,5788.39,0,True,11356.47
APP-002714,59,46-60,female,arab_expat,salaried,172,7877.55,2738.67,3204.26,57554.69,34,4,0,4495.97,0,True,20000.0
APP-002715,36,36-45,male,emirati,salaried,69,6486.07,1763.42,4848.84,22171.11,22,1,0,7795.13,0,True,19458.21
APP-002716,19,18-25,female,arab_expat,salaried,10,3208.08,652.5,1147.42,13875.6,5,4,3,3929.32,1,True,9624.24
APP-002717,24,18-25,male,arab_expat,salaried,21,8619.27,2547.5,5657.67,40431.33,9,4,0,16923.62,0,True,20000.0
APP-002718,45,36-45,male,southeast_asian,salaried,102,5034.78,909.25,3096.92,24311.22,18,5,0,3980.15,0,True,15104.34
APP-002719,21,18-25,male,south_asian,salaried,2,8960.06,1871.3,5899.01,53631.25,5,5,0,8663.17,0,True,20000.0
APP-002720,41,36-45,female,south_asian,salaried,81,3456.93,320.12,2427.59,6516.47,21,3,0,1412.69,0,True,10370.789999999999
APP-002721,39,36-45,male,western,salaried,85,28210.21,2183.82,17141.63,85407.51,3,5,0,1047.0,0,True,20000.0
APP-002722,55,46-60,female,south_asian,freelancer,151,6718.77,403.82,3550.04,13438.94,38,1,0,19535.04,1,True,20000.0
APP-002723,61,46-60,male,western,salaried,177,9754.91,2102.26,6748.43,25166.21,47,2,0,1638.6,0,True,20000.0
APP-002724,48,46-60,male,south_asian,salaried,145,7142.43,2448.56,4311.35,41302.31,8,3,2,19949.05,1,True,20000.0
APP-002725,46,46-60,male,south_asian,salaried,138,4525.4,929.03,3353.82,11582.2,47,4,1,8948.69,0,True,13576.199999999999
APP-002726,26,26-35,male,western,salaried,7,8197.84,688.0,5723.56,11422.46,5,0,0,6252.86,0,True,20000.0
APP-002727,50,46-60,male,arab_expat,salaried,144,19097.95,5406.29,13831.96,92623.68,13,1,1,16499.64,0,True,20000.0
APP-002728,55,46-60,male,south_asian,salaried,158,3747.02,1264.6,2544.52,33590.85,37,0,0,1527.41,0,True,11241.06
APP-002729,27,26-35,female,emirati,salaried,42,6446.55,1204.3,4362.45,15671.45,4,4,0,17220.94,0,True,19339.65
APP-002730,30,26-35,male,arab_expat,salaried,34,14231.46,3736.79,7378.83,80888.99,27,5,0,7204.55,0,True,20000.0
APP-002731,44,36-45,male,emirati,salaried,105,5902.5,429.46,4661.47,14732.86,34,1,0,600.07,0,True,17707.5
APP-002732,26,26-35,male,other,salaried,32,6882.0,513.25,4998.15,15815.13,43,4,0,9307.36,0,True,20000.0
APP-002733,65,46-60,male,emirati,salaried,230,3000.0,39.15,1218.48,456.74,38,3,0,1568.31,0,False,9000.0
APP-002734,58,46-60,female,southeast_asian,salaried,174,25169.35,2406.99,17190.42,52402.16,2,2,0,18508.56,0,True,20000.0
APP-002735,37,36-45,male,arab_expat,self_employed,60,6894.82,1696.23,2694.43,40338.46,33,4,0,11687.11,0,True,20000.0
APP-002736,29,26-35,female,emirati,salaried,35,8647.94,2200.0,3954.08,36080.33,16,4,0,11305.52,0,True,20000.0
APP-002737,24,18-25,male,south_asian,salaried,24,5242.39,686.58,1745.21,8435.72,1,4,0,12779.1,0,True,15727.170000000002
APP-002738,52,46-60,female,south_asian,salaried,152,6060.9,1218.64,4232.13,31777.3,25,5,0,11450.51,0,True,18182.699999999997
APP-002739,65,46-60,male,other,salaried,205,8993.62,658.14,6247.42,8265.94,11,4,0,8362.8,0,True,20000.0
APP-002740,36,36-45,female,emirati,self_employed,71,6072.47,424.63,2453.27,6447.48,46,3,0,8320.47,0,True,18217.41
APP-002741,60,46-60,male,western,freelancer,179,40288.14,4316.86,21732.98,168601.98,45,4,0,12187.8,0,True,20000.0
APP-002742,60,46-60,female,southeast_asian,salaried,195,30749.54,3182.98,9427.12,54387.28,24,4,0,6775.96,0,True,20000.0
APP-002743,18,18-25,male,south_asian,salaried,4,5506.68,1605.75,3596.49,34973.7,7,3,0,3337.97,0,True,16520.04
APP-002744,32,26-35,female,arab_expat,freelancer,39,4750.94,379.35,2499.92,6110.59,1,2,0,10809.01,1,True,14252.82
APP-002745,33,26-35,male,south_asian,salaried,54,7807.62,2272.8,4305.07,60900.35,9,1,0,19212.98,0,True,20000.0
APP-002746,56,46-60,male,south_asian,salaried,162,9128.78,147.95,6433.11,3373.51,43,4,0,16492.15,0,True,20000.0
APP-002747,61,46-60,male,south_asian,salaried,191,12411.58,455.28,9857.52,11120.52,10,5,0,11816.57,0,True,20000.0
APP-002748,44,36-45,male,southeast_asian,salaried,89,5054.28,1040.9,2154.34,41507.13,20,2,0,9026.24,0,True,15162.84
APP-002749,47,46-60,male,south_asian,salaried,110,6082.19,1788.6,4591.24,35619.02,45,5,0,833.81,0,True,18246.57
APP-002750,40,36-45,male,other,salaried,61,16185.47,3132.51,7702.6,31400.09,18,4,0,7664.07,0,True,20000.0
APP-002751,40,36-45,female,arab_expat,salaried,93,16072.54,4049.15,10536.11,89848.08,18,4,0,2410.16,0,True,20000.0
APP-002752,43,36-45,male,south_asian,self_employed,106,4239.85,795.5,3249.41,13528.81,21,3,0,6568.25,0,True,12719.550000000001
APP-002753,34,26-35,female,western,salaried,82,15103.92,1396.55,8402.31,17456.03,44,4,0,2455.83,0,True,20000.0
APP-002754,40,36-45,female,emirati,salaried,84,3412.14,728.04,1875.71,9561.81,0,4,0,9335.02,0,True,10236.42
APP-002755,51,46-60,male,arab_expat,self_employed,141,14803.09,2692.25,5917.75,77958.29,27,5,3,10708.22,1,True,20000.0
APP-002756,61,46-60,male,southeast_asian,self_employed,183,26881.02,8350.07,16860.73,286503.25,8,4,0,9611.74,0,True,20000.0
APP-002757,42,36-45,male,arab_expat,salaried,87,4055.13,1066.46,2066.41,32544.18,4,2,1,8118.17,0,True,12165.39
APP-002758,63,46-60,male,other,self_employed,181,4398.6,676.08,2214.19,11791.24,35,1,1,627.82,0,True,13195.800000000001
APP-002759,23,18-25,male,southeast_asian,self_employed,0,4730.56,1640.6,3173.09,18642.76,3,3,0,6899.7,0,True,14191.68
APP-002760,62,46-60,male,other,salaried,187,17022.96,5002.71,11947.28,130924.61,12,3,0,10424.02,0,True,20000.0
APP-002761,19,18-25,female,emirati,salaried,0,6650.55,1160.69,3024.64,27687.5,45,3,0,2602.16,0,True,19951.65
APP-002762,38,36-45,female,southeast_asian,salaried,61,11417.76,1372.56,4088.33,52104.06,31,0,0,8499.76,0,True,20000.0
APP-002763,62,46-60,male,arab_expat,salaried,190,50427.66,4146.12,24946.14,148059.04,24,1,0,5930.8,0,True,20000.0
APP-002764,27,26-35,male,south_asian,salaried,15,7702.71,2108.43,4619.57,37781.43,21,0,0,17965.81,0,True,20000.0
APP-002765,58,46-60,male,south_asian,salaried,179,13882.14,2139.39,7887.38,48430.14,23,4,0,5727.88,0,True,20000.0
APP-002766,38,36-45,male,south_asian,salaried,94,3000.0,275.56,2129.39,9528.42,37,1,0,1770.57,0,True,9000.0
APP-002767,28,26-35,male,south_asian,salaried,25,6723.66,601.78,5169.21,9028.24,32,1,0,4235.3,0,True,20000.0
APP-002768,29,26-35,male,arab_expat,salaried,41,10320.05,1073.52,4111.54,40901.74,43,1,0,9198.81,0,True,20000.0
APP-002769,62,46-60,male,western,self_employed,200,41067.37,4499.11,30252.11,178686.34,43,5,0,19823.05,0,True,20000.0
APP-002770,34,26-35,female,south_asian,salaried,47,6162.85,725.6,3465.55,24306.66,21,2,0,3109.38,0,True,18488.550000000003
APP-002771,21,18-25,female,western,unemployed,0,3944.3432341924618,539.63,3066.67,17168.76,43,2,0,3156.13,0,True,11833.029702577385
APP-002772,32,26-35,male,south_asian,salaried,49,3444.83,787.36,2379.22,9196.8,20,5,0,8677.94,0,True,10334.49
APP-002773,42,36-45,female,other,salaried,119,17453.49,3571.0,12196.24,73545.54,7,5,2,6890.6,0,True,20000.0
APP-002774,25,18-25,female,southeast_asian,self_employed,10,7399.67,590.94,3902.11,21377.23,23,2,2,9339.29,0,True,20000.0
APP-002775,37,36-45,female,south_asian,salaried,60,6413.9,904.78,4206.47,10467.77,0,1,0,18944.64,0,True,19241.699999999997
APP-002776,54,46-60,female,south_asian,salaried,180,9126.36,768.79,5861.99,30580.63,9,5,0,15657.3,0,True,20000.0
APP-002777,32,26-35,male,arab_expat,salaried,48,7496.31,674.68,5227.74,12223.14,43,5,0,18217.04,0,True,20000.0
APP-002778,52,46-60,male,southeast_asian,salaried,128,11504.78,3763.69,6472.49,107860.12,6,4,0,16126.47,0,True,20000.0
APP-002779,60,46-60,male,south_asian,salaried,167,7736.79,822.74,4420.97,29246.81,27,4,0,11133.87,0,True,20000.0
APP-002780,48,46-60,male,southeast_asian,salaried,143,7630.23,733.33,3291.39,10995.79,37,1,0,17813.38,0,True,20000.0
APP-002781,32,26-35,male,emirati,salaried,61,6377.36,237.06,2486.2,7286.96,39,1,0,6906.49,0,True,19132.079999999998
APP-002782,28,26-35,male,other,freelancer,34,5783.05,958.98,2943.42,22223.21,17,4,0,8336.94,0,True,17349.15
APP-002783,47,46-60,male,southeast_asian,salaried,110,14194.06,1747.47,10621.38,56888.84,29,4,0,13968.01,0,True,20000.0
APP-002784,52,46-60,female,arab_expat,salaried,131,22755.08,4412.28,15570.46,87226.92,36,4,3,18244.1,1,True,20000.0
APP-002785,23,18-25,female,emirati,salaried,0,4456.36,674.12,2997.14,10943.19,8,2,3,1638.36,0,True,13369.079999999998
APP-002786,30,26-35,male,southeast_asian,salaried,47,5762.62,732.37,3007.19,27397.51,34,1,0,13880.96,0,True,17287.86
APP-002787,61,46-60,female,south_asian,self_employed,184,22697.75,2710.78,6874.48,89876.34,5,3,0,19486.4,0,True,20000.0
APP-002788,28,26-35,male,south_asian,self_employed,51,18668.85,2556.17,11202.32,39118.67,47,1,0,18880.2,0,True,20000.0
APP-002789,43,36-45,male,arab_expat,freelancer,102,7532.06,972.21,5106.52,31191.78,29,1,0,3045.39,0,True,20000.0
APP-002790,50,46-60,female,south_asian,salaried,140,18554.75,419.24,8028.42,6534.28,27,0,0,10256.47,0,True,20000.0
APP-002791,59,46-60,male,south_asian,freelancer,167,8544.43,1539.18,6801.19,31567.74,10,3,0,13803.28,0,True,20000.0
APP-002792,34,26-35,male,south_asian,salaried,53,6390.76,568.0,3903.37,12948.34,11,4,0,17428.37,0,True,19172.28
APP-002793,34,26-35,male,western,salaried,57,25851.54,1534.53,10012.23,36190.03,39,4,0,3709.53,0,True,20000.0
APP-002794,39,36-45,male,arab_expat,salaried,106,6475.76,677.09,4465.03,23206.76,44,5,3,752.86,1,True,19427.28
APP-002795,54,46-60,male,south_asian,salaried,125,3262.64,535.67,1642.92,14090.37,19,1,0,4984.5,0,True,9787.92
APP-002796,37,36-45,male,southeast_asian,self_employed,84,7788.25,1613.64,2394.95,35498.36,13,5,0,6422.28,0,True,20000.0
APP-002797,19,18-25,female,south_asian,salaried,10,3877.29,453.05,2402.38,12286.25,38,4,0,4151.45,0,True,11631.869999999999
APP-002798,43,36-45,male,south_asian,self_employed,101,3000.0,329.4,1294.29,6627.02,33,3,0,2127.42,0,True,9000.0
APP-002799,46,46-60,male,western,salaried,129,25924.98,1713.42,16620.13,67172.75,4,1,0,1477.8,0,True,20000.0
APP-002800,52,46-60,female,southeast_asian,salaried,132,5802.24,1130.93,1976.59,35443.21,24,0,0,6079.73,0,True,17406.72
APP-002801,24,18-25,male,other,self_employed,0,5505.1,904.09,2921.49,33325.98,44,3,1,8842.63,0,True,16515.300000000003
APP-002802,58,46-60,female,arab_expat,salaried,164,11254.69,1304.21,8179.58,40666.32,14,0,0,6774.18,0,True,20000.0
APP-002803,41,36-45,male,south_asian,freelancer,101,13594.22,1687.22,7747.56,58490.22,6,4,0,1379.21,0,True,20000.0
APP-002804,38,36-45,male,south_asian,salaried,72,5600.5,1845.76,3624.99,48288.42,24,1,0,4165.79,0,True,16801.5
APP-002805,59,46-60,male,southeast_asian,salaried,171,6869.24,1807.79,3413.37,41657.2,9,3,0,18364.25,0,True,20000.0
APP-002806,23,18-25,male,emirati,salaried,0,4502.32,620.82,2502.02,13770.54,12,5,0,9658.96,0,True,13506.96
APP-002807,22,18-25,male,other,freelancer,0,6725.3,2307.36,2409.11,89292.6,17,3,0,11917.07,0,True,20000.0
APP-002808,28,26-35,female,emirati,salaried,41,15883.8,1270.63,4962.74,43970.35,2,3,0,1366.51,0,True,20000.0
APP-002809,46,46-60,male,western,salaried,103,9814.29,1369.63,5180.81,44884.67,44,0,0,19228.55,0,True,20000.0
APP-002810,32,26-35,male,south_asian,salaried,45,3532.28,1298.81,1586.29,27785.53,26,5,0,4382.25,0,True,10596.84
APP-002811,61,46-60,male,south_asian,freelancer,177,13548.38,3223.71,7626.07,99527.52,45,3,0,7516.93,0,True,20000.0
APP-002812,40,36-45,female,other,salaried,101,3804.32,1063.4,1782.1,22288.63,45,0,0,4730.26,0,True,11412.960000000001
APP-002813,35,26-35,male,south_asian,salaried,85,13832.88,3781.95,10580.61,38332.74,1,1,0,13491.36,0,True,20000.0
APP-002814,18,18-25,male,emirati,self_employed,0,6303.17,607.16,3809.48,12513.67,3,0,0,10647.89,0,True,18909.510000000002
APP-002815,38,36-45,male,south_asian,freelancer,69,7125.94,404.99,2474.94,5125.25,16,3,0,12210.87,0,True,20000.0
APP-002816,27,26-35,male,southeast_asian,self_employed,10,12810.55,1799.78,7202.48,59978.6,37,5,0,11450.1,0,True,20000.0
APP-002817,54,46-60,female,southeast_asian,salaried,142,6173.24,1008.3,3972.78,23594.06,6,1,0,7022.12,0,True,18519.72
APP-002818,31,26-35,male,south_asian,salaried,45,9058.12,2851.88,6269.8,54534.73,10,1,0,13762.95,0,True,20000.0
APP-002819,26,26-35,female,south_asian,salaried,17,3993.89,1714.88,2400.79,33957.72,14,0,0,8481.25,1,True,11981.67
APP-002820,21,18-25,male,south_asian,self_employed,2,11969.27,1534.76,6818.91,52993.09,28,1,0,1299.99,0,True,20000.0
APP-002821,55,46-60,female,southeast_asian,salaried,144,27174.88,7037.27,10265.21,144589.93,40,3,0,7357.52,0,True,20000.0
APP-002822,39,36-45,male,south_asian,self_employed,73,7649.21,1369.74,2793.85,30455.52,21,4,0,17233.11,0,True,20000.0
APP-002823,29,26-35,male,south_asian,salaried,39,6551.22,1354.33,4411.32,43250.62,33,5,0,17377.89,0,True,19653.66
APP-002824,46,46-60,male,south_asian,salaried,112,4991.03,878.6,3073.76,32847.63,47,5,0,1403.06,0,True,14973.09
APP-002825,63,46-60,female,south_asian,salaried,183,3000.0,520.61,1001.75,15761.89,42,4,0,5900.6,0,True,9000.0
APP-002826,58,46-60,male,south_asian,salaried,166,4820.18,1159.41,1751.86,31305.44,41,1,0,7026.02,0,True,14460.54
APP-002827,25,18-25,male,south_asian,salaried,10,3005.32,72.1,1085.86,1848.34,38,4,0,8041.48,0,True,9015.960000000001
APP-002828,23,18-25,male,south_asian,salaried,0,6028.66,1628.49,3058.47,26730.18,5,3,2,3773.06,1,True,18085.98
APP-002829,42,36-45,male,southeast_asian,freelancer,98,13800.81,3552.57,10035.74,128921.23,37,5,0,1810.29,0,True,20000.0
APP-002830,37,36-45,female,emirati,salaried,65,3000.0,98.73,1410.14,2325.08,29,1,1,2540.79,0,False,9000.0
APP-002831,20,18-25,female,south_asian,salaried,0,7981.68,2468.38,2720.32,34878.86,45,5,3,5956.84,1,True,20000.0
APP-002832,43,36-45,male,arab_expat,self_employed,89,16868.07,1985.49,10817.32,37778.51,14,4,0,11170.92,0,True,20000.0
APP-002833,32,26-35,female,south_asian,salaried,19,7600.78,948.1,2361.45,19209.1,33,3,0,8529.46,0,True,20000.0
APP-002834,48,46-60,male,south_asian,salaried,118,5645.69,1554.3,4333.84,26449.69,29,4,0,13299.58,0,True,16937.07
APP-002835,26,26-35,female,arab_expat,salaried,10,26517.5,5658.6,10098.07,178773.27,47,5,1,11303.14,0,True,20000.0
APP-002836,21,18-25,male,south_asian,salaried,0,3000.0,545.58,957.36,12658.33,14,1,1,7731.23,0,True,9000.0
APP-002837,53,46-60,male,south_asian,salaried,142,8338.81,2161.95,6659.85,86318.31,8,1,0,5146.84,0,True,20000.0
APP-002838,31,26-35,female,south_asian,salaried,77,5214.93,781.19,2069.9,11592.44,15,1,0,3290.33,0,True,15644.79
APP-002839,29,26-35,male,south_asian,salaried,32,4464.86,716.75,2872.53,17726.71,16,1,1,11451.15,0,True,13394.579999999998
APP-002840,58,46-60,female,other,freelancer,182,12555.15,1267.38,5660.56,47627.87,40,2,0,15979.79,0,True,20000.0
APP-002841,26,26-35,male,southeast_asian,salaried,7,7181.26,2108.93,4390.68,40335.16,3,4,0,14047.25,0,True,20000.0
APP-002842,38,36-45,female,emirati,salaried,70,25107.0,2959.4,13703.43,57582.24,14,1,0,2230.45,0,True,20000.0
APP-002843,59,46-60,male,southeast_asian,salaried,189,7230.31,1866.68,3107.55,24961.7,24,2,0,9555.48,0,True,20000.0
APP-002844,18,18-25,female,southeast_asian,salaried,0,14096.58,4963.99,11188.86,108722.52,4,1,0,8769.4,0,True,20000.0
APP-002845,61,46-60,male,southeast_asian,salaried,185,8704.28,722.75,3326.19,19483.96,10,5,0,8728.17,0,True,20000.0
APP-002846,39,36-45,male,southeast_asian,salaried,74,19472.05,709.73,13816.16,21362.82,20,1,0,18349.36,0,True,20000.0
APP-002847,61,46-60,male,arab_expat,salaried,196,14512.27,1556.48,8817.14,53267.65,30,1,0,19135.96,0,True,20000.0
APP-002848,39,36-45,male,southeast_asian,salaried,73,10846.39,1665.19,8057.62,29820.19,39,4,0,16758.11,0,True,20000.0
APP-002849,46,46-60,male,emirati,salaried,119,12373.94,1354.55,6793.96,52207.92,3,5,0,13887.16,0,True,20000.0
APP-002850,63,46-60,male,south_asian,salaried,192,13960.23,1410.87,8277.1,26773.97,42,4,0,6708.43,0,True,20000.0
APP-002851,25,18-25,female,western,salaried,6,6264.02,180.53,4518.0,6148.57,27,1,0,1047.91,0,True,18792.06
APP-002852,25,18-25,male,south_asian,salaried,10,3244.88,1225.37,2202.99,44932.5,46,4,0,2896.9,0,True,9734.64
APP-002853,59,46-60,male,arab_expat,freelancer,170,15192.68,5242.43,7880.85,184650.19,12,5,0,14877.73,0,True,20000.0
APP-002854,40,36-45,female,south_asian,salaried,88,3000.0,613.7,1319.85,15946.34,43,3,0,6134.05,0,True,9000.0
APP-002855,52,46-60,female,south_asian,freelancer,161,4782.08,833.45,3245.13,9393.37,18,3,2,2427.91,1,True,14346.24
APP-002856,35,26-35,female,arab_expat,salaried,80,8407.03,909.22,5602.49,34084.8,24,0,0,1528.06,0,True,20000.0
APP-002857,45,36-45,male,emirati,salaried,99,22701.48,3528.54,10653.41,132460.9,19,3,0,6992.31,0,True,20000.0
APP-002858,64,46-60,male,southeast_asian,self_employed,206,11547.93,1130.75,7436.2,24777.35,5,2,0,17639.85,0,True,20000.0
APP-002859,36,36-45,female,arab_expat,self_employed,65,8651.98,1614.22,4974.22,31732.88,42,0,0,19142.58,0,True,20000.0
APP-002860,25,18-25,female,emirati,self_employed,8,5956.05,1776.77,3889.39,53337.5,5,4,3,14584.02,1,True,17868.15
APP-002861,29,26-35,male,emirati,salaried,33,4092.84,1361.74,2379.61,42886.02,10,5,1,2554.56,0,True,12278.52
APP-002862,30,26-35,male,south_asian,salaried,45,12639.77,4226.25,7716.64,120755.14,42,0,0,9156.83,0,True,20000.0
APP-002863,65,46-60,male,western,self_employed,202,24467.82,3936.86,8985.77,142482.56,19,3,0,12652.54,0,True,20000.0
APP-002864,52,46-60,female,arab_expat,salaried,156,20713.39,2906.69,10705.83,68829.25,36,1,0,8389.43,0,True,20000.0
APP-002865,37,36-45,female,emirati,salaried,57,3390.44,827.28,1036.94,25632.21,29,2,0,1961.6,0,True,10171.32
APP-002866,55,46-60,male,western,salaried,144,39810.11,4366.89,29990.58,48747.55,32,4,0,13924.32,0,True,20000.0
APP-002867,18,18-25,male,south_asian,salaried,16,3290.26,1013.44,2239.24,18266.14,0,4,2,2846.18,1,True,9870.78
APP-002868,39,36-45,male,south_asian,salaried,81,6441.96,1477.58,2353.22,44490.38,9,0,0,7544.35,0,True,19325.88
APP-002869,22,18-25,male,emirati,salaried,1,20668.15,4306.29,7776.71,152889.48,6,0,0,13893.88,0,True,20000.0
APP-002870,31,26-35,male,western,self_employed,29,9554.14,1824.12,6081.02,47791.85,19,5,0,8839.03,0,True,20000.0
APP-002871,52,46-60,male,south_asian,freelancer,161,3486.08,564.42,2700.34,17302.49,42,0,1,5749.06,1,True,10458.24
APP-002872,27,26-35,male,southeast_asian,salaried,34,4128.42,532.12,2280.98,5738.58,2,4,0,11691.62,0,True,12385.26
APP-002873,41,36-45,male,south_asian,salaried,100,11457.63,3115.0,7789.46,75946.93,40,4,0,11398.65,0,True,20000.0
APP-002874,46,46-60,male,south_asian,salaried,125,14526.7,1786.42,10616.84,54485.55,3,1,0,9793.81,0,True,20000.0
APP-002875,19,18-25,male,arab_expat,salaried,6,4981.19,182.08,1627.09,4596.05,41,4,0,7830.27,0,True,14943.57
APP-002876,43,36-45,female,south_asian,salaried,96,3000.0,277.97,1654.5,4040.83,14,2,0,4347.19,0,True,9000.0
APP-002877,36,36-45,female,southeast_asian,salaried,70,3846.86,651.96,1814.16,23235.17,20,4,3,7826.24,1,True,11540.58
APP-002878,64,46-60,female,arab_expat,salaried,215,17104.44,2387.19,12095.7,83646.65,41,5,0,14951.6,0,True,20000.0
APP-002879,40,36-45,male,arab_expat,salaried,73,8532.36,1577.28,5440.67,57210.92,7,4,0,4640.87,0,True,20000.0
APP-002880,29,26-35,female,arab_expat,salaried,40,3906.93,858.64,2986.88,15658.43,0,3,0,9494.28,0,True,11720.789999999999
APP-002881,59,46-60,male,emirati,salaried,157,7624.28,856.62,2650.7,17802.3,31,1,0,15829.98,0,True,20000.0
APP-002882,38,36-45,male,south_asian,salaried,88,6835.11,800.92,5117.72,24125.47,1,2,0,10133.26,0,True,20000.0
APP-002883,63,46-60,male,south_asian,salaried,187,4029.32,688.24,2664.4,24840.54,43,2,3,11359.63,1,True,12087.960000000001
APP-002884,20,18-25,female,south_asian,salaried,7,12859.22,3379.08,9589.68,62016.53,13,3,0,18634.4,0,True,20000.0
APP-002885,49,46-60,male,south_asian,self_employed,138,19836.21,954.2,13893.0,30748.22,22,2,0,17415.56,0,True,20000.0
APP-002886,30,26-35,female,south_asian,salaried,38,7392.62,571.78,3101.37,14165.46,45,0,0,12797.99,0,True,20000.0
APP-002887,18,18-25,male,emirati,unemployed,0,4061.2493037336135,129.27,1243.68,2628.06,46,3,0,5605.14,0,True,12183.74791120084
APP-002888,22,18-25,female,western,salaried,0,9512.46,537.92,7098.61,5718.96,24,1,0,10800.71,0,True,20000.0
APP-002889,52,46-60,male,western,salaried,160,17891.21,6144.07,12794.85,87895.98,23,2,0,7299.49,0,True,20000.0
APP-002890,36,36-45,male,south_asian,self_employed,70,12062.11,1447.24,4383.45,17101.18,29,1,0,3241.84,0,True,20000.0
APP-002891,62,46-60,male,south_asian,salaried,176,4834.53,145.88,2677.67,3666.13,31,5,0,834.2,0,False,14503.59
APP-002892,38,36-45,female,arab_expat,salaried,68,5266.96,1053.49,2889.86,13415.1,41,5,0,14993.36,0,True,15800.880000000001
APP-002893,22,18-25,female,arab_expat,salaried,0,5461.48,497.9,3734.57,9789.85,36,5,0,5119.06,0,True,16384.44
APP-002894,53,46-60,male,south_asian,self_employed,140,7994.06,2174.67,6112.93,79343.39,29,3,0,3164.12,0,True,20000.0
APP-002895,58,46-60,male,emirati,salaried,160,16220.89,3859.11,9582.53,125839.39,7,2,2,17478.24,0,True,20000.0
APP-002896,32,26-35,male,southeast_asian,salaried,43,8056.93,936.23,2650.7,37098.35,25,0,0,15543.89,0,True,20000.0
APP-002897,52,46-60,female,south_asian,salaried,150,6807.73,1062.2,2817.89,40755.46,4,0,0,6308.77,0,True,20000.0
APP-002898,28,26-35,female,south_asian,salaried,28,7305.12,1238.1,2908.81,20514.76,34,2,0,3694.62,0,True,20000.0
APP-002899,24,18-25,female,south_asian,salaried,0,6160.78,956.27,3109.65,23264.89,4,3,1,7915.61,1,True,18482.34
APP-002900,46,46-60,male,arab_expat,salaried,114,17411.2,4194.73,9394.59,64384.34,36,2,0,4865.01,0,True,20000.0
APP-002901,46,46-60,female,south_asian,self_employed,109,7447.61,788.61,5606.3,25707.46,10,0,0,11995.4,0,True,20000.0
APP-002902,29,26-35,male,south_asian,self_employed,31,3000.0,862.85,1833.17,10550.59,24,3,0,6907.65,0,True,9000.0
APP-002903,65,46-60,male,south_asian,freelancer,194,3000.0,843.41,1348.33,28189.37,19,2,0,516.94,0,True,9000.0
APP-002904,57,46-60,male,southeast_asian,salaried,168,13249.69,452.47,8627.48,12798.71,1,3,0,17643.02,0,True,20000.0
APP-002905,54,46-60,male,other,salaried,138,16835.78,2644.88,8443.37,27914.19,38,2,0,5508.25,0,True,20000.0
APP-002906,59,46-60,male,emirati,salaried,156,11458.08,1296.15,3463.04,51285.42,30,4,2,9925.67,0,True,20000.0
APP-002907,59,46-60,female,southeast_asian,salaried,165,17708.79,2821.29,6827.59,82448.89,6,4,1,18163.1,0,True,20000.0
APP-002908,29,26-35,female,south_asian,salaried,49,4612.56,1471.73,3342.51,30385.27,23,0,0,3412.85,0,True,13837.68
APP-002909,51,46-60,male,arab_expat,salaried,157,10782.1,1560.52,3653.43,34575.87,12,4,0,9165.89,0,True,20000.0
APP-002910,36,36-45,male,south_asian,salaried,58,13567.15,3905.6,9176.26,54687.46,12,3,0,16226.35,0,True,20000.0
APP-002911,55,46-60,female,south_asian,salaried,158,8483.0,423.92,6276.14,5695.37,45,0,0,18393.55,0,True,20000.0
APP-002912,54,46-60,male,south_asian,freelancer,160,3570.7,424.05,1684.76,6538.98,1,2,2,10424.0,1,True,10712.099999999999
APP-002913,59,46-60,female,south_asian,salaried,192,3909.27,237.11,2711.17,4741.96,16,2,0,1595.15,0,True,11727.81
APP-002914,42,36-45,male,southeast_asian,salaried,75,18381.57,2381.43,11731.37,58895.92,2,5,0,4236.14,0,True,20000.0
APP-002915,24,18-25,male,south_asian,salaried,16,3334.51,396.12,2000.23,10889.12,47,3,0,7429.25,0,True,10003.53
APP-002916,53,46-60,male,south_asian,salaried,151,4665.26,1048.27,2388.38,40557.67,2,3,0,12637.89,0,True,13995.78
APP-002917,47,46-60,male,south_asian,salaried,114,7795.99,952.34,2634.47,29311.62,33,4,0,14738.66,0,True,20000.0
APP-002918,34,26-35,female,other,salaried,55,16624.67,5284.94,5014.08,57689.51,43,2,0,16349.75,0,True,20000.0
APP-002919,28,26-35,female,western,salaried,26,14339.62,1105.59,11063.75,38056.4,44,0,0,14082.39,0,True,20000.0
APP-002920,61,46-60,male,south_asian,salaried,199,5588.21,948.88,2143.7,12143.53,43,3,0,6953.47,0,True,16764.63
APP-002921,38,36-45,female,south_asian,salaried,69,4408.64,925.46,1939.42,13409.05,35,3,0,2457.79,0,True,13225.920000000002
APP-002922,48,46-60,female,southeast_asian,unemployed,0,3000.0,1192.27,1475.35,47177.9,5,3,1,2803.69,1,True,9000.0
APP-002923,43,36-45,male,western,self_employed,100,19195.28,8007.98,8829.13,93247.69,47,5,0,3070.64,0,True,20000.0
APP-002924,57,46-60,male,emirati,salaried,175,23772.45,858.88,13030.08,24548.96,9,3,0,9420.67,0,True,20000.0
APP-002925,35,26-35,male,south_asian,salaried,72,8093.01,2210.5,3407.2,47266.0,41,5,0,9720.5,0,True,20000.0
APP-002926,45,36-45,male,arab_expat,salaried,130,12689.05,3017.86,4157.9,119592.0,19,2,0,15794.43,0,True,20000.0
APP-002927,28,26-35,female,emirati,salaried,19,3310.91,634.62,1166.36,11451.91,5,1,0,6460.45,0,True,9932.73
APP-002928,61,46-60,female,emirati,salaried,196,16848.54,2185.76,7497.66,45165.96,38,2,0,11044.32,0,True,20000.0
APP-002929,39,36-45,male,arab_expat,freelancer,101,14814.62,404.7,8356.14,15703.57,27,2,0,16737.35,0,True,20000.0
APP-002930,37,36-45,female,arab_expat,salaried,79,11452.23,812.24,6449.76,23169.12,8,0,0,10192.39,0,True,20000.0
APP-002931,49,46-60,male,south_asian,self_employed,137,5873.5,871.93,3419.44,23845.65,16,4,0,12574.77,0,True,17620.5
APP-002932,27,26-35,female,southeast_asian,salaried,30,3000.0,157.6,1290.07,4625.46,47,0,0,1171.32,0,True,9000.0
APP-002933,29,26-35,male,south_asian,salaried,30,18724.75,2041.13,6981.69,38699.63,19,0,3,1875.69,1,True,20000.0
APP-002934,52,46-60,male,emirati,salaried,154,14559.62,1247.19,5061.9,23828.61,45,3,1,17372.1,0,True,20000.0
APP-002935,29,26-35,male,emirati,salaried,53,7434.2,967.95,5575.74,31645.37,9,0,0,7610.67,0,True,20000.0
APP-002936,20,18-25,male,southeast_asian,salaried,6,7026.72,502.02,4975.14,16640.17,9,1,0,19973.21,0,True,20000.0
APP-002937,20,18-25,male,south_asian,salaried,0,3000.0,485.38,2383.41,5337.68,36,3,3,4491.74,1,True,9000.0
APP-002938,21,18-25,female,southeast_asian,salaried,10,6766.93,259.17,3159.65,2815.73,38,5,0,3256.48,0,True,20000.0
APP-002939,34,26-35,male,southeast_asian,self_employed,42,3972.86,843.8,2169.33,14911.14,42,5,0,7401.99,0,True,11918.58
APP-002940,59,46-60,male,south_asian,salaried,189,8909.42,2178.09,6731.91,81337.71,12,2,2,14567.46,1,True,20000.0
APP-002941,44,36-45,male,southeast_asian,salaried,126,6808.62,534.66,4602.57,7851.11,16,0,0,17361.89,0,True,20000.0
APP-002942,28,26-35,male,south_asian,salaried,47,4043.22,1259.71,2011.77,22286.14,14,0,0,814.81,0,True,12129.66
APP-002943,28,26-35,male,western,self_employed,30,15318.48,2810.85,10123.8,94065.93,23,5,0,15868.34,0,True,20000.0
APP-002944,37,36-45,female,south_asian,salaried,61,8237.95,1631.08,5704.68,22849.47,35,1,0,2559.4,0,True,20000.0
APP-002945,35,26-35,female,southeast_asian,self_employed,50,12622.68,2782.69,8160.72,30931.06,33,0,0,9433.03,0,True,20000.0
APP-002946,43,36-45,female,arab_expat,salaried,113,12360.42,1721.1,6925.76,18770.31,40,2,0,18872.84,0,True,20000.0
APP-002947,42,36-45,male,south_asian,salaried,107,19780.4,2989.54,10902.22,95298.69,24,2,0,9927.51,0,True,20000.0
APP-002948,25,18-25,male,southeast_asian,unemployed,0,3000.0,309.36,1456.76,5359.17,26,1,0,5090.46,0,True,9000.0
APP-002949,39,36-45,female,southeast_asian,freelancer,70,5289.23,817.6,3181.58,17101.39,13,0,0,1100.89,0,True,15867.689999999999
APP-002950,35,26-35,female,arab_expat,salaried,80,15099.03,749.04,5710.35,13356.18,27,5,0,7069.22,0,True,20000.0
APP-002951,51,46-60,male,south_asian,salaried,129,5750.57,1497.07,3643.46,46433.73,25,0,0,8974.54,0,True,17251.71
APP-002952,43,36-45,female,western,self_employed,80,23266.73,2033.11,15108.07,79264.58,38,5,0,6660.66,0,True,20000.0
APP-002953,53,46-60,male,western,salaried,135,11994.59,3545.35,4448.23,135711.12,22,5,0,16339.3,0,True,20000.0
APP-002954,43,36-45,male,other,salaried,103,6044.31,1980.33,3843.46,41788.61,24,3,0,13943.78,0,True,18132.93
APP-002955,64,46-60,female,south_asian,salaried,194,4636.54,222.94,1737.39,6232.72,35,5,2,3212.94,0,True,13909.619999999999
APP-002956,25,18-25,female,western,salaried,18,10234.74,1439.64,6048.87,44314.02,25,1,0,8762.45,0,True,20000.0
APP-002957,36,36-45,female,arab_expat,salaried,79,8315.94,912.51,6433.7,31358.61,34,3,0,17361.36,0,True,20000.0
APP-002958,39,36-45,male,southeast_asian,salaried,70,9654.71,661.49,6654.98,16524.42,46,4,0,10706.8,0,True,20000.0
APP-002959,61,46-60,female,south_asian,freelancer,180,6960.51,206.33,4283.27,4193.94,4,3,0,19037.06,1,True,20000.0
APP-002960,36,36-45,female,emirati,salaried,78,15759.36,1686.86,8701.78,59084.95,47,1,0,16306.31,0,True,20000.0
APP-002961,42,36-45,female,other,salaried,76,5347.39,801.15,1723.69,19373.23,33,3,2,2374.31,0,True,16042.170000000002
APP-002962,41,36-45,female,southeast_asian,salaried,89,3243.75,533.68,2397.88,11450.52,18,3,0,3741.97,0,True,9731.25
APP-002963,18,18-25,male,southeast_asian,salaried,12,5462.38,1389.98,2555.25,21503.46,7,1,0,16012.41,0,True,16387.14
APP-002964,19,18-25,female,western,salaried,0,15108.2,839.48,9505.23,8457.95,44,1,2,19991.63,0,True,20000.0
APP-002965,53,46-60,male,western,salaried,139,23496.35,508.73,8468.7,12549.5,18,0,0,8958.25,0,True,20000.0
APP-002966,24,18-25,male,emirati,salaried,4,10220.11,2163.5,5187.37,57061.28,32,1,0,8450.36,0,True,20000.0
APP-002967,28,26-35,male,other,freelancer,30,7072.42,2445.85,5398.47,85385.72,28,2,0,4286.47,0,True,20000.0
APP-002968,36,36-45,male,emirati,salaried,85,10993.57,2181.61,4439.38,42213.61,38,5,0,16542.62,0,True,20000.0
APP-002969,42,36-45,male,south_asian,self_employed,89,10399.73,972.2,4886.19,33202.07,33,4,0,7880.5,0,True,20000.0
APP-002970,48,46-60,female,western,salaried,130,8704.6,736.77,5338.92,9302.08,31,3,0,12219.08,0,True,20000.0
APP-002971,23,18-25,male,south_asian,salaried,5,13648.18,643.74,9314.75,14906.05,18,3,0,4120.85,0,True,20000.0
APP-002972,35,26-35,male,south_asian,freelancer,59,17278.49,956.11,12787.87,37965.62,30,1,0,5659.51,0,True,20000.0
APP-002973,29,26-35,female,south_asian,self_employed,31,3000.0,1028.53,1091.94,11910.81,28,3,0,2858.29,0,True,9000.0
APP-002974,52,46-60,male,south_asian,salaried,133,29633.19,1292.63,19385.33,19536.59,16,5,0,7209.37,0,True,20000.0
APP-002975,50,46-60,male,south_asian,salaried,115,7611.79,1840.65,4256.01,35354.7,41,1,0,3522.09,0,True,20000.0
APP-002976,21,18-25,female,southeast_asian,salaried,7,4446.48,1649.59,3089.15,40224.16,31,4,1,9484.01,0,True,13339.439999999999
APP-002977,63,46-60,male,southeast_asian,salaried,172,4979.03,1797.74,3296.06,38628.79,4,5,0,12299.72,0,True,14937.09
APP-002978,21,18-25,male,arab_expat,salaried,2,3327.73,102.79,2602.68,2812.43,14,1,0,8439.63,0,True,9983.19
APP-002979,33,26-35,male,arab_expat,salaried,62,15100.9,4705.39,5131.84,130074.36,6,4,0,16420.55,0,True,20000.0
APP-002980,51,46-60,male,south_asian,salaried,157,3000.0,518.51,1781.26,5403.63,45,5,0,5741.28,0,True,9000.0
APP-002981,36,36-45,male,south_asian,salaried,91,6805.79,677.09,2265.1,25364.37,15,2,0,4902.8,0,True,20000.0
APP-002982,63,46-60,male,southeast_asian,salaried,191,28578.72,5597.3,12291.68,62933.09,17,4,0,19101.13,0,True,20000.0
APP-002983,39,36-45,female,emirati,salaried,94,26969.79,5487.49,16599.88,184293.2,35,3,0,16566.76,0,True,20000.0
APP-002984,62,46-60,male,arab_expat,salaried,196,10521.51,1779.47,3778.95,41814.68,20,1,0,3022.9,0,True,20000.0
APP-002985,48,46-60,male,arab_expat,salaried,151,12367.02,2536.6,9808.83,32215.85,26,0,0,17499.17,0,True,20000.0
APP-002986,62,46-60,male,southeast_asian,salaried,177,7598.45,653.33,2966.46,21226.31,18,3,3,766.67,0,True,20000.0
APP-002987,48,46-60,female,arab_expat,freelancer,131,6582.31,395.28,2055.23,10226.46,16,2,0,11357.15,0,True,19746.93
APP-002988,31,26-35,male,south_asian,salaried,29,3964.65,218.03,2987.98,3464.76,11,2,0,2999.71,0,True,11893.95
APP-002989,40,36-45,male,southeast_asian,salaried,90,7952.14,2384.87,4622.77,59457.78,5,4,0,5823.35,0,True,20000.0
APP-002990,47,46-60,female,arab_expat,salaried,108,20993.36,2663.55,12572.73,50590.21,17,2,0,6471.28,0,True,20000.0
APP-002991,44,36-45,male,other,salaried,102,5273.8,1759.9,3785.86,43435.34,5,1,0,11637.53,0,True,15821.400000000001
APP-002992,64,46-60,male,south_asian,salaried,213,10279.56,1596.93,3475.62,55324.06,3,0,0,5256.28,0,True,20000.0
APP-002993,64,46-60,female,arab_expat,unemployed,0,3000.0,425.11,1441.88,15875.12,24,2,3,4698.93,1,True,9000.0
APP-002994,49,46-60,male,emirati,self_employed,114,17939.79,1370.1,8562.92,48937.55,43,1,0,16598.16,0,True,20000.0
APP-002995,60,46-60,male,arab_expat,salaried,169,13637.76,2799.93,4277.84,86838.01,3,1,0,12403.44,0,True,20000.0
APP-002996,40,36-45,female,south_asian,salaried,103,5941.29,682.73,3983.25,21324.61,21,4,0,13079.24,0,True,17823.87
APP-002997,30,26-35,male,southeast_asian,self_employed,43,4795.45,420.96,2033.98,16044.44,2,5,2,1876.06,0,True,14386.349999999999
APP-002998,60,46-60,male,western,salaried,189,7589.86,537.56,4664.31,6813.44,13,0,1,11959.67,0,True,20000.0
APP-002999,26,26-35,male,southeast_asian,salaried,0,5959.52,659.15,3258.64,19082.59,36,1,0,8751.92,0,True,17878.56
APP-003000,47,46-60,female,emirati,salaried,143,8561.84,2316.69,4300.36,25639.62,29,2,0,18088.89,0,True,20000.0
APP-003001,54,46-60,male,western,freelancer,146,18821.82,2143.09,9136.44,74470.75,14,0,0,10437.02,0,True,20000.0
APP-003002,56,46-60,female,south_asian,salaried,163,6094.57,1618.2,4340.88,62667.12,17,3,0,14069.72,0,True,18283.71
APP-003003,28,26-35,male,emirati,unemployed,0,3000.0,72.05,1624.09,1077.14,34,2,1,1756.23,0,False,9000.0
APP-003004,24,18-25,male,arab_expat,salaried,6,4157.91,286.97,2194.47,7278.17,10,0,0,3367.1,0,True,12473.73
APP-003005,46,46-60,male,emirati,salaried,117,13286.05,899.27,10030.28,24972.33,10,5,0,18633.39,0,True,20000.0
APP-003006,38,36-45,male,arab_expat,self_employed,68,8799.97,1298.66,3911.28,34321.12,6,2,0,19701.97,0,True,20000.0
APP-003007,50,46-60,male,arab_expat,salaried,126,8260.79,3300.83,4054.82,52031.48,37,2,0,11692.49,0,True,20000.0
APP-003008,21,18-25,male,other,freelancer,0,6812.96,1394.44,5099.53,41567.94,8,4,0,5159.18,0,True,20000.0
APP-003009,20,18-25,female,western,salaried,0,14443.23,1148.68,5649.16,23975.15,12,3,0,2927.35,0,True,20000.0
APP-003010,35,26-35,male,western,salaried,62,13787.6,1402.72,8457.15,53711.71,30,3,2,4157.56,0,True,20000.0
APP-003011,37,36-45,male,south_asian,salaried,61,12215.11,1846.57,6675.41,71832.08,40,4,2,7060.36,0,True,20000.0
APP-003012,36,36-45,male,other,self_employed,72,14838.89,1345.23,11860.06,22205.64,23,1,0,19353.2,0,True,20000.0
APP-003013,53,46-60,male,emirati,salaried,118,18919.26,1246.26,9959.9,12868.57,44,3,0,10432.12,0,True,20000.0
APP-003014,50,46-60,male,south_asian,salaried,143,9573.48,1048.66,3389.4,39201.29,2,2,0,12120.55,0,True,20000.0
APP-003015,35,26-35,male,southeast_asian,salaried,60,8282.2,1853.84,2858.86,69361.43,36,5,0,10663.51,0,True,20000.0
APP-003016,54,46-60,male,arab_expat,salaried,157,7123.73,1528.95,5207.76,18066.43,5,1,0,6804.05,0,True,20000.0
APP-003017,41,36-45,male,emirati,salaried,69,18660.74,4666.33,8358.61,78386.17,23,5,2,12773.8,0,True,20000.0
APP-003018,62,46-60,male,emirati,salaried,186,12266.67,1984.91,6906.58,41233.9,19,1,0,10087.31,0,True,20000.0
APP-003019,65,46-60,male,south_asian,self_employed,207,14021.16,1973.65,5548.81,37936.99,26,0,0,991.79,0,True,20000.0
APP-003020,19,18-25,female,south_asian,salaried,3,3208.59,959.45,1561.36,26351.8,46,3,0,3199.82,0,True,9625.77
APP-003021,25,18-25,male,arab_expat,salaried,13,12075.6,872.31,8975.39,34437.27,22,5,0,19136.39,0,True,20000.0
APP-003022,23,18-25,male,south_asian,salaried,0,3879.52,796.39,1310.01,11613.36,41,5,0,9541.65,0,True,11638.56
APP-003023,46,46-60,female,south_asian,salaried,102,13718.05,1553.72,8946.66,54744.99,43,4,0,3539.21,0,True,20000.0
APP-003024,21,18-25,male,south_asian,salaried,0,13710.71,1471.71,8015.78,52304.45,27,1,0,782.04,0,True,20000.0
APP-003025,41,36-45,male,south_asian,salaried,100,3463.24,829.3,2420.51,26409.56,25,3,3,5965.64,1,True,10389.72
APP-003026,29,26-35,male,south_asian,salaried,49,5248.27,529.3,2754.26,8612.24,22,4,0,1352.55,0,True,15744.810000000001
APP-003027,23,18-25,female,southeast_asian,self_employed,4,7936.02,743.32,3801.73,28617.68,34,5,0,16704.94,0,True,20000.0
APP-003028,41,36-45,female,south_asian,freelancer,91,4713.62,574.25,1627.07,20116.24,35,0,0,13209.1,0,True,14140.86
APP-003029,40,36-45,male,southeast_asian,salaried,66,7061.08,1204.59,2446.82,45953.82,43,1,0,3884.25,0,True,20000.0
APP-003030,61,46-60,male,other,self_employed,190,30226.78,7926.62,22349.37,102685.51,31,2,0,704.39,0,True,20000.0
APP-003031,51,46-60,male,south_asian,salaried,145,13486.26,333.13,8720.38,10287.64,28,5,0,12025.21,0,True,20000.0
APP-003032,55,46-60,male,arab_expat,salaried,159,8958.92,911.13,3226.95,32279.21,3,2,0,1457.92,0,True,20000.0
APP-003033,54,46-60,male,south_asian,salaried,160,4252.63,339.0,2057.58,10048.76,17,4,0,1239.83,0,True,12757.89
APP-003034,39,36-45,female,south_asian,salaried,67,3995.08,722.52,1359.28,21930.1,36,3,0,6645.62,0,True,11985.24
APP-003035,30,26-35,male,other,salaried,30,9879.44,1227.45,4844.1,23927.76,1,1,1,15334.81,1,True,20000.0
APP-003036,36,36-45,female,southeast_asian,salaried,51,5902.96,648.91,3576.44,13364.99,1,0,0,17346.37,0,True,17708.88
APP-003037,40,36-45,male,south_asian,salaried,107,3226.96,448.7,1039.47,11718.93,43,5,0,9198.27,0,True,9680.880000000001
APP-003038,21,18-25,male,southeast_asian,self_employed,14,3519.74,1000.07,2564.65,31730.24,26,2,3,4975.17,1,True,10559.22
APP-003039,46,46-60,female,arab_expat,salaried,106,6041.56,124.89,2538.98,2461.52,11,2,0,14394.89,0,True,18124.68
APP-003040,62,46-60,female,western,self_employed,190,8940.02,1094.89,2912.62,41928.26,33,3,0,6321.99,0,True,20000.0
APP-003041,46,46-60,female,arab_expat,freelancer,126,9262.41,1601.87,6155.99,61058.19,26,1,0,11776.79,0,True,20000.0
APP-003042,54,46-60,female,arab_expat,salaried,130,8817.59,804.78,6985.96,14895.92,4,1,0,4734.03,0,True,20000.0
APP-003043,27,26-35,male,western,unemployed,0,4450.559810591292,109.34,2818.39,1957.78,23,4,0,1886.19,0,False,13351.679431773877
APP-003044,50,46-60,female,western,salaried,135,54206.92,9082.85,26256.95,241887.08,28,3,0,11256.84,0,True,20000.0
APP-003045,62,46-60,female,south_asian,salaried,185,5019.36,621.58,4006.16,19982.48,37,2,2,12364.18,0,True,15058.079999999998
APP-003046,52,46-60,male,arab_expat,freelancer,156,15389.52,4897.89,5022.98,107345.75,35,0,0,16407.91,0,True,20000.0
APP-003047,57,46-60,male,arab_expat,salaried,172,7903.07,639.54,3217.97,17621.51,35,2,2,16048.83,1,True,20000.0
APP-003048,51,46-60,female,south_asian,freelancer,146,12839.4,2709.52,4734.57,67094.04,10,4,0,11603.35,0,True,20000.0
APP-003049,20,18-25,male,emirati,salaried,5,5909.61,682.64,3781.42,10921.46,33,5,1,16905.74,0,True,17728.829999999998
APP-003050,24,18-25,male,south_asian,salaried,17,5835.94,640.23,2310.03,22006.07,40,2,0,2447.89,0,True,17507.82
APP-003051,65,46-60,male,south_asian,salaried,223,4495.69,404.3,3178.56,5222.75,34,2,1,4138.6,0,True,13487.07
APP-003052,50,46-60,female,southeast_asian,salaried,137,7076.97,1845.41,3567.65,40299.12,28,0,0,1319.59,0,True,20000.0
APP-003053,23,18-25,male,western,salaried,6,11952.72,3006.55,8932.48,71608.42,20,3,0,10172.66,0,True,20000.0
APP-003054,43,36-45,female,arab_expat,freelancer,98,10224.65,3235.31,3632.85,128800.87,12,2,1,17508.78,1,True,20000.0
APP-003055,36,36-45,female,south_asian,salaried,76,6617.3,1591.53,4514.29,61590.16,9,2,2,8247.01,1,True,19851.9
APP-003056,21,18-25,male,southeast_asian,salaried,1,4626.54,709.53,1470.97,26290.58,15,5,0,3331.99,0,True,13879.619999999999
APP-003057,38,36-45,male,other,salaried,104,9488.79,2661.54,2858.88,41882.27,37,1,0,14113.46,0,True,20000.0
APP-003058,24,18-25,male,western,salaried,0,6650.14,1702.87,4660.55,36394.34,2,4,3,9649.38,1,True,19950.420000000002
APP-003059,18,18-25,male,south_asian,salaried,6,6908.51,2719.31,4916.16,80572.49,16,2,0,19748.28,0,True,20000.0
APP-003060,25,18-25,female,emirati,freelancer,4,24326.97,4505.99,8783.43,73309.57,39,2,0,17364.16,1,True,20000.0
APP-003061,41,36-45,male,southeast_asian,salaried,86,9889.74,633.04,7405.18,9837.25,9,5,0,7901.69,0,True,20000.0
APP-003062,42,36-45,male,southeast_asian,freelancer,115,5496.52,1243.72,2592.19,49203.76,13,4,0,15434.31,0,True,16489.56
APP-003063,41,36-45,male,south_asian,freelancer,101,3914.71,1158.13,3038.15,43146.23,13,3,0,6137.95,0,True,11744.130000000001
APP-003064,61,46-60,male,southeast_asian,salaried,176,7334.86,550.59,5349.07,11711.74,6,5,0,10663.03,0,True,20000.0
APP-003065,57,46-60,male,south_asian,salaried,173,10203.34,566.46,5032.11,19175.49,18,3,0,2407.55,0,True,20000.0
APP-003066,31,26-35,female,arab_expat,salaried,38,3943.19,814.7,1347.6,12958.4,34,4,0,8912.02,0,True,11829.57
APP-003067,57,46-60,male,south_asian,self_employed,182,11338.45,4280.38,5763.76,138233.59,36,3,1,3925.25,0,True,20000.0
APP-003068,60,46-60,male,south_asian,salaried,192,4763.64,1174.08,3320.13,21185.26,35,1,2,11182.34,1,True,14290.920000000002
APP-003069,43,36-45,male,south_asian,self_employed,101,16476.11,4996.54,8421.56,131327.73,7,4,1,11912.8,1,True,20000.0
APP-003070,48,46-60,female,arab_expat,salaried,113,7120.19,2430.96,5427.05,54311.71,43,3,0,4067.98,0,True,20000.0
APP-003071,56,46-60,female,western,freelancer,175,19027.96,2309.49,6944.8,57423.29,27,5,0,2072.84,0,True,20000.0
APP-003072,58,46-60,male,arab_expat,salaried,176,5500.12,1390.02,2429.28,26848.14,35,0,0,7655.08,0,True,16500.36
APP-003073,62,46-60,male,south_asian,salaried,183,3000.0,620.2,1287.64,11083.7,35,3,0,5932.57,0,True,9000.0
APP-003074,50,46-60,female,south_asian,salaried,164,10058.28,651.87,4555.41,24373.05,43,3,0,19178.93,0,True,20000.0
APP-003075,64,46-60,female,south_asian,salaried,180,8053.63,166.48,5057.32,2479.31,1,4,0,14788.11,0,True,20000.0
APP-003076,26,26-35,male,western,freelancer,33,39848.34,5254.26,27766.07,209490.34,32,3,0,14191.91,0,True,20000.0
APP-003077,41,36-45,male,emirati,salaried,84,13605.27,409.95,9356.97,8503.36,40,4,0,9058.09,0,True,20000.0
APP-003078,20,18-25,male,southeast_asian,self_employed,0,6181.25,1514.39,4874.74,48086.67,21,1,0,16167.9,0,True,18543.75
APP-003079,54,46-60,male,southeast_asian,salaried,164,9808.96,1773.14,6041.71,57434.12,7,0,1,9088.47,0,True,20000.0
APP-003080,56,46-60,female,arab_expat,freelancer,149,15315.49,2090.23,7764.85,25327.36,16,3,0,16837.0,1,True,20000.0
APP-003081,35,26-35,female,arab_expat,salaried,59,7206.68,1548.37,2582.02,36683.02,44,2,0,887.26,0,True,20000.0
APP-003082,32,26-35,female,emirati,salaried,35,4176.84,1295.0,1822.47,29162.54,0,2,2,10913.95,1,True,12530.52
APP-003083,53,46-60,male,south_asian,salaried,149,3000.0,709.57,2167.44,28135.78,28,0,0,8563.04,0,True,9000.0
APP-003084,34,26-35,male,other,salaried,74,10311.0,2059.13,4787.45,41247.51,40,2,0,15926.13,0,True,20000.0
APP-003085,46,46-60,male,southeast_asian,salaried,126,28661.63,2742.19,17706.34,96451.27,5,1,0,15234.52,0,True,20000.0
APP-003086,31,26-35,male,arab_expat,salaried,49,7926.85,1368.59,3896.6,32881.84,31,4,0,7988.82,0,True,20000.0
APP-003087,18,18-25,male,western,salaried,11,12785.24,1565.21,5127.78,39888.95,27,1,0,2474.5,0,True,20000.0
APP-003088,30,26-35,female,arab_expat,salaried,27,4922.22,2125.95,2828.22,29757.64,39,2,0,3626.46,0,True,14766.66
APP-003089,58,46-60,male,south_asian,salaried,189,14822.88,2192.3,11169.8,62094.26,15,3,0,17033.37,0,True,20000.0
APP-003090,46,46-60,male,southeast_asian,salaried,125,12481.46,1170.81,8853.82,46115.44,37,4,0,4744.49,0,True,20000.0
APP-003091,47,46-60,female,south_asian,salaried,128,4036.64,118.59,2180.42,4300.04,5,2,0,10068.64,0,True,12109.92
APP-003092,61,46-60,male,other,freelancer,185,6816.69,1396.06,5096.12,43773.95,25,5,0,4771.15,0,True,20000.0
APP-003093,51,46-60,male,emirati,salaried,156,4772.54,286.56,3443.54,4018.81,19,1,3,1388.47,1,True,14317.619999999999
APP-003094,61,46-60,female,emirati,self_employed,196,21782.41,1105.08,7980.62,24530.54,17,2,0,3866.15,0,True,20000.0
APP-003095,18,18-25,female,emirati,unemployed,0,4921.612752648822,613.18,2066.98,22624.3,7,1,0,5149.38,0,True,14764.838257946465
APP-003096,45,36-45,female,other,salaried,128,8970.01,2941.56,3591.68,70312.67,41,5,0,12021.88,0,True,20000.0
APP-003097,56,46-60,female,south_asian,freelancer,158,25523.77,1888.15,15065.79,30687.48,45,2,0,19855.53,0,True,20000.0
APP-003098,60,46-60,male,south_asian,salaried,175,18120.07,2515.41,10162.9,98563.55,4,4,0,15252.83,0,True,20000.0
APP-003099,65,46-60,female,south_asian,self_employed,206,17542.72,6429.71,11261.73,256051.51,2,1,0,13999.64,0,True,20000.0
APP-003100,47,46-60,male,southeast_asian,salaried,118,8807.28,836.19,2675.56,22104.68,22,3,0,4581.2,0,True,20000.0
APP-003101,19,18-25,male,emirati,salaried,0,6861.75,1384.13,3697.05,24849.76,25,0,0,5678.13,0,True,20000.0
APP-003102,43,36-45,male,arab_expat,salaried,100,14169.31,3076.43,7838.21,86636.84,37,1,0,1871.17,0,True,20000.0
APP-003103,22,18-25,female,arab_expat,salaried,0,6435.06,1561.41,4436.79,35114.51,41,5,2,8298.39,0,True,19305.18
APP-003104,34,26-35,male,arab_expat,salaried,58,18310.48,5559.46,5996.41,66002.34,10,4,2,5682.34,0,True,20000.0
APP-003105,26,26-35,male,arab_expat,salaried,25,3000.0,677.52,1646.85,16954.28,24,0,0,1696.2,0,True,9000.0
APP-003106,27,26-35,female,south_asian,salaried,38,30204.62,2030.98,22916.62,77017.35,10,4,0,17285.71,0,True,20000.0
APP-003107,62,46-60,female,south_asian,salaried,190,3998.3,698.9,2578.46,14330.57,20,3,0,7219.34,0,True,11994.900000000001
APP-003108,25,18-25,male,emirati,salaried,18,7414.83,939.53,5190.92,13350.28,1,0,0,5477.84,0,True,20000.0
APP-003109,59,46-60,female,western,salaried,177,12975.7,3202.74,5372.71,113034.85,14,1,0,17632.14,0,True,20000.0
APP-003110,41,36-45,male,south_asian,salaried,76,9399.1,1970.45,2835.29,74236.29,18,0,0,1181.04,0,True,20000.0
APP-003111,61,46-60,female,southeast_asian,salaried,186,14681.04,2822.97,6784.32,112703.23,47,0,0,837.97,0,True,20000.0
APP-003112,22,18-25,male,south_asian,salaried,21,10299.46,3770.87,4557.03,123445.34,31,5,0,2401.38,0,True,20000.0
APP-003113,51,46-60,female,southeast_asian,salaried,159,6959.36,1770.79,2826.65,41861.27,0,5,0,16031.36,0,True,20000.0
APP-003114,59,46-60,male,western,salaried,157,5307.01,651.79,3264.8,12321.26,4,4,0,5250.01,0,True,15921.03
APP-003115,26,26-35,male,south_asian,self_employed,11,4572.02,102.23,2543.26,3738.47,12,2,0,9937.53,0,True,13716.060000000001
APP-003116,26,26-35,female,south_asian,freelancer,12,3000.0,235.65,1121.85,8584.61,25,3,0,2499.15,0,True,9000.0
APP-003117,65,46-60,male,southeast_asian,salaried,186,12502.83,506.84,9639.27,15659.05,41,3,0,13919.48,0,True,20000.0
APP-003118,21,18-25,male,arab_expat,salaried,5,10746.98,644.55,6175.61,19258.66,2,3,0,4658.53,0,True,20000.0
APP-003119,32,26-35,male,southeast_asian,self_employed,56,10845.88,1563.11,3367.67,16469.54,36,4,0,11494.14,0,True,20000.0
APP-003120,60,46-60,female,arab_expat,salaried,173,6738.86,1226.27,3544.34,36505.74,39,3,0,9416.91,0,True,20000.0
APP-003121,53,46-60,male,emirati,salaried,140,27292.07,2418.36,16153.76,73981.82,22,1,0,16246.6,0,True,20000.0
APP-003122,41,36-45,male,south_asian,self_employed,105,3617.66,143.92,2487.99,4957.61,39,1,0,6782.18,0,True,10852.98
APP-003123,24,18-25,male,southeast_asian,salaried,0,13170.19,924.19,5611.47,18679.28,13,1,0,11550.39,0,True,20000.0
APP-003124,30,26-35,female,south_asian,salaried,40,5778.77,341.59,3447.44,7596.78,4,5,0,11610.89,0,True,17336.31
APP-003125,42,36-45,male,southeast_asian,freelancer,113,23769.16,4955.64,9221.21,147485.46,39,2,0,18343.31,0,True,20000.0
APP-003126,44,36-45,male,western,salaried,110,32008.62,8478.1,13035.1,89506.79,35,4,0,19692.23,0,True,20000.0
APP-003127,52,46-60,female,southeast_asian,salaried,145,10466.05,2642.78,6548.52,89528.59,28,5,1,18270.75,0,True,20000.0
APP-003128,55,46-60,female,western,freelancer,156,37693.76,6475.88,15360.88,122545.08,0,5,0,1546.87,0,True,20000.0
APP-003129,39,36-45,male,emirati,salaried,77,20648.87,1154.78,10555.39,19310.33,24,4,0,15027.33,0,True,20000.0
APP-003130,19,18-25,female,south_asian,salaried,0,32900.42,2402.36,23822.69,69209.03,16,3,0,11186.3,0,True,20000.0
APP-003131,44,36-45,male,emirati,self_employed,118,3356.55,492.4,2254.1,5606.52,37,4,3,4695.42,1,True,10069.650000000001
APP-003132,63,46-60,male,south_asian,salaried,209,17006.87,2721.38,11688.8,88450.76,28,4,0,10997.67,0,True,20000.0
APP-003133,26,26-35,male,southeast_asian,salaried,21,4931.14,198.47,2804.27,3157.3,47,3,0,12475.18,0,True,14793.420000000002
APP-003134,36,36-45,male,emirati,self_employed,80,3333.29,1078.64,2084.2,30204.35,1,0,1,4527.54,0,True,9999.869999999999
APP-003135,50,46-60,male,south_asian,salaried,117,7231.83,1209.65,4703.4,45385.44,25,3,2,5765.38,1,True,20000.0
APP-003136,27,26-35,male,south_asian,self_employed,35,3000.0,473.77,923.35,6868.94,38,5,0,4633.48,0,True,9000.0
APP-003137,62,46-60,male,south_asian,salaried,210,7136.85,1659.95,4215.93,53483.95,23,4,0,4296.34,0,True,20000.0
APP-003138,58,46-60,female,arab_expat,salaried,185,14961.77,1442.02,9193.33,49598.03,23,5,0,19766.05,0,True,20000.0
APP-003139,62,46-60,male,emirati,salaried,198,18124.14,2822.36,6795.6,110087.35,18,3,0,17559.24,0,True,20000.0
APP-003140,38,36-45,male,western,salaried,80,21301.64,645.26,15598.11,22516.43,13,4,0,16577.15,0,True,20000.0
APP-003141,41,36-45,male,south_asian,salaried,97,3000.0,169.8,1326.42,5142.55,31,0,0,2590.28,0,True,9000.0
APP-003142,64,46-60,male,western,salaried,190,64843.69,11354.27,41730.37,228206.56,30,2,0,2627.55,0,True,20000.0
APP-003143,27,26-35,male,south_asian,self_employed,17,12373.68,2990.11,7979.53,51143.67,40,1,0,17586.44,0,True,20000.0
APP-003144,19,18-25,male,south_asian,salaried,0,5181.47,1143.17,3524.22,12732.81,33,4,1,12554.43,0,True,15544.41
APP-003145,37,36-45,male,arab_expat,salaried,75,5505.3,853.23,1656.59,27812.09,18,0,0,2247.22,0,True,16515.9
APP-003146,25,18-25,male,south_asian,salaried,17,3000.0,648.26,2217.09,9556.81,46,0,3,5919.15,1,True,9000.0
APP-003147,26,26-35,female,south_asian,freelancer,32,4926.58,245.55,1686.91,8703.33,2,0,0,12596.77,0,True,14779.74
APP-003148,39,36-45,male,south_asian,salaried,75,19167.68,895.87,8852.3,12199.99,31,5,0,14274.08,0,True,20000.0
APP-003149,57,46-60,female,south_asian,salaried,163,7638.3,345.05,2683.1,7050.68,38,1,0,16370.32,0,True,20000.0
APP-003150,62,46-60,male,emirati,salaried,213,11313.37,400.95,7057.57,4366.61,1,4,0,3940.46,0,True,20000.0
APP-003151,49,46-60,male,arab_expat,salaried,123,6025.66,658.1,4816.76,12808.04,16,5,0,11377.63,0,True,18076.98
APP-003152,24,18-25,female,south_asian,freelancer,39,5344.18,486.0,3735.11,8476.88,35,2,0,9560.24,0,True,16032.54
APP-003153,20,18-25,male,south_asian,salaried,0,6087.93,1324.68,2011.26,39960.5,42,5,3,6622.02,1,True,18263.79
APP-003154,20,18-25,male,south_asian,self_employed,0,5320.19,552.74,3716.96,9870.25,5,0,0,4990.02,0,True,15960.57
APP-003155,59,46-60,female,south_asian,salaried,168,8194.5,1657.25,2852.05,40622.73,27,1,0,10507.95,0,True,20000.0
APP-003156,38,36-45,female,south_asian,freelancer,71,4983.48,932.42,3119.14,15180.52,2,5,1,7774.09,1,True,14950.439999999999
APP-003157,62,46-60,male,southeast_asian,salaried,184,3888.21,457.51,2301.68,11037.15,12,1,0,9102.78,0,True,11664.630000000001
APP-003158,20,18-25,male,western,self_employed,17,3000.0,832.84,2310.93,10498.7,36,1,1,7352.68,0,True,9000.0
APP-003159,62,46-60,male,south_asian,self_employed,189,4097.17,469.63,1835.34,10871.54,46,4,0,5338.46,0,True,12291.51
APP-003160,32,26-35,male,south_asian,self_employed,52,9042.89,908.63,4001.74,33117.5,9,4,0,10371.71,0,True,20000.0
APP-003161,22,18-25,male,arab_expat,salaried,10,6717.67,406.35,3295.5,7045.68,5,0,0,17912.12,0,True,20000.0
APP-003162,41,36-45,female,arab_expat,salaried,100,22736.74,7133.71,10178.32,169450.73,42,2,0,15256.76,0,True,20000.0
APP-003163,63,46-60,male,south_asian,salaried,226,4035.91,1086.06,2733.61,39210.58,12,0,0,1922.54,0,True,12107.73
APP-003164,45,36-45,female,south_asian,salaried,110,5852.27,666.36,3065.46,8347.49,20,3,0,7154.61,0,True,17556.81
APP-003165,32,26-35,male,other,salaried,37,4833.99,676.5,1652.02,15198.83,34,1,0,8880.06,0,True,14501.97
APP-003166,36,36-45,male,southeast_asian,salaried,66,3000.0,525.7,1925.2,11055.89,13,2,2,8412.53,0,True,9000.0
APP-003167,62,46-60,female,emirati,salaried,198,32056.06,7511.37,14613.47,143057.66,37,3,0,19328.03,0,True,20000.0
APP-003168,60,46-60,female,arab_expat,freelancer,175,17126.59,1353.38,6667.29,33807.09,43,5,0,9407.17,0,True,20000.0
APP-003169,44,36-45,male,western,freelancer,97,14518.04,1792.79,7969.38,44541.01,7,5,0,7782.5,0,True,20000.0
APP-003170,46,46-60,male,western,salaried,105,15249.94,2503.15,10014.47,80678.74,6,1,0,18341.58,0,True,20000.0
APP-003171,63,46-60,male,western,salaried,205,17581.23,3276.17,5916.93,89598.62,43,2,0,9827.27,0,True,20000.0
APP-003172,22,18-25,female,south_asian,salaried,0,9615.79,3074.28,6103.6,79881.62,15,4,0,11090.22,0,True,20000.0
APP-003173,42,36-45,male,south_asian,salaried,90,13434.78,204.37,7982.33,7406.61,25,1,0,13290.86,0,True,20000.0
APP-003174,19,18-25,female,emirati,salaried,0,3876.72,1094.36,1840.37,29769.15,20,5,0,9203.42,0,True,11630.16
APP-003175,18,18-25,male,south_asian,salaried,0,12808.62,1264.03,6947.37,32736.4,47,5,0,3800.61,0,True,20000.0
APP-003176,55,46-60,male,south_asian,self_employed,142,3593.03,258.87,2310.81,5203.18,44,5,0,6848.5,0,True,10779.09
APP-003177,39,36-45,female,south_asian,self_employed,63,8204.56,771.3,5249.14,22523.87,8,2,0,12982.3,0,True,20000.0
APP-003178,45,36-45,male,south_asian,salaried,127,3777.67,484.81,1591.06,15817.22,9,4,0,4789.81,0,True,11333.01
APP-003179,58,46-60,male,southeast_asian,salaried,154,12181.69,1183.43,6263.87,33470.22,9,2,0,2913.45,0,True,20000.0
APP-003180,33,26-35,male,south_asian,salaried,33,4975.71,294.65,2437.83,4599.06,29,1,0,10075.28,0,True,14927.130000000001
APP-003181,46,46-60,male,other,salaried,108,17561.53,1221.54,11430.81,29718.58,0,5,0,1293.29,0,True,20000.0
APP-003182,54,46-60,male,south_asian,salaried,182,9449.45,1283.42,6146.94,17184.93,41,5,0,8801.16,0,True,20000.0
APP-003183,33,26-35,male,south_asian,freelancer,71,3656.9,442.9,1826.76,6548.77,24,3,0,10817.15,0,True,10970.7
APP-003184,52,46-60,male,southeast_asian,salaried,139,14851.19,3925.93,8572.69,135098.76,43,5,2,10745.34,1,True,20000.0
APP-003185,53,46-60,female,southeast_asian,salaried,158,6925.82,1664.01,4651.78,65353.34,18,3,0,14844.41,0,True,20000.0
APP-003186,51,46-60,male,south_asian,unemployed,0,3000.0,857.0,1548.79,33533.28,11,5,3,4904.82,1,True,9000.0
APP-003187,28,26-35,male,south_asian,salaried,45,9548.12,1779.08,5865.79,26968.29,2,2,0,11106.82,0,True,20000.0
APP-003188,40,36-45,female,southeast_asian,salaried,91,4931.05,1312.5,2528.58,15075.34,25,5,0,11800.84,0,True,14793.150000000001
APP-003189,32,26-35,female,south_asian,salaried,27,10687.63,2240.62,5766.41,62063.88,11,3,0,7042.84,0,True,20000.0
APP-003190,65,46-60,female,south_asian,salaried,214,3000.0,901.55,1516.49,15825.13,37,5,3,3791.66,1,True,9000.0
APP-003191,50,46-60,male,arab_expat,self_employed,151,21222.22,2186.13,14719.68,60276.7,17,1,0,11816.6,0,True,20000.0
APP-003192,36,36-45,male,south_asian,salaried,62,6538.72,865.1,3927.77,15320.52,18,4,0,16664.76,0,True,19616.16
APP-003193,42,36-45,male,south_asian,salaried,82,13897.05,3122.46,10032.83,70835.77,44,0,0,15473.18,0,True,20000.0
APP-003194,65,46-60,female,western,salaried,186,10824.06,2198.28,3399.4,82716.08,41,0,0,14480.03,0,True,20000.0
APP-003195,35,26-35,male,south_asian,salaried,59,4887.1,1328.12,2470.61,21387.19,7,5,0,2498.52,0,True,14661.300000000001
APP-003196,52,46-60,male,emirati,salaried,145,8422.95,2359.03,3560.8,88980.96,37,1,1,14126.19,0,True,20000.0
APP-003197,49,46-60,female,other,salaried,128,4356.08,1664.24,3282.63,38697.56,22,0,0,1961.7,0,True,13068.24
APP-003198,38,36-45,male,south_asian,salaried,78,10198.89,3683.54,5985.44,99382.2,26,5,0,15570.66,0,True,20000.0
APP-003199,63,46-60,female,emirati,salaried,182,48669.36,2531.3,28388.13,46734.79,30,2,0,1685.08,0,True,20000.0
APP-003200,50,46-60,female,arab_expat,salaried,134,12600.93,1321.22,6726.57,26650.12,21,1,0,8481.93,0,True,20000.0
APP-003201,53,46-60,male,south_asian,salaried,136,23453.88,4532.6,9241.99,68877.28,18,2,0,10648.78,0,True,20000.0
APP-003202,56,46-60,male,south_asian,salaried,183,3937.5,345.24,2306.81,4775.98,15,5,0,9743.72,0,True,11812.5
APP-003203,34,26-35,female,southeast_asian,self_employed,72,12507.35,4678.07,5540.57,186799.57,17,0,0,15820.64,1,True,20000.0
APP-003204,27,26-35,male,south_asian,salaried,3,3000.0,181.53,1530.82,4513.11,44,3,0,4238.69,0,True,9000.0
APP-003205,22,18-25,female,south_asian,freelancer,11,9198.47,1526.94,7138.63,21184.94,16,5,0,5470.68,0,True,20000.0
APP-003206,31,26-35,male,other,salaried,46,11892.79,2824.96,4048.78,75729.49,38,4,0,7508.74,0,True,20000.0
APP-003207,55,46-60,female,south_asian,freelancer,168,8039.76,1288.66,3797.54,28439.15,39,1,0,686.59,0,True,20000.0
APP-003208,21,18-25,female,south_asian,salaried,4,30143.39,2996.85,22438.16,113899.11,47,0,0,6400.49,0,True,20000.0
APP-003209,31,26-35,male,emirati,self_employed,33,3000.0,447.37,1255.5,14186.44,43,3,1,8758.32,0,True,9000.0
APP-003210,43,36-45,female,arab_expat,self_employed,116,4341.63,583.92,3455.49,9905.12,6,0,0,6880.68,0,True,13024.89
APP-003211,49,46-60,male,emirati,salaried,82,11250.11,2138.39,6693.15,33691.95,16,4,0,8851.26,0,True,20000.0
APP-003212,49,46-60,female,arab_expat,salaried,150,10912.8,2213.62,6186.36,70201.17,10,0,0,3397.34,0,True,20000.0
APP-003213,26,26-35,male,south_asian,self_employed,5,10884.36,609.68,8287.06,11320.79,13,2,0,9982.67,0,True,20000.0
APP-003214,40,36-45,male,south_asian,salaried,96,12495.74,302.91,7585.28,4094.95,32,0,0,17366.61,0,True,20000.0
APP-003215,48,46-60,female,south_asian,salaried,113,5141.99,57.42,4081.27,1163.05,29,1,0,6018.66,0,True,15425.97
APP-003216,47,46-60,male,south_asian,freelancer,130,13642.95,955.71,10576.69,14242.73,7,4,0,1925.75,0,True,20000.0
APP-003217,59,46-60,female,western,salaried,190,9020.62,1787.31,2936.69,50125.31,43,4,0,7415.35,0,True,20000.0
APP-003218,50,46-60,female,southeast_asian,salaried,150,17538.53,3221.24,12598.18,119682.29,18,1,0,1850.26,0,True,20000.0
APP-003219,39,36-45,female,southeast_asian,salaried,82,16796.04,5324.18,9955.16,149885.57,19,0,0,6936.87,0,True,20000.0
APP-003220,58,46-60,female,south_asian,freelancer,176,9969.29,2155.15,7409.11,51371.82,47,2,3,11376.62,1,True,20000.0
APP-003221,37,36-45,male,south_asian,salaried,88,10073.26,815.04,5638.73,13893.98,40,3,0,1290.38,0,True,20000.0
APP-003222,47,46-60,male,emirati,self_employed,105,4576.37,1570.3,3495.65,43384.08,47,4,0,2975.3,0,True,13729.11
APP-003223,61,46-60,male,southeast_asian,salaried,207,18638.34,3203.38,5652.89,102418.77,29,1,0,8452.07,0,True,20000.0
APP-003224,43,36-45,male,south_asian,salaried,115,3000.0,946.13,1172.36,23742.27,32,1,0,2210.6,0,True,9000.0
APP-003225,50,46-60,female,south_asian,salaried,120,9121.72,1776.43,4175.08,59501.6,4,3,0,11840.53,0,True,20000.0
APP-003226,59,46-60,male,south_asian,salaried,147,8743.31,341.45,4483.63,3832.11,30,4,0,17827.09,0,True,20000.0
APP-003227,33,26-35,female,south_asian,salaried,78,3640.08,265.98,1729.34,3678.29,39,0,2,8863.56,0,True,10920.24
APP-003228,35,26-35,male,western,salaried,60,15093.94,762.3,4740.47,25998.21,30,0,0,1732.68,0,True,20000.0
APP-003229,38,36-45,male,southeast_asian,salaried,85,3000.0,195.03,2299.28,2301.18,25,3,0,853.15,0,False,9000.0
APP-003230,54,46-60,male,south_asian,salaried,138,7864.63,659.8,2840.18,14148.18,25,0,0,6702.21,0,True,20000.0
APP-003231,44,36-45,male,south_asian,salaried,108,9172.4,1889.92,7156.93,61141.42,14,3,0,12544.53,0,True,20000.0
APP-003232,21,18-25,male,arab_expat,salaried,16,6011.58,1622.73,3258.36,25634.92,35,1,0,7113.05,0,True,18034.739999999998
APP-003233,35,26-35,female,other,freelancer,55,5487.39,354.12,4339.83,8242.23,21,3,0,14817.94,0,True,16462.170000000002
APP-003234,26,26-35,female,south_asian,salaried,23,12311.26,232.98,7151.86,6026.72,41,0,0,16676.46,0,True,20000.0
APP-003235,47,46-60,male,emirati,salaried,135,9203.92,597.5,4267.25,7064.3,21,4,0,6333.38,0,True,20000.0
APP-003236,37,36-45,male,southeast_asian,salaried,71,6783.99,1168.27,3806.85,36727.3,10,1,0,18325.43,0,True,20000.0
APP-003237,57,46-60,male,western,salaried,164,8240.48,646.4,4168.0,24252.93,18,0,1,2772.85,0,True,20000.0
APP-003238,61,46-60,male,south_asian,salaried,199,10312.08,2321.04,4338.64,63196.71,44,3,0,3245.09,0,True,20000.0
APP-003239,38,36-45,male,emirati,self_employed,75,7273.09,659.53,3579.02,14407.36,16,0,0,11557.56,0,True,20000.0
APP-003240,29,26-35,female,arab_expat,salaried,42,13007.68,4300.81,5613.39,57851.37,1,2,0,8501.06,0,True,20000.0
APP-003241,61,46-60,female,emirati,salaried,206,11983.44,3201.97,8447.57,50721.73,2,5,0,6929.36,0,True,20000.0
APP-003242,51,46-60,female,south_asian,salaried,119,6719.33,268.69,4833.94,3656.28,16,3,0,4755.79,0,True,20000.0
APP-003243,48,46-60,male,other,salaried,138,11324.81,2892.39,4207.62,41458.82,47,0,0,16238.66,0,True,20000.0
APP-003244,43,36-45,female,south_asian,salaried,119,10127.06,2093.44,6868.27,48145.21,28,3,1,16236.29,0,True,20000.0
APP-003245,45,36-45,female,south_asian,salaried,123,15529.44,4333.57,6293.68,125579.82,5,0,0,19934.81,0,True,20000.0
APP-003246,53,46-60,male,south_asian,salaried,159,5342.08,185.83,3523.62,4556.26,19,4,0,1831.72,0,True,16026.24
APP-003247,50,46-60,female,arab_expat,self_employed,151,8348.62,1518.82,6228.3,30871.55,12,1,0,16154.33,0,True,20000.0
APP-003248,48,46-60,female,south_asian,self_employed,99,4184.17,731.78,1955.86,28760.63,15,4,0,1180.56,0,True,12552.51
APP-003249,47,46-60,male,south_asian,self_employed,106,5324.23,1631.46,3622.43,26195.69,2,3,0,3654.47,0,True,15972.689999999999
APP-003250,64,46-60,female,south_asian,salaried,196,4513.55,815.25,1655.16,22144.49,21,0,0,10664.85,0,True,13540.650000000001
APP-003251,32,26-35,male,south_asian,salaried,46,34223.99,4795.76,15640.9,118806.83,26,1,0,7044.29,0,True,20000.0
APP-003252,29,26-35,female,emirati,salaried,21,6297.63,1587.4,4837.1,19868.31,2,3,0,17814.38,0,True,18892.89
APP-003253,30,26-35,male,south_asian,salaried,58,8732.08,1733.01,2946.08,35618.25,39,5,0,3155.44,0,True,20000.0
APP-003254,61,46-60,male,western,salaried,192,18119.06,7308.93,6883.69,172022.05,23,1,1,10158.95,0,True,20000.0
APP-003255,23,18-25,female,southeast_asian,salaried,0,10601.69,1425.72,4707.25,20277.93,26,3,0,5943.3,0,True,20000.0
APP-003256,49,46-60,male,other,salaried,150,7660.7,1035.95,2562.63,33079.91,43,0,0,2652.25,0,True,20000.0
APP-003257,23,18-25,male,southeast_asian,freelancer,9,4834.43,984.39,3040.76,20814.48,15,5,0,14380.59,0,True,14503.29
APP-003258,48,46-60,female,south_asian,salaried,128,7430.06,446.64,4527.41,12510.42,30,3,0,19369.33,0,True,20000.0
APP-003259,30,26-35,male,southeast_asian,salaried,39,3000.0,610.29,1075.67,20046.12,36,2,0,2843.11,0,True,9000.0
APP-003260,36,36-45,female,western,salaried,77,43642.64,6823.16,30408.03,168616.02,24,0,0,8228.23,0,True,20000.0
APP-003261,49,46-60,female,western,salaried,140,16993.55,1943.16,7525.36,49007.4,15,4,1,9782.8,0,True,20000.0
APP-003262,28,26-35,female,emirati,unemployed,0,3000.0,623.81,1040.43,24148.45,45,0,3,3566.23,1,True,9000.0
APP-003263,30,26-35,female,south_asian,salaried,48,9883.34,946.96,6590.98,11751.77,26,3,0,13227.99,0,True,20000.0
APP-003264,20,18-25,male,south_asian,salaried,4,19851.1,1554.74,15455.5,44989.47,10,3,0,3202.47,0,True,20000.0
APP-003265,35,26-35,male,south_asian,self_employed,65,11591.27,2473.36,5243.24,42249.19,30,0,0,18519.59,0,True,20000.0
APP-003266,61,46-60,male,south_asian,salaried,184,21642.57,1353.81,8862.27,38847.39,38,5,0,15960.91,0,True,20000.0
APP-003267,23,18-25,female,southeast_asian,unemployed,0,4589.920922954263,203.05,3628.73,4200.31,28,2,0,7304.09,0,True,13769.762768862789
APP-003268,50,46-60,male,emirati,salaried,116,11946.3,553.01,6228.23,14382.74,39,2,0,7200.71,0,True,20000.0
APP-003269,65,46-60,male,south_asian,salaried,231,18280.93,1663.03,7596.96,65267.24,12,1,0,13631.63,0,True,20000.0
APP-003270,41,36-45,female,south_asian,salaried,94,6793.88,569.04,3233.87,13256.25,17,0,0,9837.04,0,True,20000.0
APP-003271,41,36-45,male,emirati,salaried,108,5197.53,284.1,1877.33,5698.15,26,0,0,1330.6,0,True,15592.59
APP-003272,64,46-60,male,south_asian,salaried,202,9995.37,3145.98,7709.65,53026.7,39,1,0,12799.32,0,True,20000.0
APP-003273,20,18-25,female,south_asian,salaried,35,11391.04,1811.6,7987.4,68244.95,35,4,0,6598.52,0,True,20000.0
APP-003274,45,36-45,male,emirati,salaried,100,11104.2,2282.77,5792.33,35865.93,29,3,0,17039.01,0,True,20000.0
APP-003275,65,46-60,male,western,salaried,232,57413.09,10614.28,23010.06,181658.4,33,3,0,19341.6,0,True,20000.0
APP-003276,22,18-25,female,southeast_asian,salaried,0,3972.96,960.55,2929.96,15134.69,19,2,0,7293.37,0,True,11918.880000000001
APP-003277,53,46-60,male,southeast_asian,salaried,158,7531.99,2149.99,5971.04,61465.94,11,0,0,4647.0,0,True,20000.0
APP-003278,51,46-60,male,southeast_asian,salaried,140,14071.28,5463.67,7256.28,179875.22,1,4,0,3391.48,0,True,20000.0
APP-003279,53,46-60,male,western,salaried,151,32013.58,1269.22,21539.66,31355.4,24,4,0,1009.73,0,True,20000.0
APP-003280,61,46-60,male,southeast_asian,salaried,173,18762.5,3989.05,8762.78,49071.98,34,5,0,3222.4,0,True,20000.0
APP-003281,31,26-35,male,arab_expat,salaried,34,3000.0,35.58,2129.2,1397.51,22,2,3,2822.58,1,False,9000.0
APP-003282,37,36-45,female,western,salaried,96,19914.74,5174.46,13092.3,125390.74,35,5,0,14850.47,0,True,20000.0
APP-003283,49,46-60,male,south_asian,self_employed,122,9306.35,1427.78,6618.56,48018.24,29,4,1,11595.26,0,True,20000.0
APP-003284,46,46-60,male,south_asian,unemployed,0,4032.7291783549945,1627.71,2951.02,48338.34,10,2,0,2020.84,1,True,12098.187535064983
APP-003285,44,36-45,male,emirati,salaried,102,6628.23,920.71,3326.83,26671.68,7,0,0,5115.46,0,True,19884.69
APP-003286,29,26-35,male,south_asian,salaried,16,10382.11,965.85,5356.86,24641.23,36,1,0,8152.01,0,True,20000.0
APP-003287,64,46-60,male,south_asian,salaried,214,5207.49,963.04,2292.16,37271.1,38,3,0,15395.47,0,True,15622.47
APP-003288,38,36-45,female,southeast_asian,salaried,72,4352.08,945.44,1910.04,29741.06,8,5,0,4435.52,0,True,13056.24
APP-003289,42,36-45,male,south_asian,salaried,89,9138.77,1833.17,5821.37,22584.59,23,5,0,17605.26,0,True,20000.0
APP-003290,20,18-25,female,south_asian,salaried,9,3000.0,80.45,1466.97,1999.1,27,1,0,7360.08,0,True,9000.0
APP-003291,21,18-25,male,arab_expat,salaried,0,18800.08,1987.66,13926.78,30639.2,24,2,3,12432.36,1,True,20000.0
APP-003292,41,36-45,male,western,salaried,94,6477.0,425.63,2117.47,9223.3,42,3,0,18816.73,0,True,19431.0
APP-003293,26,26-35,male,arab_expat,freelancer,2,11196.2,968.2,8068.24,23696.03,13,5,2,2826.49,0,True,20000.0
APP-003294,27,26-35,male,south_asian,freelancer,24,7203.27,1764.63,3026.08,28602.28,41,0,2,16711.18,1,True,20000.0
APP-003295,59,46-60,female,other,salaried,149,6729.49,1183.43,3429.59,30902.18,11,3,0,13033.24,0,True,20000.0
APP-003296,45,36-45,male,southeast_asian,salaried,124,3858.35,1265.83,2264.24,19803.78,13,4,0,1247.79,0,True,11575.05
APP-003297,59,46-60,male,south_asian,salaried,180,47444.47,8348.12,35135.61,110354.24,43,5,0,12849.06,0,True,20000.0
APP-003298,20,18-25,male,other,salaried,0,13553.78,2987.57,9934.48,52140.66,9,2,0,3865.14,0,True,20000.0
APP-003299,19,18-25,male,south_asian,salaried,0,4417.06,709.57,3335.95,23926.62,42,5,0,7533.25,0,True,13251.18
APP-003300,38,36-45,female,southeast_asian,salaried,59,3083.57,96.94,970.07,1017.14,35,4,0,1367.77,0,False,9250.710000000001
APP-003301,40,36-45,male,emirati,salaried,81,5410.77,901.4,3830.37,9904.22,37,0,0,10861.58,0,True,16232.310000000001
APP-003302,29,26-35,female,southeast_asian,salaried,14,12748.41,3185.04,6435.64,34594.1,19,3,2,9010.2,0,True,20000.0
APP-003303,26,26-35,male,other,salaried,26,5409.19,991.8,1918.16,33851.79,41,1,0,13286.79,0,True,16227.57
APP-003304,60,46-60,male,south_asian,salaried,157,4604.03,701.88,2647.78,7840.15,2,5,0,12912.62,0,True,13812.09
APP-003305,46,46-60,female,south_asian,salaried,120,6137.37,1428.22,3040.48,41387.3,44,3,0,14252.23,0,True,18412.11
APP-003306,31,26-35,male,south_asian,salaried,32,6244.3,516.34,2211.97,14295.5,11,2,0,3528.92,0,True,18732.9
APP-003307,57,46-60,male,other,salaried,171,3619.37,560.82,1551.96,16104.39,30,4,0,7361.12,0,True,10858.11
APP-003308,60,46-60,female,emirati,self_employed,184,13414.0,907.59,8777.4,33704.87,13,5,1,16761.32,0,True,20000.0
APP-003309,60,46-60,female,south_asian,salaried,168,6234.89,296.52,2033.07,9663.43,25,3,2,12096.76,0,True,18704.670000000002
APP-003310,56,46-60,female,south_asian,salaried,143,4239.61,99.03,3140.39,1708.98,8,4,3,6166.41,1,True,12718.829999999998
APP-003311,41,36-45,male,southeast_asian,salaried,86,22258.76,1153.4,9788.97,42551.97,1,1,0,17846.31,0,True,20000.0
APP-003312,23,18-25,male,south_asian,self_employed,0,8429.63,869.37,5183.36,19849.76,40,4,0,10585.03,0,True,20000.0
APP-003313,35,26-35,female,western,salaried,71,13837.97,1702.55,6926.03,22232.72,39,0,0,7756.96,0,True,20000.0
APP-003314,20,18-25,female,emirati,salaried,0,15889.02,2633.21,10077.21,89726.98,42,4,0,19074.48,0,True,20000.0
APP-003315,48,46-60,male,emirati,salaried,116,8322.79,955.16,5216.78,16143.84,22,3,0,16815.6,0,True,20000.0
APP-003316,63,46-60,male,western,salaried,194,39887.34,5464.3,24006.23,83275.26,41,4,0,14685.22,0,True,20000.0
APP-003317,35,26-35,male,other,salaried,60,5046.5,1559.05,3325.5,54943.23,27,4,0,5769.91,0,True,15139.5
APP-003318,42,36-45,male,southeast_asian,salaried,91,3000.0,430.98,1983.73,4920.96,9,3,1,4457.19,0,True,9000.0
APP-003319,61,46-60,female,south_asian,freelancer,192,4769.22,812.01,2611.2,29455.46,10,3,0,6167.68,0,True,14307.66
APP-003320,36,36-45,female,southeast_asian,salaried,85,19204.76,6812.03,7515.48,133332.04,44,2,0,19269.55,0,True,20000.0
APP-003321,29,26-35,female,south_asian,salaried,28,7134.92,369.19,4107.28,8264.46,44,4,0,6009.69,0,True,20000.0
APP-003322,54,46-60,female,south_asian,salaried,152,4085.5,952.86,2886.86,13481.12,1,4,0,11131.75,0,True,12256.5
APP-003323,64,46-60,male,south_asian,freelancer,194,3000.0,243.28,1095.64,7471.44,2,4,0,1533.19,0,True,9000.0
APP-003324,48,46-60,female,south_asian,salaried,130,8522.62,2465.28,4375.22,76434.71,34,0,0,3953.98,0,True,20000.0
APP-003325,36,36-45,male,emirati,salaried,72,5529.85,1124.69,2964.27,36411.42,18,4,1,11680.65,0,True,16589.550000000003
APP-003326,47,46-60,male,western,salaried,104,5470.41,1146.15,3839.46,25365.77,24,2,0,6761.39,0,True,16411.23
APP-003327,29,26-35,male,western,salaried,18,12766.83,857.2,7415.26,20653.0,15,2,0,4875.63,0,True,20000.0
APP-003328,31,26-35,male,south_asian,self_employed,34,3516.36,281.08,2304.38,8784.93,47,0,0,10257.44,0,True,10549.08
APP-003329,42,36-45,female,southeast_asian,freelancer,102,16059.04,3520.77,5639.52,133688.0,44,0,0,5454.39,0,True,20000.0
APP-003330,23,18-25,male,southeast_asian,salaried,0,3000.0,525.55,1206.68,17201.21,3,1,2,981.67,0,True,9000.0
APP-003331,43,36-45,female,arab_expat,self_employed,103,8162.34,2376.21,4746.38,90496.3,3,0,0,4636.58,0,True,20000.0
APP-003332,48,46-60,male,south_asian,salaried,125,3234.62,576.84,1586.19,12710.73,23,2,3,2098.96,0,True,9703.86
APP-003333,60,46-60,female,southeast_asian,salaried,156,3786.78,1287.47,2564.78,30591.52,5,3,0,9530.97,0,True,11360.34
APP-003334,54,46-60,male,south_asian,salaried,140,33448.89,6790.22,25502.98,200377.12,6,3,3,7862.18,1,True,20000.0
APP-003335,48,46-60,female,south_asian,salaried,122,22444.12,3067.93,16365.49,86629.22,40,3,0,2412.9,0,True,20000.0
APP-003336,64,46-60,male,south_asian,salaried,209,10355.47,1621.41,5284.25,56066.24,7,2,3,3105.71,1,True,20000.0
APP-003337,43,36-45,male,emirati,salaried,98,4020.99,787.74,2333.08,12907.22,23,5,0,5901.6,0,True,12062.97
APP-003338,28,26-35,male,arab_expat,salaried,41,6912.42,311.74,3249.87,4396.69,32,5,0,6011.37,0,True,20000.0
APP-003339,47,46-60,male,arab_expat,salaried,132,9178.12,1976.75,5694.24,42533.44,47,0,0,14311.95,0,True,20000.0
APP-003340,43,36-45,male,western,salaried,111,12025.56,1169.14,3646.16,32456.65,3,2,0,776.34,0,True,20000.0
APP-003341,53,46-60,male,western,salaried,163,9515.35,989.99,5113.69,10543.32,47,5,0,3503.59,0,True,20000.0
APP-003342,29,26-35,female,emirati,salaried,9,6398.01,1029.57,4631.41,11975.76,6,0,0,15313.34,0,True,19194.03
APP-003343,20,18-25,female,south_asian,salaried,12,4711.09,546.71,1466.56,14272.19,33,0,0,12133.71,0,True,14133.27
APP-003344,59,46-60,male,western,salaried,165,11475.79,1773.75,8020.18,48074.14,14,2,0,1704.03,0,True,20000.0
APP-003345,36,36-45,female,south_asian,salaried,60,5984.4,552.16,2785.47,17314.23,23,4,0,7829.31,0,True,17953.199999999997
APP-003346,26,26-35,male,arab_expat,freelancer,18,7464.43,1616.96,4244.24,50361.19,18,5,0,11389.89,0,True,20000.0
APP-003347,24,18-25,male,southeast_asian,salaried,35,29665.2,2771.75,16003.01,109744.96,8,1,0,9731.63,0,True,20000.0
APP-003348,49,46-60,male,south_asian,salaried,125,7143.33,779.82,2644.99,24927.17,36,5,0,14695.46,0,True,20000.0
APP-003349,38,36-45,male,emirati,salaried,85,3000.0,209.61,2324.5,3444.5,6,2,2,4023.22,0,True,9000.0
APP-003350,62,46-60,male,southeast_asian,salaried,201,15712.22,3329.57,5319.7,45183.93,6,0,0,3516.76,0,True,20000.0
APP-003351,42,36-45,female,arab_expat,salaried,102,14723.19,1008.2,8363.69,22370.4,35,4,0,917.12,0,True,20000.0
APP-003352,57,46-60,male,southeast_asian,freelancer,165,10566.95,1579.1,4237.04,22672.8,36,0,1,4573.38,0,True,20000.0
APP-003353,37,36-45,male,south_asian,freelancer,59,3971.72,317.56,2589.27,10256.86,36,4,0,9880.26,0,True,11915.16
APP-003354,29,26-35,female,south_asian,self_employed,11,5394.1,942.86,1705.96,35780.31,25,5,1,11682.45,0,True,16182.300000000001
APP-003355,56,46-60,female,south_asian,salaried,153,26854.91,6811.63,8169.75,225148.66,9,2,0,17089.62,0,True,20000.0
APP-003356,61,46-60,male,arab_expat,unemployed,0,4775.84051741469,766.47,3643.03,15984.35,37,2,0,14253.69,0,True,14327.52155224407
APP-003357,30,26-35,male,south_asian,salaried,56,8110.26,910.08,5797.28,32853.33,31,0,0,2841.94,0,True,20000.0
APP-003358,64,46-60,male,arab_expat,salaried,184,5106.61,1721.1,2568.14,59766.4,34,2,0,1311.32,0,True,15319.829999999998
APP-003359,24,18-25,male,south_asian,salaried,12,4149.22,524.85,2396.08,18740.7,35,3,0,1572.56,0,True,12447.66
APP-003360,50,46-60,male,other,salaried,146,4682.85,1533.43,2639.22,31494.2,16,5,0,13217.27,0,True,14048.550000000001
APP-003361,34,26-35,male,south_asian,salaried,34,7747.08,1205.06,2482.11,43954.92,10,1,0,13130.41,0,True,20000.0
APP-003362,37,36-45,female,other,salaried,58,4567.04,1887.92,3430.22,72074.96,24,5,3,9110.49,1,True,13701.119999999999
APP-003363,32,26-35,male,southeast_asian,freelancer,50,5427.12,1971.06,2433.67,61453.98,39,0,0,1462.39,0,True,16281.36
APP-003364,64,46-60,male,south_asian,salaried,189,13405.77,2076.71,5013.04,63247.72,13,0,2,2805.34,0,True,20000.0
APP-003365,40,36-45,female,south_asian,salaried,96,5022.83,456.96,3662.42,17207.42,7,3,0,13398.69,0,True,15068.49
APP-003366,44,36-45,male,southeast_asian,salaried,111,6990.31,347.58,3594.41,9119.17,45,3,0,12103.9,0,True,20000.0
APP-003367,24,18-25,male,emirati,self_employed,17,7510.47,2364.89,5991.72,33347.39,19,4,0,1824.52,0,True,20000.0
APP-003368,19,18-25,female,emirati,salaried,0,3216.82,689.5,1358.85,16758.52,13,2,2,2175.5,0,True,9650.460000000001
APP-003369,41,36-45,male,south_asian,salaried,106,5200.29,373.95,3301.13,9201.55,40,1,0,13889.59,0,True,15600.869999999999
APP-003370,38,36-45,male,emirati,salaried,71,10220.56,1574.71,6981.6,51262.81,35,4,0,4890.07,0,True,20000.0
APP-003371,45,36-45,male,south_asian,salaried,128,9943.9,787.98,3190.5,9308.11,12,1,0,19500.67,0,True,20000.0
APP-003372,60,46-60,male,south_asian,self_employed,172,5041.88,477.67,3714.43,17374.8,10,4,0,4955.26,0,True,15125.64
APP-003373,45,36-45,female,other,salaried,120,4782.7,1392.57,2966.49,45624.27,3,2,0,3841.61,0,True,14348.099999999999
APP-003374,40,36-45,male,south_asian,salaried,83,3153.75,623.78,1479.35,16933.29,4,5,0,7295.64,0,True,9461.25
APP-003375,21,18-25,male,south_asian,salaried,8,7798.33,534.57,2613.51,19403.36,38,1,0,16803.58,0,True,20000.0
APP-003376,23,18-25,female,emirati,self_employed,0,10702.95,558.59,4318.19,16962.13,30,1,0,13413.95,0,True,20000.0
APP-003377,51,46-60,male,south_asian,unemployed,0,4420.700590490265,1166.48,3259.67,30789.22,31,4,0,11982.21,0,True,13262.101771470796
APP-003378,40,36-45,male,south_asian,salaried,87,6890.28,1372.62,4326.0,26679.27,10,1,0,7871.44,0,True,20000.0
APP-003379,27,26-35,female,south_asian,salaried,17,4327.68,693.41,2803.0,25697.57,43,1,2,7028.75,0,True,12983.04
APP-003380,51,46-60,male,south_asian,salaried,128,6386.78,1349.34,3242.18,18700.57,8,1,3,12645.54,1,True,19160.34
APP-003381,44,36-45,male,other,self_employed,103,5305.7,721.45,2442.83,20568.63,42,3,0,5654.86,0,True,15917.099999999999
APP-003382,48,46-60,male,southeast_asian,salaried,118,6681.88,1173.3,4262.39,42531.81,42,1,0,16430.28,1,True,20000.0
APP-003383,48,46-60,female,south_asian,salaried,104,13988.7,2958.19,4427.58,46115.33,47,3,0,19168.74,0,True,20000.0
APP-003384,30,26-35,male,south_asian,self_employed,36,11355.38,791.66,4721.41,15336.81,3,4,0,15995.12,0,True,20000.0
APP-003385,46,46-60,female,south_asian,salaried,109,8949.06,1348.08,3548.46,14278.02,28,2,0,10772.2,0,True,20000.0
APP-003386,22,18-25,male,south_asian,self_employed,21,10144.25,3060.21,3186.22,33130.85,41,0,0,13934.15,0,True,20000.0
APP-003387,47,46-60,female,other,salaried,105,9888.03,283.89,4641.12,10671.47,37,5,0,1274.5,0,True,20000.0
APP-003388,63,46-60,female,south_asian,self_employed,173,8025.5,900.98,3981.34,28896.93,32,0,0,9056.21,0,True,20000.0
APP-003389,38,36-45,male,western,salaried,60,5810.3,2261.57,3699.76,66149.86,16,1,1,15498.34,0,True,17430.9
APP-003390,35,26-35,male,south_asian,unemployed,0,3173.1672838388813,747.45,1550.87,16193.43,3,5,0,6723.55,0,True,9519.501851516645
APP-003391,24,18-25,male,south_asian,salaried,0,3000.0,447.91,1340.68,5833.08,45,0,0,6971.81,0,True,9000.0
APP-003392,41,36-45,male,south_asian,salaried,97,7926.87,2601.42,6028.18,79079.78,30,0,0,11899.74,0,True,20000.0
APP-003393,34,26-35,male,southeast_asian,salaried,60,5829.19,45.7,4536.13,1702.8,31,0,0,3836.58,0,True,17487.57
APP-003394,61,46-60,male,southeast_asian,salaried,187,10748.73,1982.56,4017.69,55897.73,37,3,3,18324.99,1,True,20000.0
APP-003395,59,46-60,female,southeast_asian,salaried,165,6890.42,2985.41,4136.31,90659.76,32,3,3,2056.56,1,True,20000.0
APP-003396,23,18-25,male,emirati,salaried,11,3154.66,109.45,1060.13,4023.66,26,0,3,8900.31,1,True,9463.98
APP-003397,55,46-60,male,south_asian,salaried,153,3000.0,688.42,1064.7,14903.54,38,5,1,4538.53,0,True,9000.0
APP-003398,41,36-45,female,south_asian,self_employed,84,33784.61,9216.61,14929.48,114954.89,1,5,2,17573.9,1,True,20000.0
APP-003399,20,18-25,female,south_asian,salaried,0,4949.42,408.39,3927.97,7848.37,19,1,0,535.05,0,True,14848.26
APP-003400,27,26-35,male,south_asian,salaried,32,9507.35,574.65,7486.03,13322.57,1,4,0,7727.12,0,True,20000.0
APP-003401,37,36-45,female,south_asian,self_employed,65,10343.37,2673.42,7870.05,100960.83,47,2,0,12568.67,0,True,20000.0
APP-003402,18,18-25,female,south_asian,salaried,5,3000.0,320.39,1785.38,9917.52,0,5,3,7192.79,1,True,9000.0
APP-003403,64,46-60,male,western,salaried,223,18781.39,334.9,14807.29,10336.69,14,1,0,9113.09,0,True,20000.0
APP-003404,54,46-60,male,south_asian,salaried,157,7725.11,921.21,2906.9,28926.06,37,4,0,2583.18,0,True,20000.0
APP-003405,52,46-60,female,emirati,freelancer,133,11767.95,3157.56,4456.96,108579.03,24,2,2,3333.36,1,True,20000.0
APP-003406,46,46-60,female,south_asian,salaried,103,3754.74,509.39,2172.24,19544.11,41,4,0,7036.61,0,True,11264.22
APP-003407,63,46-60,male,south_asian,self_employed,190,15499.38,5855.63,10661.92,123499.78,41,2,1,15962.23,0,True,20000.0
APP-003408,36,36-45,male,southeast_asian,freelancer,70,12567.2,577.08,7010.46,18038.2,33,2,0,16409.36,0,True,20000.0
APP-003409,48,46-60,male,other,salaried,121,14620.9,1988.42,7714.37,58750.11,38,0,0,17660.55,0,True,20000.0
APP-003410,64,46-60,male,south_asian,self_employed,208,10513.49,851.11,4447.48,22420.74,1,4,0,8555.01,0,True,20000.0
APP-003411,62,46-60,male,western,salaried,221,10995.27,1917.15,5419.06,29444.93,46,3,0,15478.55,0,True,20000.0
APP-003412,27,26-35,male,south_asian,self_employed,22,29748.96,4308.09,11232.48,158313.13,6,5,0,16245.55,0,True,20000.0
APP-003413,39,36-45,female,south_asian,salaried,57,6587.63,2985.11,4742.3,91319.78,16,1,3,5354.98,1,True,19762.89
APP-003414,48,46-60,female,south_asian,salaried,112,3000.0,238.98,1150.83,6394.38,12,1,0,1778.38,0,True,9000.0
APP-003415,55,46-60,male,arab_expat,salaried,147,29413.93,6721.8,18901.81,237284.7,34,2,0,12735.25,0,True,20000.0
APP-003416,49,46-60,female,emirati,self_employed,124,15100.86,375.49,4579.46,13540.87,35,0,0,16316.6,0,True,20000.0
APP-003417,53,46-60,female,south_asian,salaried,150,7605.27,119.75,5173.02,3889.81,32,4,0,11108.23,0,True,20000.0
APP-003418,33,26-35,female,south_asian,salaried,35,3000.0,126.62,2146.89,3491.57,25,5,0,6856.46,0,True,9000.0
APP-003419,22,18-25,male,south_asian,salaried,10,4988.62,342.8,2650.46,3966.0,19,3,0,1051.95,0,True,14965.86
APP-003420,51,46-60,male,south_asian,salaried,142,4144.1,899.22,2607.94,22172.96,28,1,0,11594.48,0,True,12432.300000000001
APP-003421,46,46-60,female,emirati,self_employed,119,13247.33,734.59,6171.5,20118.27,40,3,0,898.89,0,True,20000.0
APP-003422,21,18-25,female,south_asian,salaried,1,9702.77,1512.62,2955.73,21871.12,6,0,0,14103.19,0,True,20000.0
APP-003423,50,46-60,male,southeast_asian,salaried,122,4213.69,724.37,3337.44,18020.7,36,0,0,7267.82,0,True,12641.07
APP-003424,65,46-60,male,southeast_asian,salaried,203,10486.99,573.95,3364.22,15032.72,36,3,0,11870.04,0,True,20000.0
APP-003425,32,26-35,male,south_asian,salaried,50,3467.1,497.82,1430.4,10585.05,15,4,0,1274.18,0,True,10401.3
APP-003426,53,46-60,female,southeast_asian,freelancer,138,21210.43,5079.89,10749.46,188205.59,45,3,2,2649.33,1,True,20000.0
APP-003427,53,46-60,male,arab_expat,salaried,154,19156.04,755.36,5865.98,14669.81,45,4,0,6558.16,0,True,20000.0
APP-003428,22,18-25,female,western,self_employed,12,15677.74,654.78,7077.48,8174.03,16,1,0,19181.22,0,True,20000.0
APP-003429,23,18-25,male,southeast_asian,salaried,0,5380.43,593.97,3741.33,17551.21,9,0,0,13537.03,0,True,16141.29
APP-003430,59,46-60,male,south_asian,salaried,178,4650.65,1126.92,2674.37,39109.27,21,1,3,3542.67,1,True,13951.949999999999
APP-003431,42,36-45,male,south_asian,salaried,96,9187.19,1771.48,5980.67,68948.78,22,4,0,3152.14,0,True,20000.0
APP-003432,51,46-60,female,south_asian,salaried,131,9040.03,856.03,4303.95,11008.11,22,2,0,7281.78,0,True,20000.0
APP-003433,32,26-35,male,other,self_employed,55,8301.92,556.02,5018.69,12521.03,0,1,1,11541.28,0,True,20000.0
APP-003434,51,46-60,female,south_asian,salaried,136,7712.41,761.08,4467.96,20313.3,16,0,0,10066.08,0,True,20000.0
APP-003435,22,18-25,female,southeast_asian,salaried,9,9349.64,1709.01,6601.17,45308.6,11,4,0,3207.25,0,True,20000.0
APP-003436,24,18-25,male,south_asian,self_employed,7,9438.97,1235.74,3983.1,15897.64,36,3,0,4588.88,0,True,20000.0
APP-003437,28,26-35,female,southeast_asian,salaried,22,3252.68,620.88,2488.21,7548.33,38,0,0,4864.7,0,True,9758.039999999999
APP-003438,35,26-35,female,south_asian,salaried,45,4120.75,819.4,1557.86,28222.71,33,4,0,6831.13,0,True,12362.25
APP-003439,64,46-60,male,emirati,salaried,195,5218.55,439.59,2933.47,5836.58,1,3,0,14288.64,0,True,15655.650000000001
APP-003440,62,46-60,male,southeast_asian,salaried,194,11217.04,1312.3,4180.54,30533.56,16,5,0,17238.82,0,True,20000.0
APP-003441,50,46-60,female,western,self_employed,132,14047.82,4084.28,10906.07,106418.72,28,0,0,2111.26,0,True,20000.0
APP-003442,21,18-25,male,south_asian,freelancer,0,3251.35,241.44,1384.03,3217.42,1,5,2,7654.31,1,True,9754.05
APP-003443,53,46-60,male,western,salaried,153,15320.64,1996.79,6464.49,62615.01,21,3,0,12146.19,0,True,20000.0
APP-003444,27,26-35,male,south_asian,salaried,47,19194.5,2160.23,10710.69,78017.09,42,4,2,2401.35,0,True,20000.0
APP-003445,35,26-35,male,southeast_asian,freelancer,68,9443.69,2454.73,4395.08,57295.79,7,5,2,3748.85,0,True,20000.0
APP-003446,44,36-45,female,southeast_asian,salaried,94,8112.3,1424.08,4429.31,22182.03,12,5,0,1618.63,0,True,20000.0
APP-003447,30,26-35,female,south_asian,self_employed,32,3646.92,108.88,2835.81,2819.31,18,0,0,7149.8,0,True,10940.76
APP-003448,49,46-60,female,south_asian,salaried,112,6492.47,464.14,4648.49,4966.0,5,4,2,6643.07,1,True,19477.41
APP-003449,20,18-25,male,south_asian,salaried,2,5703.78,532.67,2300.45,8971.14,14,2,0,14737.77,0,True,17111.34
APP-003450,65,46-60,male,south_asian,salaried,202,11628.54,615.27,9214.91,15263.8,37,3,0,13015.46,0,True,20000.0
APP-003451,34,26-35,male,southeast_asian,freelancer,78,24018.97,1430.04,18396.83,18026.42,31,3,0,16007.6,0,True,20000.0
APP-003452,29,26-35,male,south_asian,salaried,39,3000.0,56.09,1812.89,2077.4,26,4,0,6706.38,0,True,9000.0
APP-003453,27,26-35,male,south_asian,salaried,20,10942.64,2096.32,6149.14,74210.2,3,0,0,16930.53,0,True,20000.0
APP-003454,22,18-25,male,southeast_asian,salaried,8,7155.74,1248.89,5465.02,29881.09,5,2,0,14817.72,0,True,20000.0
APP-003455,55,46-60,female,arab_expat,self_employed,148,17806.57,3603.42,9109.07,80613.46,25,5,0,12470.89,0,True,20000.0
APP-003456,42,36-45,female,south_asian,salaried,96,4705.85,988.11,1470.88,15605.46,1,3,0,9286.25,0,True,14117.550000000001
APP-003457,33,26-35,male,south_asian,salaried,57,5966.49,955.22,3155.0,13554.93,29,5,0,3352.53,0,True,17899.47
APP-003458,41,36-45,male,emirati,salaried,69,3673.19,193.11,1181.53,7542.24,47,5,0,10854.17,0,True,11019.57
APP-003459,47,46-60,male,south_asian,freelancer,128,8798.76,1141.36,4149.17,43326.42,30,3,0,927.21,0,True,20000.0
APP-003460,64,46-60,male,western,salaried,183,7009.52,2386.04,3466.42,25934.86,17,4,1,13420.96,1,True,20000.0
APP-003461,22,18-25,female,south_asian,salaried,0,10697.53,2427.01,3811.27,49524.3,22,4,0,2433.81,0,True,20000.0
APP-003462,59,46-60,male,south_asian,salaried,166,6349.17,988.17,2547.05,30282.42,34,4,0,10412.54,0,True,19047.510000000002
APP-003463,20,18-25,female,south_asian,salaried,0,6006.2,497.74,3461.04,17188.94,35,4,1,6277.43,0,True,18018.6
APP-003464,25,18-25,male,south_asian,self_employed,27,5388.94,646.87,2900.64,17196.95,1,4,0,2600.42,0,True,16166.82
APP-003465,29,26-35,female,south_asian,freelancer,25,3000.0,68.69,1449.24,696.08,29,5,0,6058.23,0,True,9000.0
APP-003466,28,26-35,female,other,salaried,43,5893.39,244.01,2300.47,3453.87,9,3,0,4626.83,0,True,17680.170000000002
APP-003467,62,46-60,male,south_asian,freelancer,211,4234.22,293.73,2579.41,10440.32,47,4,2,3459.91,1,True,12702.66
APP-003468,35,26-35,female,emirati,salaried,53,4818.2,352.12,1780.53,5129.47,34,5,0,12932.99,0,True,14454.599999999999
APP-003469,42,36-45,female,southeast_asian,self_employed,89,6985.71,1973.95,5160.35,21338.8,8,1,0,1574.99,0,True,20000.0
APP-003470,61,46-60,female,south_asian,salaried,211,10349.66,387.37,3687.34,6595.69,10,4,0,12025.16,0,True,20000.0
APP-003471,39,36-45,female,south_asian,salaried,70,18640.02,5327.14,8773.21,145154.34,7,0,0,15576.84,0,True,20000.0
APP-003472,42,36-45,male,emirati,salaried,109,4037.97,125.84,1841.94,4710.47,28,5,3,10376.19,0,True,12113.91
APP-003473,32,26-35,male,south_asian,salaried,55,3000.0,390.5,1878.19,10152.33,10,3,0,5606.35,0,True,9000.0
APP-003474,21,18-25,male,arab_expat,salaried,12,10659.6,1778.61,5046.16,21231.92,5,3,0,9702.86,0,True,20000.0
APP-003475,44,36-45,male,south_asian,self_employed,120,13987.77,1298.26,5584.3,29250.42,26,5,0,1578.71,0,True,20000.0
APP-003476,46,46-60,male,arab_expat,salaried,125,10891.41,554.62,4353.52,13838.89,45,4,0,5265.62,0,True,20000.0
APP-003477,63,46-60,male,southeast_asian,freelancer,190,4268.75,543.93,3092.81,16500.11,25,0,0,8499.85,0,True,12806.25
APP-003478,20,18-25,female,south_asian,salaried,9,5400.26,255.93,1882.54,6888.99,29,0,3,12212.99,1,True,16200.78
APP-003479,28,26-35,male,western,salaried,49,10190.47,72.26,7326.49,1445.22,12,2,0,14757.52,0,True,20000.0
APP-003480,33,26-35,male,south_asian,salaried,43,9074.84,410.5,6723.87,13392.32,20,2,0,10887.88,0,True,20000.0
APP-003481,45,36-45,female,south_asian,salaried,109,10013.84,1469.81,5424.96,51217.11,29,0,0,18313.13,0,True,20000.0
APP-003482,26,26-35,male,south_asian,salaried,29,14113.73,4221.68,9281.97,126176.15,7,1,3,2971.55,1,True,20000.0
APP-003483,54,46-60,female,arab_expat,salaried,149,12461.58,2562.44,7393.14,99015.32,42,4,0,13180.06,0,True,20000.0
APP-003484,45,36-45,male,emirati,salaried,113,20749.71,5023.33,7121.16,147525.01,18,3,0,9790.7,0,True,20000.0
APP-003485,26,26-35,male,south_asian,freelancer,23,4839.51,173.64,2182.35,5523.35,44,3,0,10039.08,1,True,14518.53
APP-003486,23,18-25,male,emirati,salaried,4,9569.19,1323.58,7165.91,47759.28,42,1,1,3446.99,0,True,20000.0
APP-003487,61,46-60,male,southeast_asian,self_employed,190,28718.68,6396.49,22112.47,162310.57,42,0,0,18893.4,0,True,20000.0
APP-003488,65,46-60,female,emirati,self_employed,196,3765.6,1560.71,1323.67,53172.44,24,1,0,8936.99,1,True,11296.8
APP-003489,26,26-35,male,arab_expat,self_employed,15,6047.22,2234.33,4073.0,75650.42,15,4,0,5793.45,0,True,18141.66
APP-003490,53,46-60,male,emirati,freelancer,153,7332.75,455.12,5767.82,12037.56,4,3,3,5429.24,1,True,20000.0
APP-003491,65,46-60,male,south_asian,salaried,209,3272.8,943.12,1565.14,27326.17,9,2,0,4397.65,0,True,9818.400000000001
APP-003492,45,36-45,male,south_asian,salaried,113,3044.75,294.78,1672.55,5701.31,15,3,0,5570.94,0,True,9134.25
APP-003493,52,46-60,female,south_asian,salaried,133,26236.51,6067.34,20952.9,239550.88,14,2,0,7607.06,0,True,20000.0
APP-003494,61,46-60,female,southeast_asian,salaried,184,5387.91,540.24,2326.02,19612.32,42,3,0,5339.05,0,True,16163.73
APP-003495,50,46-60,male,arab_expat,salaried,118,3000.0,869.56,1780.49,21365.94,33,0,2,2034.81,1,True,9000.0
APP-003496,50,46-60,male,south_asian,freelancer,131,5742.49,844.79,2360.22,26404.25,13,5,2,12366.47,1,True,17227.47
APP-003497,55,46-60,female,south_asian,salaried,154,8348.43,1982.61,4527.61,33897.3,34,5,3,8638.43,1,True,20000.0
APP-003498,26,26-35,male,south_asian,salaried,19,7432.96,2009.15,2821.74,67893.87,26,3,0,882.78,0,True,20000.0
APP-003499,54,46-60,male,south_asian,freelancer,126,3356.97,580.81,2273.34,7087.48,42,3,0,1952.09,0,True,10070.91
APP-003500,18,18-25,male,south_asian,salaried,8,3000.0,513.86,1152.47,12559.93,29,5,0,2109.23,0,True,9000.0
APP-003501,52,46-60,female,south_asian,salaried,130,4086.57,717.42,2530.14,11788.2,20,2,0,4895.83,0,True,12259.710000000001
APP-003502,58,46-60,male,arab_expat,self_employed,165,6669.53,1901.49,3151.01,66044.45,24,4,0,3201.84,0,True,20000.0
APP-003503,51,46-60,male,western,salaried,142,23353.75,3388.93,12347.93,134188.77,30,1,0,9132.79,0,True,20000.0
APP-003504,52,46-60,male,south_asian,self_employed,135,11390.06,3148.49,8496.03,102384.2,33,0,0,14691.15,0,True,20000.0
APP-003505,57,46-60,male,southeast_asian,self_employed,160,7084.78,985.75,5311.77,32482.5,43,1,0,671.78,0,True,20000.0
APP-003506,43,36-45,female,western,salaried,87,6799.6,576.59,2245.31,20136.43,1,1,0,11013.68,0,True,20000.0
APP-003507,61,46-60,male,southeast_asian,self_employed,189,3772.66,134.83,1378.2,2383.64,28,0,0,7422.03,0,True,11317.98
APP-003508,52,46-60,female,southeast_asian,salaried,150,7955.43,2116.92,2979.53,47544.53,35,2,0,2803.03,0,True,20000.0
APP-003509,39,36-45,female,other,salaried,84,5230.36,1129.19,2643.38,16581.24,44,1,1,8845.34,0,True,15691.079999999998
APP-003510,37,36-45,female,south_asian,salaried,63,11629.12,1737.66,3766.37,39073.97,16,2,0,8660.43,0,True,20000.0
APP-003511,29,26-35,female,arab_expat,salaried,44,7212.73,1297.76,5158.77,33245.46,37,5,2,14213.69,1,True,20000.0
APP-003512,29,26-35,male,south_asian,salaried,38,8922.7,2397.47,3008.06,55629.85,6,2,0,13350.82,0,True,20000.0
APP-003513,43,36-45,female,southeast_asian,salaried,84,3438.71,1021.33,2060.19,33064.35,9,4,0,4855.9,0,True,10316.130000000001
APP-003514,23,18-25,male,western,freelancer,39,16167.2,2961.41,6257.78,90582.84,36,0,0,4156.32,0,True,20000.0
APP-003515,58,46-60,female,south_asian,self_employed,180,10071.9,469.56,5655.67,10046.38,28,5,1,14689.57,0,True,20000.0
APP-003516,38,36-45,male,southeast_asian,salaried,64,7738.68,1388.31,4301.0,54682.21,0,5,1,13948.92,1,True,20000.0
APP-003517,45,36-45,male,other,salaried,117,14145.75,1836.27,8459.0,59938.57,20,3,0,3322.04,0,True,20000.0
APP-003518,49,46-60,female,emirati,salaried,131,5954.48,687.29,1896.04,14976.62,36,0,0,10818.18,0,True,17863.44
APP-003519,44,36-45,male,south_asian,salaried,122,11163.46,2127.29,7043.98,58035.18,4,4,0,4832.91,0,True,20000.0
APP-003520,30,26-35,female,south_asian,salaried,37,4916.72,117.87,2669.23,3822.01,2,4,0,13443.02,0,True,14750.16
APP-003521,52,46-60,female,south_asian,salaried,155,4162.03,1194.21,1427.2,20243.72,26,4,0,8579.93,0,True,12486.09
APP-003522,18,18-25,male,south_asian,salaried,0,5480.84,1153.48,2148.54,28423.09,11,5,0,5229.55,0,True,16442.52
APP-003523,50,46-60,male,south_asian,salaried,144,6300.4,1543.76,3455.11,61169.74,37,2,0,17350.75,0,True,18901.199999999997
APP-003524,49,46-60,male,southeast_asian,freelancer,122,3770.56,835.99,1724.4,29299.43,30,1,1,11076.82,1,True,11311.68
APP-003525,62,46-60,male,south_asian,salaried,155,8006.61,1373.64,4161.11,16550.44,15,2,1,8846.21,0,True,20000.0
APP-003526,35,26-35,male,arab_expat,salaried,61,3142.0,828.72,1485.85,13328.75,29,5,0,6123.49,0,True,9426.0
APP-003527,55,46-60,female,south_asian,salaried,151,16453.65,1052.71,8071.69,23489.28,32,0,0,998.33,0,True,20000.0
APP-003528,23,18-25,male,south_asian,freelancer,0,3000.0,287.84,1715.75,3360.82,45,5,0,4036.0,0,True,9000.0
APP-003529,59,46-60,male,south_asian,salaried,178,19696.19,3911.57,13131.4,139644.08,25,0,0,8788.59,0,True,20000.0
APP-003530,33,26-35,female,southeast_asian,salaried,32,15222.53,3316.67,11350.69,99086.28,21,0,0,16311.98,0,True,20000.0
APP-003531,30,26-35,female,southeast_asian,self_employed,47,3224.07,160.38,1499.94,5884.28,1,4,3,4627.06,1,True,9672.210000000001
APP-003532,23,18-25,male,emirati,salaried,23,5428.45,428.3,3272.6,7668.84,10,2,0,4679.79,0,True,16285.349999999999
APP-003533,30,26-35,male,south_asian,salaried,39,8139.74,90.21,3443.72,947.01,19,0,0,3223.34,0,False,20000.0
APP-003534,49,46-60,female,arab_expat,salaried,129,6497.55,1302.46,2280.4,45795.11,40,3,0,14196.79,0,True,19492.65
APP-003535,18,18-25,female,arab_expat,salaried,6,6292.44,1559.0,3499.67,25837.5,1,0,0,9825.47,0,True,18877.32
APP-003536,61,46-60,male,south_asian,unemployed,0,3000.0,763.17,1231.04,29545.89,44,0,0,7187.55,0,True,9000.0
APP-003537,25,18-25,male,arab_expat,salaried,16,14409.48,4824.61,7294.83,174160.95,16,1,2,13411.29,0,True,20000.0
APP-003538,26,26-35,female,arab_expat,salaried,10,16822.55,3429.07,6598.1,65401.96,0,4,0,6940.75,0,True,20000.0
APP-003539,22,18-25,male,south_asian,salaried,0,10788.02,1516.16,6643.46,27652.95,35,4,0,18911.08,0,True,20000.0
APP-003540,60,46-60,male,arab_expat,salaried,184,4466.88,1572.42,1813.59,29517.21,9,1,1,11831.09,0,True,13400.64
APP-003541,32,26-35,female,western,salaried,41,14843.99,1175.21,8767.89,42454.03,23,1,1,15510.86,1,True,20000.0
APP-003542,40,36-45,male,emirati,salaried,80,4416.11,984.17,3064.97,17685.79,25,2,0,6790.6,0,True,13248.329999999998
APP-003543,33,26-35,male,south_asian,salaried,27,5923.46,1502.0,4532.27,43613.99,15,3,0,10986.9,0,True,17770.38
APP-003544,42,36-45,male,arab_expat,salaried,120,6417.13,966.39,3815.96,25925.91,33,2,3,7399.29,1,True,19251.39
APP-003545,63,46-60,female,arab_expat,salaried,180,11086.93,3014.07,8219.92,63309.62,32,4,3,11129.19,1,True,20000.0
APP-003546,39,36-45,male,south_asian,salaried,89,3000.0,800.76,1507.94,20989.13,22,0,1,8416.29,0,True,9000.0
APP-003547,51,46-60,male,south_asian,salaried,156,16065.92,3689.21,9781.65,37863.51,35,0,0,11042.8,0,True,20000.0
APP-003548,20,18-25,female,south_asian,salaried,0,9236.5,906.8,7187.61,18142.15,19,2,0,13307.65,0,True,20000.0
APP-003549,26,26-35,female,western,salaried,16,11693.76,2604.79,5573.81,72838.6,44,2,0,9270.71,0,True,20000.0
APP-003550,38,36-45,male,emirati,salaried,74,12712.63,106.26,4789.41,2679.62,44,0,2,15258.03,1,True,20000.0
APP-003551,24,18-25,male,western,salaried,14,17467.9,1891.0,5781.52,49679.01,44,0,0,6364.24,0,True,20000.0
APP-003552,58,46-60,male,south_asian,freelancer,170,4555.44,1022.83,1501.3,33730.31,3,4,3,2077.77,1,True,13666.32
APP-003553,63,46-60,male,arab_expat,salaried,199,8949.56,1558.51,5301.63,47605.96,26,1,0,9710.49,0,True,20000.0
APP-003554,59,46-60,female,south_asian,salaried,172,10678.92,2472.1,7111.23,26062.04,20,1,0,10976.65,0,True,20000.0
APP-003555,47,46-60,male,south_asian,salaried,121,11207.69,1409.46,5597.9,16098.35,33,1,3,16584.55,1,True,20000.0
APP-003556,61,46-60,male,western,salaried,170,35288.89,6793.64,21893.04,255738.24,6,2,0,14791.38,0,True,20000.0
APP-003557,64,46-60,male,southeast_asian,salaried,198,10879.51,3790.49,7634.03,66451.07,14,4,0,7233.59,0,True,20000.0
APP-003558,21,18-25,male,arab_expat,freelancer,0,4676.56,831.09,3184.17,26213.46,26,2,0,2561.08,0,True,14029.68
APP-003559,33,26-35,male,arab_expat,self_employed,55,3063.22,744.18,2447.43,9826.68,42,5,1,3215.36,0,True,9189.66
APP-003560,29,26-35,male,emirati,salaried,24,21186.11,8435.42,9404.79,301918.04,18,4,1,15178.5,0,True,20000.0
APP-003561,25,18-25,male,arab_expat,salaried,0,11456.57,1589.06,7983.87,54766.19,29,3,0,19695.49,0,True,20000.0
APP-003562,44,36-45,female,south_asian,salaried,86,5421.25,1258.11,3349.08,25341.31,0,2,0,6602.9,0,True,16263.75
APP-003563,65,46-60,male,other,salaried,211,22902.94,5460.59,7639.75,218124.17,46,0,0,1937.0,0,True,20000.0
APP-003564,62,46-60,male,southeast_asian,salaried,192,6257.12,329.38,2039.85,10415.62,13,2,0,16575.59,0,True,18771.36
APP-003565,31,26-35,female,southeast_asian,salaried,48,9956.21,416.89,5349.86,11789.28,19,4,0,528.86,0,True,20000.0
APP-003566,57,46-60,male,south_asian,self_employed,166,12795.59,3189.6,7988.29,59740.27,0,4,0,8139.99,0,True,20000.0
APP-003567,20,18-25,male,south_asian,salaried,0,3000.0,577.6,2376.86,14908.83,26,1,0,6014.79,0,True,9000.0
APP-003568,64,46-60,male,southeast_asian,salaried,191,3439.81,184.64,1517.71,6058.6,25,0,0,601.28,0,True,10319.43
APP-003569,31,26-35,male,south_asian,salaried,41,4227.44,731.89,3254.44,12619.85,41,4,1,1193.0,0,True,12682.32
APP-003570,29,26-35,male,southeast_asian,salaried,21,3000.0,524.5,2365.57,18462.81,13,4,3,7615.28,1,True,9000.0
APP-003571,32,26-35,female,western,salaried,46,5073.77,372.51,3454.81,11363.09,10,5,0,3189.73,0,True,15221.310000000001
APP-003572,41,36-45,male,south_asian,salaried,104,9512.1,1378.44,5399.42,20055.06,19,3,0,15528.42,0,True,20000.0
APP-003573,46,46-60,male,south_asian,salaried,126,14582.82,3058.01,5330.52,114632.87,18,3,0,12536.29,0,True,20000.0
APP-003574,45,36-45,male,south_asian,salaried,97,21050.96,6943.57,13693.22,225067.47,44,0,3,1998.7,1,True,20000.0
APP-003575,64,46-60,female,southeast_asian,salaried,212,13556.56,2952.32,7827.16,99149.32,15,3,1,19959.16,0,True,20000.0
APP-003576,46,46-60,female,south_asian,self_employed,123,11534.25,2972.6,9028.51,64006.12,17,5,0,13071.52,0,True,20000.0
APP-003577,41,36-45,male,southeast_asian,salaried,94,9929.57,2397.74,6331.03,24496.49,29,1,0,16003.83,0,True,20000.0
APP-003578,64,46-60,female,southeast_asian,salaried,201,7541.45,2386.85,4710.28,46420.37,17,0,1,11360.57,0,True,20000.0
APP-003579,55,46-60,male,southeast_asian,salaried,172,22656.41,1411.33,11975.26,28347.41,1,1,0,16447.26,0,True,20000.0
APP-003580,40,36-45,female,south_asian,salaried,79,3638.72,396.29,1425.04,7997.13,15,4,0,9667.43,0,True,10916.16
APP-003581,38,36-45,female,south_asian,self_employed,69,8234.52,2226.91,3118.59,77861.43,38,4,0,5684.04,0,True,20000.0
APP-003582,61,46-60,female,arab_expat,self_employed,178,17821.56,833.74,12337.89,23343.38,9,1,0,18021.57,0,True,20000.0
APP-003583,21,18-25,male,western,salaried,28,10821.73,1963.34,3337.78,28476.62,4,2,0,11599.58,0,True,20000.0
APP-003584,21,18-25,female,south_asian,self_employed,11,4578.15,599.84,1936.24,17329.97,14,2,0,3160.06,0,True,13734.449999999999
APP-003585,61,46-60,male,arab_expat,self_employed,195,9027.37,2161.16,6742.7,36445.52,23,4,0,7384.96,0,True,20000.0
APP-003586,38,36-45,male,south_asian,self_employed,96,10202.84,2124.76,6465.76,32300.74,38,0,0,8132.62,0,True,20000.0
APP-003587,22,18-25,male,southeast_asian,self_employed,19,6896.62,1436.34,3100.04,41933.18,1,3,2,16377.17,1,True,20000.0
APP-003588,20,18-25,male,south_asian,salaried,0,3951.55,744.05,1993.1,7822.05,14,2,0,5769.33,0,True,11854.650000000001
APP-003589,64,46-60,female,emirati,salaried,199,8783.6,1026.45,5083.22,40080.98,35,1,0,6843.17,0,True,20000.0
APP-003590,50,46-60,female,south_asian,self_employed,118,7992.16,1509.25,3771.64,33012.75,45,0,0,783.23,0,True,20000.0
APP-003591,34,26-35,male,south_asian,salaried,47,9283.23,1784.45,5958.33,38193.94,13,4,0,11029.64,0,True,20000.0
APP-003592,44,36-45,male,southeast_asian,salaried,119,10235.34,2273.35,7373.74,83759.43,9,5,0,14389.04,0,True,20000.0
APP-003593,19,18-25,male,arab_expat,self_employed,2,3433.2,1181.08,1913.11,40974.12,21,2,0,8733.05,0,True,10299.599999999999
APP-003594,32,26-35,male,south_asian,freelancer,49,3323.38,31.91,1615.27,1138.68,3,0,0,7658.05,0,True,9970.14
APP-003595,55,46-60,male,arab_expat,salaried,167,17214.89,3712.43,6340.95,136998.32,7,0,0,18510.65,0,True,20000.0
APP-003596,55,46-60,female,arab_expat,salaried,136,4205.65,111.49,2306.49,3599.53,7,1,0,8441.16,0,True,12616.949999999999
APP-003597,50,46-60,male,arab_expat,salaried,150,9909.71,128.98,6985.12,1341.63,4,0,0,1129.66,0,False,20000.0
APP-003598,30,26-35,male,south_asian,freelancer,17,5607.43,580.55,3301.14,19694.38,38,4,0,9238.08,0,True,16822.29
APP-003599,47,46-60,male,south_asian,freelancer,124,6298.59,581.44,3192.0,6007.42,14,1,0,3753.76,0,True,18895.77
APP-003600,26,26-35,female,emirati,salaried,17,13455.08,1796.44,4136.92,44019.18,33,2,0,726.65,0,True,20000.0
APP-003601,19,18-25,male,south_asian,salaried,0,4443.23,140.76,3348.81,2909.77,22,5,0,9220.04,0,True,13329.689999999999
APP-003602,30,26-35,male,south_asian,salaried,35,15897.14,2646.83,11032.57,82659.34,41,4,1,19566.7,0,True,20000.0
APP-003603,60,46-60,male,south_asian,salaried,182,3844.05,1481.33,2425.97,42448.62,10,1,3,1297.09,1,True,11532.150000000001
APP-003604,53,46-60,female,south_asian,self_employed,180,17452.54,2578.74,11238.44,40247.91,23,5,0,2755.13,0,True,20000.0
APP-003605,55,46-60,male,south_asian,salaried,149,7465.55,301.03,5948.38,5342.2,5,3,0,6076.35,0,True,20000.0
APP-003606,48,46-60,female,south_asian,freelancer,118,3820.46,390.1,1670.83,9137.38,9,1,0,882.6,0,True,11461.380000000001
APP-003607,46,46-60,male,southeast_asian,salaried,104,8149.05,659.7,5681.04,7927.17,8,0,0,16366.45,0,True,20000.0
APP-003608,45,36-45,male,south_asian,salaried,95,7279.98,409.17,2486.48,14007.47,40,1,0,19035.34,0,True,20000.0
APP-003609,45,36-45,male,south_asian,self_employed,107,16265.27,6828.64,6635.0,86219.39,33,1,2,7337.9,1,True,20000.0
APP-003610,19,18-25,male,western,salaried,0,33282.27,4522.67,12400.26,150319.84,45,2,0,19138.76,0,True,20000.0
APP-003611,24,18-25,male,south_asian,salaried,0,3150.47,361.3,2128.13,9573.86,5,1,0,4863.39,0,True,9451.41
APP-003612,60,46-60,female,southeast_asian,self_employed,169,8828.87,613.02,3185.01,8667.79,3,0,0,10053.18,0,True,20000.0
APP-003613,37,36-45,male,southeast_asian,salaried,50,7631.35,2036.6,5068.03,28211.18,23,1,0,9919.14,0,True,20000.0
APP-003614,21,18-25,male,south_asian,salaried,4,6127.88,937.02,4744.44,11233.94,19,0,0,10302.97,0,True,18383.64
APP-003615,53,46-60,female,arab_expat,self_employed,139,12825.76,4624.28,7802.01,116589.89,19,2,2,11400.68,0,True,20000.0
APP-003616,65,46-60,male,emirati,salaried,216,3000.0,670.81,1037.74,16089.5,25,1,0,1253.29,0,True,9000.0
APP-003617,27,26-35,male,south_asian,salaried,14,11660.67,1332.78,7851.44,36912.04,44,0,2,13228.79,1,True,20000.0
APP-003618,42,36-45,male,arab_expat,self_employed,106,5827.3,610.79,3263.09,14802.96,43,2,1,14024.24,1,True,17481.9
APP-003619,43,36-45,male,western,self_employed,87,9927.02,2007.56,7769.45,63878.04,22,1,0,7265.78,0,True,20000.0
APP-003620,37,36-45,male,arab_expat,salaried,68,7688.86,1026.39,3921.31,13742.05,30,4,0,8977.27,0,True,20000.0
APP-003621,57,46-60,male,south_asian,salaried,174,3557.46,285.43,2279.62,7970.43,11,4,0,7274.93,0,True,10672.380000000001
APP-003622,51,46-60,male,emirati,salaried,150,28971.78,2147.46,17505.17,69965.72,2,5,0,13098.1,0,True,20000.0
APP-003623,25,18-25,female,emirati,salaried,17,8918.1,2106.77,6239.58,51206.88,21,3,0,14399.91,0,True,20000.0
APP-003624,30,26-35,male,western,salaried,31,14461.43,4932.13,7612.65,124949.13,29,1,0,9412.19,0,True,20000.0
APP-003625,22,18-25,male,other,freelancer,0,8052.74,500.83,3799.12,9074.08,17,0,0,18035.39,0,True,20000.0
APP-003626,59,46-60,male,other,salaried,177,3548.99,694.81,1630.11,8694.92,45,0,0,1641.54,0,True,10646.97
APP-003627,62,46-60,male,western,self_employed,192,14814.06,2772.58,9048.84,32037.81,38,1,0,9615.71,0,True,20000.0
APP-003628,61,46-60,male,southeast_asian,salaried,171,11771.11,3120.42,8835.99,118415.96,19,3,0,7930.13,0,True,20000.0
APP-003629,62,46-60,male,south_asian,salaried,198,11942.37,2340.88,8912.84,24201.56,38,3,0,10392.74,0,True,20000.0
APP-003630,60,46-60,male,arab_expat,salaried,177,13988.76,653.0,7806.29,21385.83,12,4,0,6604.97,0,True,20000.0
APP-003631,39,36-45,female,south_asian,salaried,90,4737.45,230.94,2281.29,2786.46,34,5,0,12691.78,0,True,14212.349999999999
APP-003632,39,36-45,male,south_asian,salaried,75,4268.91,1303.07,1894.42,49035.64,30,3,2,4692.07,1,True,12806.73
APP-003633,43,36-45,female,arab_expat,salaried,92,9527.51,2408.6,5761.09,41075.86,23,3,0,2219.49,0,True,20000.0
APP-003634,31,26-35,male,south_asian,salaried,48,10014.54,1061.6,4753.49,17266.54,14,5,2,17185.38,1,True,20000.0
APP-003635,56,46-60,male,southeast_asian,salaried,158,4797.91,1231.77,3508.09,14283.65,33,4,0,4084.92,0,True,14393.73
APP-003636,31,26-35,male,other,salaried,53,4052.95,189.88,3203.01,5265.94,33,4,1,2673.03,0,True,12158.849999999999
APP-003637,26,26-35,male,emirati,salaried,12,4462.69,779.62,1482.76,13875.1,19,2,1,11607.47,0,True,13388.07
APP-003638,36,36-45,male,south_asian,salaried,75,3451.49,743.95,2549.47,16639.32,41,1,2,10137.23,1,True,10354.47
APP-003639,23,18-25,female,emirati,salaried,10,4664.24,1152.88,2352.96,15634.56,47,4,0,6101.63,0,True,13992.72
APP-003640,65,46-60,female,south_asian,salaried,207,16641.83,5787.76,12480.18,84888.91,4,3,1,13591.37,0,True,20000.0
APP-003641,28,26-35,male,arab_expat,self_employed,34,13754.72,2682.75,7338.85,43619.0,16,5,0,17810.4,0,True,20000.0
APP-003642,56,46-60,male,arab_expat,unemployed,0,3518.650128709408,355.02,2432.45,10109.47,42,3,0,6242.53,0,True,10555.950386128225
APP-003643,65,46-60,female,southeast_asian,salaried,209,6530.88,991.73,2273.42,34641.8,12,3,0,2199.91,0,True,19592.64
APP-003644,52,46-60,female,arab_expat,salaried,152,6255.39,1720.74,4355.23,53099.81,33,1,0,11591.74,0,True,18766.170000000002
APP-003645,49,46-60,female,emirati,freelancer,139,21395.67,7568.78,16443.85,275299.09,3,2,0,14910.79,0,True,20000.0
APP-003646,19,18-25,male,southeast_asian,salaried,11,3500.67,1206.36,2651.6,33345.9,5,5,0,1199.45,0,True,10502.01
APP-003647,54,46-60,female,south_asian,salaried,157,5299.26,1964.75,1638.28,55749.96,45,5,0,5583.08,0,True,15897.78
APP-003648,51,46-60,female,emirati,salaried,141,24898.09,1865.8,17166.75,30290.91,33,3,0,17877.5,0,True,20000.0
APP-003649,48,46-60,female,south_asian,self_employed,129,4885.24,1832.29,3816.38,42719.76,42,3,0,13661.94,0,True,14655.72
APP-003650,18,18-25,male,southeast_asian,salaried,6,3357.69,199.99,2389.44,5969.87,0,5,0,8856.4,0,True,10073.07
APP-003651,58,46-60,female,south_asian,freelancer,147,8293.49,1070.85,2956.39,14941.98,30,2,0,8990.45,0,True,20000.0
APP-003652,34,26-35,male,southeast_asian,salaried,77,9452.48,2505.59,5232.97,83846.85,9,2,0,7705.33,0,True,20000.0
APP-003653,45,36-45,male,southeast_asian,self_employed,103,9526.93,1404.15,5609.59,43293.81,47,0,0,10751.93,0,True,20000.0
APP-003654,30,26-35,female,south_asian,unemployed,0,4418.1581280391365,323.99,3183.81,11156.77,39,5,0,11620.5,0,True,13254.47438411741
APP-003655,19,18-25,male,south_asian,salaried,0,11684.13,3737.7,7730.51,130559.02,43,4,0,6378.69,0,True,20000.0
APP-003656,60,46-60,male,western,self_employed,162,17782.59,4223.68,13871.26,115822.06,40,4,0,6735.0,0,True,20000.0
APP-003657,45,36-45,female,south_asian,salaried,125,12056.8,1213.55,7765.91,28798.13,13,0,0,6720.07,0,True,20000.0
APP-003658,25,18-25,female,emirati,salaried,9,4411.24,494.97,1914.98,17116.83,33,1,0,10791.42,0,True,13233.72
APP-003659,32,26-35,male,other,salaried,45,29401.35,3629.94,18566.9,125799.3,17,0,0,2532.5,0,True,20000.0
APP-003660,41,36-45,female,south_asian,salaried,94,4771.67,537.9,3710.2,8075.35,43,4,0,9218.12,0,True,14315.01
APP-003661,26,26-35,male,south_asian,salaried,9,21720.82,790.44,14153.99,11311.29,24,3,0,3109.09,0,True,20000.0
APP-003662,63,46-60,male,arab_expat,self_employed,183,9706.83,1450.27,5934.61,19815.6,35,0,1,16614.23,0,True,20000.0
APP-003663,49,46-60,male,western,self_employed,142,3222.2,676.5,1144.45,22217.44,17,5,0,4430.7,0,True,9666.599999999999
APP-003664,61,46-60,female,other,salaried,209,4956.0,945.34,1696.05,21030.23,46,4,0,8428.59,0,True,14868.0
APP-003665,57,46-60,male,south_asian,freelancer,162,6689.58,976.83,2612.45,32312.68,47,5,0,8571.33,0,True,20000.0
APP-003666,18,18-25,male,southeast_asian,freelancer,0,5476.41,969.75,2912.94,11074.16,38,0,3,13349.0,1,True,16429.23
APP-003667,24,18-25,female,emirati,salaried,12,4707.08,565.73,2162.03,19546.53,33,2,0,11270.66,0,True,14121.24
APP-003668,42,36-45,male,south_asian,salaried,106,3611.06,432.56,2805.07,7269.73,29,3,3,10284.48,1,True,10833.18
APP-003669,34,26-35,male,south_asian,salaried,54,8763.68,2314.48,4162.17,29787.68,30,5,0,12738.63,0,True,20000.0
APP-003670,21,18-25,female,south_asian,salaried,1,8139.2,784.72,3260.35,27921.25,2,4,0,4954.3,0,True,20000.0
APP-003671,41,36-45,male,south_asian,salaried,89,3000.0,426.94,2154.86,16071.91,5,5,0,6093.24,0,True,9000.0
APP-003672,55,46-60,male,western,salaried,156,26107.86,5194.35,10458.17,134244.24,31,4,0,711.5,0,True,20000.0
APP-003673,29,26-35,female,south_asian,salaried,35,4641.5,787.27,2023.7,11224.92,26,4,3,12463.74,1,True,13924.5
APP-003674,27,26-35,male,emirati,salaried,0,9765.32,1611.58,5648.7,36811.15,8,1,0,4962.61,0,True,20000.0
APP-003675,44,36-45,male,emirati,salaried,104,10578.33,3883.97,6436.5,52141.96,44,3,0,12656.97,0,True,20000.0
APP-003676,51,46-60,male,emirati,salaried,161,3663.59,402.92,1765.49,11203.84,12,0,0,1296.77,0,True,10990.77
APP-003677,27,26-35,male,southeast_asian,salaried,24,11688.35,1643.31,7904.28,47043.26,39,1,2,17363.48,1,True,20000.0
APP-003678,64,46-60,male,southeast_asian,salaried,207,13084.22,661.89,4877.2,19456.98,6,3,0,18805.15,0,True,20000.0
APP-003679,19,18-25,male,emirati,salaried,8,9030.29,762.8,4463.13,29116.72,43,4,0,6967.48,0,True,20000.0
APP-003680,22,18-25,male,southeast_asian,salaried,0,8249.17,923.27,4086.09,10034.37,31,3,0,6662.24,0,True,20000.0
APP-003681,49,46-60,male,other,salaried,134,25771.16,4774.48,11053.13,54122.16,47,2,0,13259.9,0,True,20000.0
APP-003682,59,46-60,male,western,salaried,182,18806.69,4416.03,7692.73,112723.64,0,2,0,10230.58,0,True,20000.0
APP-003683,23,18-25,female,south_asian,freelancer,25,3886.57,522.75,1898.27,14598.63,19,4,0,4026.59,0,True,11659.710000000001
APP-003684,27,26-35,male,western,salaried,39,10626.35,1548.65,4977.44,32083.56,34,0,0,12687.59,0,True,20000.0
APP-003685,35,26-35,male,south_asian,freelancer,34,3989.42,257.98,1904.88,6563.33,12,0,1,11679.18,1,True,11968.26
APP-003686,60,46-60,male,emirati,salaried,179,5018.93,747.09,1593.39,24227.57,5,5,0,10693.62,0,True,15056.79
APP-003687,39,36-45,male,southeast_asian,self_employed,73,5749.11,982.35,2115.93,31010.65,15,4,0,6479.61,0,True,17247.329999999998
APP-003688,49,46-60,male,emirati,salaried,125,11165.01,1728.48,6610.2,19755.04,27,3,0,9070.78,0,True,20000.0
APP-003689,39,36-45,male,south_asian,self_employed,74,3000.0,932.31,2113.14,14996.08,8,4,0,8764.1,0,True,9000.0
APP-003690,53,46-60,male,arab_expat,salaried,160,22268.56,5808.78,9461.2,167089.52,30,3,0,2426.21,0,True,20000.0
APP-003691,22,18-25,female,arab_expat,salaried,0,3000.0,1105.9,2361.58,29435.45,14,5,3,2711.22,1,True,9000.0
APP-003692,40,36-45,male,south_asian,salaried,89,3797.43,858.24,2227.91,20330.01,7,0,0,8771.39,0,True,11392.289999999999
APP-003693,35,26-35,male,emirati,salaried,60,6524.6,1653.84,3615.75,38658.39,3,1,0,14418.91,0,True,19573.800000000003
APP-003694,29,26-35,male,southeast_asian,salaried,13,6660.55,1071.6,3928.69,29721.02,29,2,0,10175.98,0,True,19981.65
APP-003695,46,46-60,female,western,salaried,101,23800.74,7447.9,7309.2,198831.3,12,1,0,10945.88,0,True,20000.0
APP-003696,39,36-45,female,arab_expat,salaried,61,7355.18,1004.03,3023.35,10989.54,38,3,0,5975.33,0,True,20000.0
APP-003697,41,36-45,male,south_asian,salaried,89,6822.07,777.13,3918.05,9050.88,47,5,0,4183.37,0,True,20000.0
APP-003698,37,36-45,male,other,salaried,99,18746.77,2729.74,10964.98,81338.59,12,0,0,17344.52,0,True,20000.0
APP-003699,36,36-45,male,south_asian,salaried,65,3000.0,291.23,1376.93,4266.86,15,4,0,4952.32,0,True,9000.0
APP-003700,32,26-35,male,other,salaried,42,11725.01,1557.18,8681.81,60287.62,5,2,0,9162.2,0,True,20000.0
APP-003701,22,18-25,male,other,self_employed,0,7311.05,1049.61,5008.31,38418.7,36,5,0,3974.83,0,True,20000.0
APP-003702,45,36-45,female,arab_expat,salaried,128,9967.18,2948.25,3988.92,99610.53,14,0,0,16104.84,0,True,20000.0
APP-003703,29,26-35,male,emirati,salaried,38,9939.12,1263.05,6297.83,45167.88,28,0,0,5043.54,0,True,20000.0
APP-003704,35,26-35,male,south_asian,salaried,72,17285.78,4133.01,5597.87,73545.12,2,2,0,16951.82,0,True,20000.0
APP-003705,58,46-60,male,south_asian,salaried,172,12913.12,2455.59,8778.09,45957.28,7,3,0,19834.77,0,True,20000.0
APP-003706,50,46-60,male,south_asian,salaried,142,9477.19,1219.38,3167.98,33910.61,26,3,0,12912.03,0,True,20000.0
APP-003707,28,26-35,male,south_asian,salaried,25,7460.52,741.85,4425.89,19830.11,7,2,0,19397.96,0,True,20000.0
APP-003708,22,18-25,female,western,salaried,0,4742.73,933.5,1895.46,17308.01,4,3,0,7735.71,0,True,14228.189999999999
APP-003709,24,18-25,female,south_asian,salaried,28,14861.24,2308.88,6709.46,28861.25,36,3,0,16882.86,0,True,20000.0
APP-003710,27,26-35,male,other,salaried,24,12107.61,999.19,7210.74,24709.63,27,1,0,12418.14,0,True,20000.0
APP-003711,21,18-25,female,south_asian,salaried,0,14636.47,2986.28,5017.8,85119.06,24,5,0,2796.49,0,True,20000.0
APP-003712,47,46-60,male,arab_expat,salaried,116,17642.11,916.78,6343.01,27095.63,2,4,0,7081.53,0,True,20000.0
APP-003713,33,26-35,male,emirati,self_employed,50,20687.27,6550.99,8599.75,254046.81,22,0,0,8211.59,0,True,20000.0
APP-003714,30,26-35,male,south_asian,salaried,36,8380.57,1906.34,4808.99,51896.35,11,5,0,4724.21,0,True,20000.0
APP-003715,61,46-60,male,south_asian,salaried,178,7587.55,1526.77,4013.2,26838.34,41,0,0,6066.22,0,True,20000.0
APP-003716,52,46-60,female,south_asian,salaried,119,3526.42,709.1,2259.77,28296.85,3,2,3,5673.07,1,True,10579.26
APP-003717,60,46-60,male,southeast_asian,salaried,185,8315.6,312.43,4881.72,4161.47,22,5,0,2313.57,0,True,20000.0
APP-003718,41,36-45,female,south_asian,salaried,89,20752.09,5879.07,13136.12,150899.32,28,1,0,17430.85,0,True,20000.0
APP-003719,56,46-60,male,south_asian,salaried,164,10308.61,1387.98,4051.61,34397.34,10,0,0,14996.33,0,True,20000.0
APP-003720,28,26-35,male,south_asian,self_employed,27,9883.62,457.11,5622.98,14825.73,8,0,0,6557.91,0,True,20000.0
APP-003721,47,46-60,male,southeast_asian,freelancer,118,7116.99,993.14,2635.6,30672.01,14,1,0,4078.22,0,True,20000.0
APP-003722,21,18-25,female,south_asian,salaried,2,7252.53,1559.97,3645.59,62374.28,7,1,0,5268.62,0,True,20000.0
APP-003723,24,18-25,female,emirati,salaried,2,4845.69,194.48,2184.54,2502.13,13,2,0,11644.11,0,True,14537.07
APP-003724,53,46-60,female,south_asian,salaried,157,3704.59,753.0,1387.03,28077.21,10,3,1,4382.51,0,True,11113.77
APP-003725,55,46-60,male,south_asian,salaried,167,11645.33,3737.97,5284.66,79328.8,7,0,0,16788.68,0,True,20000.0
APP-003726,62,46-60,female,southeast_asian,salaried,195,6559.92,337.7,2424.09,12148.18,41,2,1,11080.41,0,True,19679.760000000002
APP-003727,18,18-25,female,south_asian,salaried,11,3494.87,886.44,1660.5,32551.77,42,4,0,4518.37,0,True,10484.61
APP-003728,55,46-60,male,emirati,salaried,156,18931.41,5953.21,11536.53,177534.17,31,4,0,17861.37,0,True,20000.0
APP-003729,54,46-60,male,emirati,salaried,149,8099.92,2246.76,4942.98,25993.21,38,1,0,7053.73,0,True,20000.0
APP-003730,25,18-25,male,other,self_employed,27,17129.53,561.08,12755.21,11414.77,27,5,0,11319.89,0,True,20000.0
APP-003731,58,46-60,female,south_asian,salaried,166,17407.91,1553.19,10884.86,20194.7,6,5,0,10837.93,0,True,20000.0
APP-003732,29,26-35,female,emirati,salaried,24,9715.47,1765.48,7636.25,45771.96,17,4,3,9154.88,1,True,20000.0
APP-003733,43,36-45,male,southeast_asian,salaried,96,3472.47,551.5,1582.58,8413.79,25,4,2,3800.66,0,True,10417.41
APP-003734,64,46-60,male,arab_expat,freelancer,205,5123.13,1360.55,3754.5,21125.44,24,5,0,2375.37,0,True,15369.39
APP-003735,21,18-25,male,south_asian,salaried,0,6152.83,291.84,3656.31,8911.42,21,3,0,12281.96,0,True,18458.489999999998
APP-003736,41,36-45,male,arab_expat,self_employed,79,8753.69,692.31,5259.05,9527.67,7,0,0,9823.54,0,True,20000.0
APP-003737,50,46-60,male,southeast_asian,freelancer,135,12029.21,1100.91,9154.83,19700.37,25,3,0,12121.3,0,True,20000.0
APP-003738,38,36-45,female,south_asian,self_employed,70,3000.0,400.74,1554.14,8867.93,18,1,0,8939.21,0,True,9000.0
APP-003739,26,26-35,male,south_asian,self_employed,13,3000.0,541.96,2383.25,15088.71,28,2,1,5103.49,0,True,9000.0
APP-003740,33,26-35,male,southeast_asian,salaried,51,14897.64,2669.09,6191.02,66982.39,2,3,1,10110.65,0,True,20000.0
APP-003741,29,26-35,male,emirati,self_employed,21,5999.9,1993.44,3156.21,41730.71,35,2,0,12277.94,0,True,17999.699999999997
APP-003742,57,46-60,male,south_asian,salaried,176,9222.53,1389.17,2963.07,15915.83,14,0,0,7480.87,0,True,20000.0
APP-003743,21,18-25,male,arab_expat,salaried,14,21885.22,4347.15,12323.7,54235.34,34,2,0,19271.98,0,True,20000.0
APP-003744,56,46-60,female,south_asian,self_employed,170,3000.0,596.61,1612.13,13885.15,22,1,0,2115.48,0,True,9000.0
APP-003745,21,18-25,female,emirati,salaried,0,10281.8,633.33,3500.19,18097.14,43,2,0,13054.24,0,True,20000.0
APP-003746,49,46-60,male,western,self_employed,137,16354.35,2426.74,11377.3,84897.41,26,0,0,12328.55,0,True,20000.0
APP-003747,55,46-60,male,south_asian,salaried,177,13319.87,1798.12,5762.06,19778.67,22,5,0,3372.68,0,True,20000.0
APP-003748,40,36-45,female,south_asian,salaried,94,8066.02,631.83,5165.87,11026.37,27,1,0,18608.87,0,True,20000.0
APP-003749,59,46-60,male,arab_expat,salaried,179,17992.98,1307.48,10469.54,25072.72,31,5,0,17992.42,0,True,20000.0
APP-003750,48,46-60,male,south_asian,self_employed,117,11273.05,1833.68,4837.52,24776.61,17,5,1,12880.44,0,True,20000.0
APP-003751,39,36-45,female,emirati,salaried,86,7297.02,404.79,2472.59,5501.12,41,4,0,7113.11,0,True,20000.0
APP-003752,46,46-60,male,south_asian,salaried,129,20954.45,2128.88,10070.23,50015.38,29,1,3,8067.97,1,True,20000.0
APP-003753,57,46-60,female,southeast_asian,salaried,151,18607.21,2995.67,6654.89,59972.01,14,4,0,13056.71,0,True,20000.0
APP-003754,64,46-60,male,other,salaried,187,15311.95,3812.07,9110.24,66008.73,39,0,0,3977.97,0,True,20000.0
APP-003755,42,36-45,male,south_asian,salaried,86,3371.51,779.04,1298.56,13425.62,34,0,0,4787.17,0,True,10114.53
APP-003756,50,46-60,female,south_asian,freelancer,110,4068.3,372.0,3111.97,7920.33,42,3,0,9427.01,0,True,12204.900000000001
APP-003757,20,18-25,female,south_asian,salaried,0,6498.05,634.24,4506.43,18782.46,7,2,0,10046.93,0,True,19494.15
APP-003758,59,46-60,female,south_asian,salaried,162,8192.41,766.78,4612.09,16110.53,33,2,0,2903.76,0,True,20000.0
APP-003759,29,26-35,male,arab_expat,freelancer,32,6707.83,2217.07,3789.7,36927.17,13,2,0,11238.09,0,True,20000.0
APP-003760,62,46-60,male,other,salaried,222,13308.57,765.67,8287.16,24492.74,8,4,2,12766.63,0,True,20000.0
APP-003761,47,46-60,female,arab_expat,self_employed,115,11536.48,3228.65,4217.11,84718.66,19,3,0,8735.87,0,True,20000.0
APP-003762,52,46-60,female,arab_expat,salaried,143,7895.48,1895.17,5726.13,34799.86,33,0,0,3626.08,0,True,20000.0
APP-003763,47,46-60,male,south_asian,salaried,109,8472.87,1559.55,6773.78,60761.38,15,1,0,16401.97,0,True,20000.0
APP-003764,18,18-25,male,south_asian,salaried,11,5335.37,1750.3,3958.77,51744.43,43,4,3,14697.28,1,True,16006.11
APP-003765,64,46-60,female,south_asian,salaried,193,4970.9,736.98,2752.06,8077.29,6,1,0,9886.11,0,True,14912.699999999999
APP-003766,31,26-35,male,south_asian,salaried,47,12445.64,1698.48,3750.14,60797.01,21,4,0,646.22,0,True,20000.0
APP-003767,46,46-60,female,south_asian,salaried,105,8305.84,1630.17,6264.1,20606.71,26,4,0,2779.97,0,True,20000.0
APP-003768,50,46-60,female,arab_expat,freelancer,143,7539.57,488.64,5918.06,17950.5,13,3,0,6456.65,0,True,20000.0
APP-003769,63,46-60,male,emirati,salaried,188,7678.95,1051.98,4360.58,33937.02,47,0,0,15971.84,0,True,20000.0
APP-003770,34,26-35,male,arab_expat,salaried,57,12933.06,2191.65,8110.46,68330.07,20,1,0,13121.59,0,True,20000.0
APP-003771,62,46-60,female,western,self_employed,202,21630.36,6288.74,6877.22,160932.89,29,3,0,2160.18,0,True,20000.0
APP-003772,61,46-60,female,south_asian,salaried,188,4542.75,1235.38,2625.16,32741.16,40,4,0,11618.28,0,True,13628.25
APP-003773,47,46-60,male,emirati,salaried,132,11299.17,1340.32,5337.73,14575.84,32,4,0,5421.31,0,True,20000.0
APP-003774,45,36-45,male,emirati,self_employed,119,11594.67,760.64,3716.21,24822.45,4,3,0,16912.01,0,True,20000.0
APP-003775,33,26-35,female,south_asian,salaried,70,11655.64,1418.82,8516.1,43373.98,42,1,0,10595.63,0,True,20000.0
APP-003776,27,26-35,male,emirati,salaried,10,6426.97,870.74,2890.91,13107.27,27,3,0,2422.91,0,True,19280.91
APP-003777,60,46-60,male,emirati,salaried,206,17019.93,8708.9,5725.21,87809.48,19,0,0,4900.99,0,True,20000.0
APP-003778,62,46-60,male,western,salaried,201,10192.33,2814.78,7171.52,110221.65,15,2,2,7510.85,1,True,20000.0
APP-003779,47,46-60,male,south_asian,salaried,119,5809.31,1199.14,3296.73,45956.92,26,3,0,794.85,0,True,17427.93
APP-003780,37,36-45,male,south_asian,salaried,78,5599.72,835.36,3442.16,9436.16,46,3,3,15091.07,1,True,16799.16
APP-003781,40,36-45,male,south_asian,salaried,71,8037.1,765.95,3278.71,19475.04,25,4,0,11263.44,0,True,20000.0
APP-003782,35,26-35,male,emirati,freelancer,52,24277.26,1564.65,10031.76,49002.35,5,2,0,19982.49,0,True,20000.0
APP-003783,64,46-60,male,emirati,salaried,206,19447.72,3362.82,9050.44,102156.02,7,3,0,9446.23,0,True,20000.0
APP-003784,29,26-35,male,emirati,salaried,19,5842.48,2158.35,4283.92,22323.62,0,3,3,12544.79,1,True,17527.44
APP-003785,43,36-45,female,south_asian,salaried,106,16263.14,1075.72,9111.54,15700.83,42,1,0,10132.29,0,True,20000.0
APP-003786,27,26-35,female,south_asian,salaried,30,6052.43,2071.81,3268.98,35675.75,19,4,0,14102.47,0,True,18157.29
APP-003787,59,46-60,male,south_asian,salaried,192,3202.22,536.59,2511.03,11993.69,3,2,0,4834.38,0,True,9606.66
APP-003788,31,26-35,male,southeast_asian,salaried,36,3089.73,366.26,1731.97,10876.96,26,2,0,5201.88,0,True,9269.19
APP-003789,31,26-35,female,southeast_asian,unemployed,0,4490.304104724677,342.14,3253.33,6774.08,23,5,0,12699.02,0,True,13470.912314174031
APP-003790,18,18-25,male,south_asian,salaried,15,8267.53,1768.52,2745.45,18507.98,24,1,2,10652.92,1,True,20000.0
APP-003791,25,18-25,male,emirati,salaried,29,16784.27,4234.62,11322.02,119168.56,36,3,2,7292.92,0,True,20000.0
APP-003792,59,46-60,male,south_asian,salaried,189,17143.61,4507.1,11314.09,165965.09,27,5,0,15290.56,0,True,20000.0
APP-003793,45,36-45,male,southeast_asian,salaried,118,23842.85,4179.59,18680.59,47589.67,25,1,0,693.38,0,True,20000.0
APP-003794,63,46-60,male,southeast_asian,salaried,197,4299.39,44.78,1669.53,580.76,26,1,0,3183.09,0,False,12898.170000000002
APP-003795,44,36-45,male,emirati,salaried,96,8973.79,2582.62,4790.67,98240.16,8,4,0,7687.55,0,True,20000.0
APP-003796,61,46-60,male,emirati,salaried,188,29775.63,4737.51,23765.84,81294.2,25,2,2,3683.01,0,True,20000.0
APP-003797,40,36-45,male,arab_expat,salaried,69,8751.88,1452.4,4778.6,56657.08,36,1,0,5988.67,0,True,20000.0
APP-003798,61,46-60,male,southeast_asian,salaried,174,16369.61,814.51,11274.88,9292.8,47,0,0,3119.88,0,True,20000.0
APP-003799,43,36-45,male,southeast_asian,salaried,101,8119.19,1266.46,4961.32,28408.78,11,1,0,3878.01,0,True,20000.0
APP-003800,57,46-60,female,southeast_asian,unemployed,0,4701.604568436003,667.68,2777.95,16647.01,8,3,0,1006.36,0,True,14104.81370530801
APP-003801,25,18-25,male,western,salaried,25,14256.25,985.33,4615.99,38391.04,3,3,0,1789.21,0,True,20000.0
APP-003802,42,36-45,female,other,freelancer,95,4834.43,415.82,1534.41,12143.61,21,4,0,2996.91,0,True,14503.29
APP-003803,47,46-60,male,south_asian,salaried,128,16189.49,1255.73,5766.92,43727.92,19,4,0,5007.59,0,True,20000.0
APP-003804,42,36-45,male,south_asian,self_employed,94,6492.03,2400.45,3144.35,90662.55,26,1,0,16926.32,0,True,19476.09
APP-003805,43,36-45,male,arab_expat,freelancer,101,8687.12,230.81,6658.85,5483.54,35,4,0,17498.07,0,True,20000.0
APP-003806,29,26-35,female,south_asian,salaried,44,7754.4,879.55,3364.0,9872.52,40,1,0,9922.74,0,True,20000.0
APP-003807,37,36-45,female,south_asian,salaried,69,9502.87,811.83,6955.69,12248.84,0,5,0,8320.82,0,True,20000.0
APP-003808,63,46-60,male,emirati,self_employed,195,15738.59,566.9,8126.06,20511.06,29,3,0,16494.96,0,True,20000.0
APP-003809,57,46-60,male,arab_expat,self_employed,171,15710.07,3792.01,7734.08,68254.02,29,4,0,6203.76,0,True,20000.0
APP-003810,27,26-35,male,south_asian,freelancer,53,4663.07,361.39,1811.31,8484.43,2,5,0,13602.46,0,True,13989.21
APP-003811,37,36-45,male,south_asian,salaried,71,4160.16,75.4,2490.51,1797.17,32,1,0,8120.61,0,True,12480.48
APP-003812,57,46-60,male,south_asian,salaried,163,6523.61,811.03,1997.31,19096.9,18,0,0,12559.19,0,True,19570.829999999998
APP-003813,53,46-60,female,southeast_asian,salaried,154,5842.39,259.84,3816.75,9440.46,41,3,0,9983.87,0,True,17527.170000000002
APP-003814,44,36-45,male,emirati,salaried,106,6652.77,1425.53,2769.06,50823.05,47,0,3,1234.47,1,True,19958.31
APP-003815,55,46-60,male,emirati,salaried,173,4914.81,390.87,2295.83,14353.49,5,4,0,2787.02,0,True,14744.43
APP-003816,41,36-45,male,emirati,salaried,95,28430.36,2558.54,9797.9,76466.59,7,1,0,15014.99,0,True,20000.0
APP-003817,21,18-25,male,southeast_asian,freelancer,0,3943.76,847.62,1982.13,13093.26,40,2,0,4940.32,0,True,11831.28
APP-003818,21,18-25,male,south_asian,salaried,0,6029.5,1002.18,2575.95,17366.03,7,0,0,16427.35,0,True,18088.5
APP-003819,57,46-60,male,south_asian,salaried,172,13097.44,5135.76,7530.78,176168.71,42,1,0,5381.27,0,True,20000.0
APP-003820,29,26-35,female,southeast_asian,salaried,41,11127.32,3198.2,8400.6,100689.04,27,0,0,13342.54,0,True,20000.0
APP-003821,39,36-45,female,south_asian,salaried,73,13334.77,766.96,9391.12,12243.3,18,2,0,6193.33,0,True,20000.0
APP-003822,25,18-25,male,south_asian,freelancer,1,7721.78,755.47,5156.67,15148.03,15,5,0,13877.47,0,True,20000.0
APP-003823,23,18-25,male,south_asian,salaried,6,4131.78,305.71,2402.3,9333.29,7,3,0,3967.19,0,True,12395.34
APP-003824,32,26-35,male,southeast_asian,salaried,32,34740.99,4235.79,21816.63,130224.6,17,2,0,6774.63,0,True,20000.0
APP-003825,53,46-60,male,south_asian,salaried,141,6788.29,1267.61,3170.04,31068.89,16,3,0,15514.24,0,True,20000.0
APP-003826,22,18-25,male,south_asian,freelancer,0,7632.91,2088.91,3921.3,43915.59,8,4,0,14878.33,0,True,20000.0
APP-003827,18,18-25,female,southeast_asian,freelancer,8,5806.99,1037.76,4183.8,39574.78,19,5,0,13359.54,0,True,17420.97
APP-003828,39,36-45,male,south_asian,salaried,101,11342.43,936.48,5369.05,22806.04,2,2,0,9572.42,0,True,20000.0
APP-003829,21,18-25,male,south_asian,salaried,20,8281.68,3056.09,3303.55,105647.15,47,0,0,3462.72,0,True,20000.0
APP-003830,62,46-60,female,southeast_asian,salaried,193,20473.2,5611.3,15003.41,216536.21,31,5,0,16318.92,0,True,20000.0
APP-003831,39,36-45,male,western,salaried,75,13752.74,1619.07,4579.93,24163.38,0,0,0,624.73,0,True,20000.0
APP-003832,37,36-45,female,arab_expat,salaried,86,4861.81,1558.85,2703.8,58224.56,35,1,2,8843.59,1,True,14585.43
APP-003833,30,26-35,female,south_asian,salaried,37,3286.89,497.56,2416.95,14313.92,23,4,0,8973.43,0,True,9860.67
APP-003834,44,36-45,female,south_asian,salaried,106,7690.55,1900.31,3504.49,27693.73,11,4,0,2482.42,0,True,20000.0
APP-003835,27,26-35,male,south_asian,salaried,57,4189.03,375.06,2282.92,14830.25,8,1,0,5948.91,0,True,12567.09
APP-003836,28,26-35,male,south_asian,self_employed,13,4940.38,755.36,3251.14,22067.63,25,3,0,4504.27,0,True,14821.14
APP-003837,21,18-25,male,south_asian,salaried,7,7036.12,543.46,3802.92,15887.57,19,3,0,2065.1,0,True,20000.0
APP-003838,35,26-35,male,south_asian,salaried,57,4891.79,268.68,3267.29,4243.28,47,2,0,4621.09,0,True,14675.369999999999
APP-003839,25,18-25,female,other,salaried,20,5599.95,197.84,3825.2,5749.14,35,3,0,1957.69,0,True,16799.85
APP-003840,30,26-35,male,south_asian,salaried,37,4536.29,1061.47,2290.48,19105.25,2,3,0,8296.8,0,True,13608.869999999999
APP-003841,50,46-60,female,southeast_asian,salaried,142,23083.5,1164.27,14060.5,45984.49,42,0,0,3365.85,0,True,20000.0
APP-003842,57,46-60,male,emirati,self_employed,189,3000.0,331.56,2173.58,11187.74,26,2,0,2359.18,0,True,9000.0
APP-003843,60,46-60,female,south_asian,salaried,185,5366.14,571.0,1932.05,8731.43,12,5,0,8863.21,0,True,16098.420000000002
APP-003844,47,46-60,male,arab_expat,salaried,116,9223.4,1121.27,4137.19,27194.52,30,0,0,3544.39,0,True,20000.0
APP-003845,48,46-60,female,arab_expat,freelancer,117,13561.25,2294.65,9746.95,67185.6,29,2,0,8165.89,0,True,20000.0
APP-003846,59,46-60,female,south_asian,freelancer,176,3606.41,554.62,1961.16,10979.64,5,0,0,575.45,0,True,10819.23
APP-003847,55,46-60,male,south_asian,salaried,145,4443.65,669.93,2708.23,24088.33,18,5,0,3469.47,0,True,13330.949999999999
APP-003848,22,18-25,female,southeast_asian,salaried,13,13656.33,980.83,6521.91,17811.21,43,4,0,4494.49,0,True,20000.0
APP-003849,51,46-60,male,south_asian,self_employed,120,6218.62,1408.16,4075.69,35340.21,20,0,0,9396.89,0,True,18655.86
APP-003850,62,46-60,female,southeast_asian,self_employed,212,14279.2,3505.73,10939.3,95902.8,41,0,0,4150.38,0,True,20000.0
APP-003851,25,18-25,female,emirati,salaried,21,8985.3,2650.84,5702.18,42313.78,24,1,0,5700.26,0,True,20000.0
APP-003852,23,18-25,male,south_asian,salaried,17,25306.96,9666.83,11768.91,104705.01,6,0,0,18423.12,0,True,20000.0
APP-003853,33,26-35,female,southeast_asian,salaried,47,5912.08,1229.0,3054.17,30261.93,39,4,0,4157.81,0,True,17736.239999999998
APP-003854,42,36-45,male,emirati,salaried,102,10142.37,2173.45,3921.38,60104.66,36,3,0,4669.72,0,True,20000.0
APP-003855,63,46-60,male,emirati,salaried,204,25123.14,2915.26,16172.97,103114.91,31,0,0,3511.84,0,True,20000.0
APP-003856,61,46-60,female,south_asian,salaried,182,3000.0,236.43,2128.91,6460.75,8,3,3,2440.99,1,True,9000.0
APP-003857,63,46-60,female,south_asian,salaried,184,5949.56,133.02,4032.34,4962.24,23,1,0,16013.48,0,True,17848.68
APP-003858,30,26-35,male,south_asian,salaried,34,9002.01,1365.61,5971.55,45071.13,5,4,0,1363.13,0,True,20000.0
APP-003859,51,46-60,male,southeast_asian,salaried,136,7188.23,489.8,2939.63,14891.67,44,0,0,2212.89,0,True,20000.0
APP-003860,53,46-60,male,south_asian,salaried,153,3692.16,724.41,1212.22,15608.32,6,3,0,6894.97,0,True,11076.48
APP-003861,65,46-60,male,south_asian,salaried,223,9488.87,361.51,2890.46,9720.2,22,1,0,4365.86,0,True,20000.0
APP-003862,26,26-35,female,south_asian,salaried,8,6020.41,920.32,2094.43,21155.77,37,1,0,2221.88,0,True,18061.23
APP-003863,63,46-60,male,south_asian,self_employed,184,8016.68,918.1,3892.04,20407.14,25,4,0,3978.49,0,True,20000.0
APP-003864,57,46-60,female,south_asian,self_employed,176,4656.76,1413.9,2830.01,17965.48,20,5,0,10253.89,0,True,13970.28
APP-003865,52,46-60,male,other,salaried,177,13702.25,1655.92,8749.93,64866.82,5,0,0,12818.4,0,True,20000.0
APP-003866,19,18-25,female,western,self_employed,8,14868.76,3450.31,7645.84,48410.86,23,0,0,11907.96,0,True,20000.0
APP-003867,44,36-45,male,south_asian,salaried,98,8588.47,2435.45,5152.19,79492.22,19,3,0,8224.58,0,True,20000.0
APP-003868,62,46-60,male,south_asian,salaried,193,3022.17,319.16,1265.06,6461.67,1,1,0,3870.24,0,True,9066.51
APP-003869,20,18-25,male,south_asian,salaried,14,8845.84,2653.81,6815.1,46251.23,21,1,0,2036.6,0,True,20000.0
APP-003870,61,46-60,male,emirati,salaried,169,9458.73,2806.0,2944.12,73848.05,18,2,0,2114.58,0,True,20000.0
APP-003871,39,36-45,male,arab_expat,self_employed,102,5939.01,2432.62,3576.91,63116.64,14,1,0,2446.08,0,True,17817.03
APP-003872,28,26-35,female,south_asian,salaried,19,4125.79,720.38,3006.81,18215.56,21,1,0,3008.1,0,True,12377.369999999999
APP-003873,28,26-35,male,emirati,salaried,38,3000.0,839.9,1376.3,27444.86,16,3,0,4292.2,0,True,9000.0
APP-003874,62,46-60,female,emirati,salaried,174,4041.19,619.19,2420.34,8924.9,38,2,2,11326.29,1,True,12123.57
APP-003875,65,46-60,female,other,salaried,216,9117.53,717.84,5235.99,8441.66,37,4,0,15329.93,0,True,20000.0
APP-003876,22,18-25,female,south_asian,self_employed,0,8476.31,1065.92,6305.38,20505.89,38,1,0,9486.62,0,True,20000.0
APP-003877,37,36-45,male,western,salaried,92,19175.4,1564.05,10231.23,46592.44,37,1,0,5712.55,0,True,20000.0
APP-003878,24,18-25,male,emirati,self_employed,25,5264.79,2590.94,3141.26,38653.82,5,0,0,13194.4,0,True,15794.369999999999
APP-003879,64,46-60,female,arab_expat,salaried,194,14113.47,706.15,4946.32,19838.87,41,5,0,16173.23,0,True,20000.0
APP-003880,34,26-35,female,south_asian,salaried,47,5975.74,2035.04,3344.93,59585.89,4,2,3,10330.36,1,True,17927.22
APP-003881,29,26-35,male,southeast_asian,salaried,27,7478.47,769.78,3942.28,17662.66,14,5,0,18143.32,0,True,20000.0
APP-003882,39,36-45,female,emirati,salaried,85,9484.92,2205.08,3221.66,55598.54,42,2,0,5744.61,0,True,20000.0
APP-003883,44,36-45,male,south_asian,salaried,119,21385.26,6641.12,9002.6,185496.97,26,4,0,8455.8,0,True,20000.0
APP-003884,44,36-45,male,south_asian,freelancer,103,21642.18,5169.53,10829.08,192985.84,20,0,0,5132.89,0,True,20000.0
APP-003885,62,46-60,male,arab_expat,salaried,192,7648.95,965.73,4731.03,37218.0,10,0,0,8491.75,0,True,20000.0
APP-003886,58,46-60,male,south_asian,salaried,167,3892.85,607.96,2922.24,13388.18,25,4,0,2074.77,0,True,11678.55
APP-003887,37,36-45,male,emirati,salaried,71,16600.36,524.86,12914.84,8702.14,24,2,0,19170.6,0,True,20000.0
APP-003888,25,18-25,male,emirati,salaried,26,3213.99,377.15,2197.52,14250.34,30,0,0,7937.14,0,True,9641.97
APP-003889,57,46-60,female,south_asian,salaried,173,14086.22,1220.13,9690.53,37923.16,33,1,0,949.12,0,True,20000.0
APP-003890,55,46-60,female,south_asian,salaried,143,5993.24,560.96,3497.92,19553.74,26,2,0,17920.17,0,True,17979.72
APP-003891,21,18-25,male,emirati,freelancer,8,14245.45,848.29,11055.7,24855.67,25,0,2,14840.64,1,True,20000.0
APP-003892,50,46-60,male,emirati,self_employed,126,14663.78,2841.82,7442.68,60713.13,23,3,0,18877.25,0,True,20000.0
APP-003893,38,36-45,female,south_asian,self_employed,87,9805.05,515.78,4493.99,17031.81,6,4,0,8525.3,0,True,20000.0
APP-003894,55,46-60,female,southeast_asian,self_employed,147,4422.26,640.16,1352.77,8598.14,11,4,0,8703.17,0,True,13266.78
APP-003895,35,26-35,female,south_asian,salaried,72,4393.08,308.44,3212.79,3586.47,25,0,0,8847.26,0,True,13179.24
APP-003896,50,46-60,male,western,salaried,134,10587.39,3158.06,3807.78,50224.86,2,1,3,5370.05,0,True,20000.0
APP-003897,40,36-45,male,south_asian,salaried,87,37254.33,4076.35,26011.34,113624.7,43,5,0,19709.41,0,True,20000.0
APP-003898,62,46-60,male,arab_expat,freelancer,179,23431.45,5535.76,11833.93,135889.44,7,1,0,14886.67,1,True,20000.0
APP-003899,59,46-60,female,south_asian,salaried,170,5002.1,1598.73,3091.75,35415.55,20,1,0,13570.13,0,True,15006.300000000001
APP-003900,22,18-25,male,western,salaried,10,23655.32,3913.09,13406.78,112432.85,33,4,0,5604.03,0,True,20000.0
APP-003901,25,18-25,male,arab_expat,salaried,35,6430.83,416.72,2562.26,13709.4,24,1,0,14022.64,0,True,19292.489999999998
APP-003902,57,46-60,female,south_asian,salaried,169,21549.91,1844.2,13808.56,22664.23,9,4,0,2276.22,0,True,20000.0
APP-003903,50,46-60,male,south_asian,salaried,130,9760.84,2009.57,6672.48,73741.89,20,2,0,14220.73,0,True,20000.0
APP-003904,65,46-60,male,southeast_asian,salaried,217,24471.03,2621.85,12793.44,73651.38,11,2,0,4057.62,0,True,20000.0
APP-003905,61,46-60,female,southeast_asian,self_employed,180,32883.87,2054.97,22460.28,70855.99,39,2,0,2346.08,0,True,20000.0
APP-003906,54,46-60,male,south_asian,self_employed,163,15428.13,1219.28,4805.9,13223.29,15,0,1,3828.09,0,True,20000.0
APP-003907,57,46-60,male,south_asian,salaried,171,4346.95,69.88,3096.9,2154.69,22,4,0,10823.5,0,True,13040.849999999999
APP-003908,27,26-35,male,southeast_asian,salaried,2,12751.44,1673.27,6028.44,49675.55,44,3,0,1854.43,0,True,20000.0
APP-003909,40,36-45,male,southeast_asian,salaried,108,17630.73,2820.89,5588.23,97016.01,25,4,0,14651.1,0,True,20000.0
APP-003910,39,36-45,female,south_asian,salaried,79,7396.08,1675.4,4255.36,34973.17,1,1,0,13027.82,0,True,20000.0
APP-003911,34,26-35,male,western,salaried,52,8582.56,1673.27,2618.69,45619.46,16,5,0,18706.18,0,True,20000.0
APP-003912,18,18-25,female,south_asian,salaried,0,19085.1,404.47,6616.73,6420.34,26,4,0,3499.82,0,True,20000.0
APP-003913,21,18-25,male,emirati,salaried,0,4987.06,1168.59,1975.32,14748.48,11,5,0,14210.05,0,True,14961.18
APP-003914,63,46-60,male,southeast_asian,salaried,217,23248.3,8911.26,7393.97,162623.36,25,2,0,13081.74,0,True,20000.0
APP-003915,29,26-35,male,south_asian,salaried,44,3907.41,659.68,2060.29,9325.4,21,5,0,10313.27,0,True,11722.23
APP-003916,62,46-60,male,south_asian,salaried,181,8313.61,1271.94,2641.99,13382.97,6,0,1,6954.05,0,True,20000.0
APP-003917,64,46-60,female,south_asian,self_employed,209,42721.01,3859.52,18790.22,113875.85,39,2,0,19377.1,0,True,20000.0
APP-003918,59,46-60,female,south_asian,self_employed,188,29222.31,2750.62,9852.2,43715.42,8,3,0,2947.98,0,True,20000.0
APP-003919,19,18-25,male,south_asian,salaried,9,4302.46,407.9,2850.81,13882.09,40,4,1,6506.79,0,True,12907.380000000001
APP-003920,35,26-35,female,south_asian,salaried,63,14427.31,3778.92,8930.52,130551.18,16,2,0,6493.09,0,True,20000.0
APP-003921,53,46-60,male,south_asian,self_employed,133,5970.25,575.17,4074.23,18882.84,12,0,0,16800.52,0,True,17910.75
APP-003922,18,18-25,male,arab_expat,self_employed,0,4687.52,903.61,2589.62,27238.45,12,2,0,12383.93,0,True,14062.560000000001
APP-003923,61,46-60,male,south_asian,self_employed,195,10858.88,2126.73,7240.88,26340.09,43,5,2,2681.37,0,True,20000.0
APP-003924,27,26-35,male,south_asian,salaried,35,25103.83,5540.28,16171.15,82966.04,15,2,0,6733.73,0,True,20000.0
APP-003925,46,46-60,female,south_asian,self_employed,105,3490.59,497.43,1292.61,15876.98,15,5,0,4218.34,0,True,10471.77
APP-003926,53,46-60,male,western,salaried,165,6458.01,1773.53,3630.1,40189.53,27,2,0,10964.16,0,True,19374.03
APP-003927,19,18-25,male,arab_expat,salaried,0,9571.69,216.69,5332.68,3212.82,27,5,0,15659.99,0,True,20000.0
APP-003928,33,26-35,male,arab_expat,salaried,63,8164.96,1383.0,3740.61,21534.39,30,4,0,14922.62,0,True,20000.0
APP-003929,26,26-35,male,south_asian,freelancer,35,5648.88,1397.69,3457.28,40795.73,35,5,0,16527.91,0,True,16946.64
APP-003930,50,46-60,male,southeast_asian,freelancer,105,3251.35,274.23,1566.39,9011.78,27,2,0,7306.42,0,True,9754.05
APP-003931,28,26-35,female,southeast_asian,salaried,12,9646.7,1022.4,4889.15,21202.93,8,0,0,10918.72,0,True,20000.0
APP-003932,30,26-35,male,emirati,salaried,42,11778.04,4102.81,3672.6,133463.95,13,5,2,14496.07,1,True,20000.0
APP-003933,50,46-60,male,south_asian,salaried,132,13167.5,3246.94,5941.25,110197.36,10,5,0,957.89,0,True,20000.0
APP-003934,37,36-45,female,arab_expat,salaried,70,8333.73,1172.78,2867.66,45337.23,24,4,0,13923.36,0,True,20000.0
APP-003935,36,36-45,male,south_asian,salaried,69,3000.0,205.92,1492.08,5085.23,24,5,1,1587.27,0,True,9000.0
APP-003936,42,36-45,female,south_asian,salaried,97,4739.89,152.37,3300.48,1574.35,24,2,0,11934.98,0,True,14219.670000000002
APP-003937,27,26-35,male,south_asian,self_employed,23,10513.78,3365.6,5174.48,117979.9,27,3,0,12023.5,0,True,20000.0
APP-003938,47,46-60,male,south_asian,self_employed,117,3000.0,773.74,1225.17,17845.49,10,5,0,4859.77,0,True,9000.0
APP-003939,26,26-35,male,south_asian,self_employed,27,8366.72,1209.36,2870.84,27703.39,8,3,0,9074.53,0,True,20000.0
APP-003940,38,36-45,male,south_asian,salaried,78,5224.57,508.89,3856.72,7802.87,32,2,0,10455.99,0,True,15673.71
APP-003941,51,46-60,male,south_asian,salaried,148,6406.7,589.93,5106.09,22859.41,35,4,0,3481.31,0,True,19220.1
APP-003942,64,46-60,female,southeast_asian,salaried,201,8588.84,976.05,5261.5,25033.55,6,4,0,19139.93,0,True,20000.0
APP-003943,56,46-60,female,arab_expat,salaried,161,7024.29,1155.76,4108.16,25579.57,30,0,0,9786.95,0,True,20000.0
APP-003944,49,46-60,female,south_asian,salaried,132,4468.09,597.59,3137.53,17205.7,29,3,0,2927.43,0,True,13404.27
APP-003945,18,18-25,male,south_asian,salaried,0,6969.12,534.57,3040.01,13490.55,7,4,2,17972.35,0,True,20000.0
APP-003946,55,46-60,female,south_asian,self_employed,147,10515.51,2479.23,4173.41,84079.27,22,3,0,4194.89,0,True,20000.0
APP-003947,30,26-35,female,emirati,salaried,26,6357.33,1387.61,3655.77,53379.14,26,2,0,4881.69,0,True,19071.989999999998
APP-003948,25,18-25,female,south_asian,salaried,24,4393.54,322.54,3341.06,7700.77,43,0,0,8299.12,0,True,13180.619999999999
APP-003949,53,46-60,male,arab_expat,salaried,124,7318.85,603.8,4001.13,22431.02,47,0,0,12773.45,0,True,20000.0
APP-003950,64,46-60,female,south_asian,salaried,189,13979.08,1632.22,4525.89,46974.79,3,1,0,7774.49,0,True,20000.0
APP-003951,36,36-45,male,arab_expat,salaried,57,10277.48,2753.66,4769.66,27980.79,3,2,0,4128.27,0,True,20000.0
APP-003952,31,26-35,female,arab_expat,self_employed,58,4590.04,1763.76,2626.48,69546.93,2,3,0,8023.74,0,True,13770.119999999999
APP-003953,26,26-35,male,western,salaried,13,17416.4,4371.54,12498.6,123960.48,4,1,1,5015.34,0,True,20000.0
APP-003954,19,18-25,male,emirati,salaried,0,4576.26,720.2,2753.92,22210.25,40,3,0,8530.17,0,True,13728.78
APP-003955,58,46-60,male,emirati,salaried,164,17237.16,5296.52,5217.95,209415.78,42,4,0,11932.46,0,True,20000.0
APP-003956,31,26-35,male,southeast_asian,salaried,56,3306.67,997.45,1048.28,19640.27,2,2,0,3118.58,0,True,9920.01
APP-003957,18,18-25,male,western,salaried,0,10172.01,1762.22,7935.3,53692.79,8,1,0,13553.83,0,True,20000.0
APP-003958,48,46-60,male,south_asian,salaried,135,4250.36,486.64,3094.51,10685.95,24,2,0,4449.2,0,True,12751.079999999998
APP-003959,52,46-60,male,arab_expat,unemployed,0,4812.421491025866,361.98,2353.48,13536.58,40,0,0,12135.57,0,True,14437.264473077597
APP-003960,19,18-25,male,south_asian,salaried,5,8927.44,1680.69,4091.39,65658.23,4,2,0,1605.28,0,True,20000.0
APP-003961,40,36-45,male,emirati,salaried,86,14252.14,2945.15,5180.74,97311.55,13,2,0,3256.53,0,True,20000.0
APP-003962,52,46-60,male,south_asian,unemployed,0,3000.0,313.76,1509.48,6825.9,6,1,0,6547.13,0,True,9000.0
APP-003963,25,18-25,male,south_asian,self_employed,20,6235.51,2694.84,4281.6,87304.84,22,1,0,7868.74,0,True,18706.53
APP-003964,61,46-60,female,arab_expat,salaried,195,20046.52,3807.96,14596.06,121214.39,40,0,0,9712.53,0,True,20000.0
APP-003965,35,26-35,female,arab_expat,salaried,54,26972.35,5871.5,14655.89,92227.12,5,2,0,2540.47,0,True,20000.0
APP-003966,63,46-60,female,south_asian,salaried,207,3601.25,366.67,2832.14,10979.78,15,1,0,5436.23,0,True,10803.75
APP-003967,53,46-60,male,southeast_asian,salaried,156,8068.69,3276.13,5200.95,59939.11,5,3,0,2841.31,0,True,20000.0
APP-003968,34,26-35,female,south_asian,salaried,54,3000.0,807.54,1910.78,28697.21,41,5,1,2393.66,0,True,9000.0
APP-003969,59,46-60,male,south_asian,freelancer,161,14298.74,1545.59,4659.26,42200.73,33,1,0,12156.25,0,True,20000.0
APP-003970,49,46-60,male,south_asian,salaried,121,3033.63,223.94,931.32,4136.51,3,3,0,6514.25,0,True,9100.89
APP-003971,49,46-60,male,arab_expat,self_employed,116,13551.87,1614.46,6987.25,16813.36,39,4,0,8937.34,0,True,20000.0
APP-003972,46,46-60,male,southeast_asian,salaried,127,11596.97,1592.53,6597.38,31758.77,34,2,0,8732.63,0,True,20000.0
APP-003973,31,26-35,male,south_asian,unemployed,0,3000.0,808.02,2189.15,30094.48,39,2,0,1633.67,0,True,9000.0
APP-003974,44,36-45,female,arab_expat,self_employed,110,13661.42,473.56,9143.23,17350.97,19,4,0,6287.32,0,True,20000.0
APP-003975,50,46-60,male,southeast_asian,salaried,144,17182.65,652.76,6042.72,16113.48,9,1,0,13933.67,0,True,20000.0
APP-003976,47,46-60,male,other,salaried,109,16904.48,3045.15,10013.65,44120.36,24,5,0,7160.2,0,True,20000.0
APP-003977,26,26-35,male,south_asian,self_employed,23,8545.29,726.01,5911.93,20157.26,35,1,0,3045.3,0,True,20000.0
APP-003978,47,46-60,male,arab_expat,self_employed,129,5733.34,761.48,2803.65,28633.87,37,5,0,11403.9,0,True,17200.02
APP-003979,38,36-45,female,western,salaried,68,6492.88,925.11,4234.16,30408.28,34,0,0,1991.99,0,True,19478.64
APP-003980,53,46-60,male,south_asian,salaried,141,11267.16,3554.52,6714.77,128320.61,39,3,0,11982.13,0,True,20000.0
APP-003981,61,46-60,female,southeast_asian,salaried,167,13885.86,1193.16,5452.7,40192.48,15,2,0,10162.94,0,True,20000.0
APP-003982,49,46-60,male,south_asian,salaried,115,9003.26,3752.6,6126.37,103255.52,41,2,2,17986.8,1,True,20000.0
APP-003983,48,46-60,male,south_asian,salaried,115,4161.35,757.62,2188.78,29081.51,6,5,0,11084.08,0,True,12484.050000000001
APP-003984,20,18-25,male,south_asian,self_employed,0,4541.83,696.3,3523.52,23886.32,23,2,0,7021.97,0,True,13625.49
APP-003985,34,26-35,female,western,salaried,61,16238.74,3365.88,11481.14,83036.62,13,2,0,13811.9,0,True,20000.0
APP-003986,29,26-35,male,arab_expat,salaried,52,3000.0,502.2,1228.14,19033.38,41,1,0,5417.71,0,True,9000.0
APP-003987,54,46-60,female,emirati,self_employed,133,12016.67,2090.18,5207.37,71056.23,35,0,0,11998.09,0,True,20000.0
APP-003988,23,18-25,female,south_asian,salaried,12,3000.0,271.53,1780.48,8728.23,13,0,0,8410.79,0,True,9000.0
APP-003989,33,26-35,male,south_asian,salaried,49,8457.61,2797.27,6232.37,84452.12,39,3,0,9876.16,0,True,20000.0
APP-003990,21,18-25,male,south_asian,salaried,6,8788.64,1717.82,6847.8,60463.12,27,1,0,18111.86,0,True,20000.0
APP-003991,22,18-25,male,south_asian,self_employed,0,3636.36,522.49,2268.26,17057.91,47,0,1,6745.86,0,True,10909.08
APP-003992,56,46-60,female,south_asian,salaried,143,5680.46,582.6,4226.2,9348.38,32,0,0,1495.42,0,True,17041.38
APP-003993,29,26-35,male,southeast_asian,salaried,52,26172.67,3508.8,14530.31,119212.51,27,4,0,4269.34,0,True,20000.0
APP-003994,48,46-60,female,other,salaried,132,8830.59,2865.11,5484.61,42881.32,47,0,0,14293.2,0,True,20000.0
APP-003995,43,36-45,female,arab_expat,salaried,112,22493.93,3150.21,8747.24,118762.77,38,5,0,5870.32,0,True,20000.0
APP-003996,60,46-60,male,arab_expat,freelancer,163,8545.86,1790.21,2897.96,23135.96,5,5,0,7093.05,0,True,20000.0
APP-003997,30,26-35,male,arab_expat,salaried,41,4782.62,716.44,2719.81,20578.6,23,3,0,803.19,0,True,14347.86
APP-003998,53,46-60,female,southeast_asian,freelancer,155,3888.74,723.55,1378.53,12357.7,42,1,0,11628.98,0,True,11666.22
APP-003999,46,46-60,male,emirati,salaried,110,4129.8,466.4,1658.89,18534.09,45,5,0,3803.9,0,True,12389.400000000001
APP-004000,48,46-60,male,western,self_employed,109,14488.64,1196.63,8728.45,19493.94,8,1,0,15101.85,0,True,20000.0
APP-004001,60,46-60,male,arab_expat,salaried,166,9686.76,3542.77,4487.29,90414.96,31,0,3,17133.61,1,True,20000.0
APP-004002,56,46-60,female,southeast_asian,self_employed,161,3000.0,553.63,987.9,12441.04,32,5,0,1756.44,0,True,9000.0
APP-004003,31,26-35,male,southeast_asian,salaried,42,11151.86,3063.6,8337.76,121259.99,1,0,1,17800.99,1,True,20000.0
APP-004004,49,46-60,male,western,salaried,117,7711.5,2513.09,4355.03,87380.66,14,4,0,13684.82,0,True,20000.0
APP-004005,50,46-60,female,south_asian,salaried,121,9445.72,1333.07,2971.21,37246.65,20,0,0,11152.84,0,True,20000.0
APP-004006,53,46-60,male,south_asian,salaried,133,10346.83,1372.93,6935.29,20699.96,14,0,3,2059.68,1,True,20000.0
APP-004007,64,46-60,male,southeast_asian,salaried,184,35615.55,3563.91,13609.75,101365.52,25,5,0,6691.79,0,True,20000.0
APP-004008,57,46-60,male,south_asian,salaried,163,3863.82,760.35,1886.09,29544.24,3,3,0,8625.51,0,True,11591.460000000001
APP-004009,39,36-45,male,emirati,salaried,90,4893.39,1168.25,1662.28,38639.24,34,3,1,14480.61,0,True,14680.170000000002
APP-004010,27,26-35,female,southeast_asian,salaried,0,7631.4,736.53,5998.9,24659.83,38,5,0,1881.02,0,True,20000.0
APP-004011,40,36-45,male,western,freelancer,96,5348.73,1412.17,2082.67,46671.8,7,4,0,1247.27,0,True,16046.189999999999
APP-004012,29,26-35,male,emirati,salaried,22,7059.81,683.32,3955.73,10052.79,26,1,3,2091.08,1,True,20000.0
APP-004013,58,46-60,male,south_asian,salaried,153,5292.37,102.77,3537.29,3444.84,29,3,1,14435.58,0,True,15877.11
APP-004014,35,26-35,male,south_asian,salaried,60,9137.65,2473.64,6620.93,98019.63,36,1,0,19789.96,0,True,20000.0
APP-004015,65,46-60,male,emirati,freelancer,185,32562.72,1582.9,10332.27,27964.12,4,2,0,10244.76,0,True,20000.0
APP-004016,20,18-25,female,south_asian,salaried,0,17948.22,6109.23,13576.16,233488.91,0,3,0,10387.26,0,True,20000.0
APP-004017,30,26-35,female,southeast_asian,self_employed,43,3439.48,601.69,2265.13,7123.1,31,4,1,3246.25,0,True,10318.44
APP-004018,41,36-45,male,other,salaried,80,9751.76,3774.02,6796.8,68100.98,45,2,0,781.41,0,True,20000.0
APP-004019,30,26-35,male,south_asian,salaried,66,9979.79,2330.22,7202.02,28356.81,41,5,0,14541.68,0,True,20000.0
APP-004020,40,36-45,female,south_asian,salaried,93,3000.0,426.12,1309.57,5937.51,31,0,0,832.23,0,True,9000.0
APP-004021,65,46-60,male,south_asian,salaried,222,10894.71,2840.1,6649.22,84892.99,7,4,0,4167.96,0,True,20000.0
APP-004022,60,46-60,female,arab_expat,salaried,187,3300.52,130.07,1051.33,5047.76,42,1,3,2486.44,1,True,9901.56
APP-004023,45,36-45,female,other,salaried,109,10813.89,1167.77,5284.68,27129.77,20,4,2,7664.54,0,True,20000.0
APP-004024,36,36-45,female,south_asian,salaried,81,3650.57,867.68,1300.37,30948.92,12,2,0,3627.59,0,True,10951.710000000001
APP-004025,58,46-60,female,south_asian,salaried,168,11125.72,3002.03,6467.17,69749.42,39,3,0,6615.55,0,True,20000.0
APP-004026,44,36-45,male,arab_expat,salaried,116,11150.71,2043.29,8168.35,62448.34,29,3,0,3458.44,0,True,20000.0
APP-004027,53,46-60,female,south_asian,salaried,157,5454.55,1320.5,2901.62,43306.94,9,0,0,14284.12,0,True,16363.650000000001
APP-004028,65,46-60,male,western,salaried,195,10896.0,1030.75,5279.89,35747.07,29,2,3,11061.95,1,True,20000.0
APP-004029,64,46-60,male,south_asian,salaried,225,4305.75,117.51,1571.86,3629.5,21,1,0,6843.25,0,True,12917.25
APP-004030,30,26-35,female,south_asian,self_employed,35,6007.54,1125.17,2445.25,11655.19,0,3,0,4440.67,0,True,18022.62
APP-004031,27,26-35,male,south_asian,unemployed,0,3000.0,248.25,1848.91,6495.63,2,2,0,8268.29,0,True,9000.0
APP-004032,18,18-25,male,south_asian,salaried,0,10733.35,1260.23,4288.73,44200.54,38,1,0,7314.57,0,True,20000.0
APP-004033,60,46-60,male,western,salaried,184,21693.06,1453.93,8371.82,42401.78,16,3,3,1329.21,0,True,20000.0
APP-004034,51,46-60,male,southeast_asian,freelancer,142,11410.88,4023.16,4379.47,71831.31,29,0,0,19490.14,1,True,20000.0
APP-004035,65,46-60,female,south_asian,salaried,225,14050.42,3169.25,7418.22,35809.75,10,5,0,9291.49,0,True,20000.0
APP-004036,26,26-35,female,south_asian,self_employed,24,3073.92,480.01,2242.9,6767.46,35,3,0,891.85,0,True,9221.76
APP-004037,51,46-60,male,south_asian,salaried,147,18409.48,875.89,10380.97,19742.48,35,3,0,19567.96,0,True,20000.0
APP-004038,35,26-35,male,emirati,salaried,56,4648.43,807.8,2616.26,28153.54,23,3,0,1500.57,0,True,13945.29
APP-004039,55,46-60,female,southeast_asian,salaried,164,9721.51,1196.47,4718.46,45493.72,7,2,0,14063.87,0,True,20000.0
APP-004040,43,36-45,female,emirati,salaried,102,5761.94,1374.9,3443.77,45759.1,21,5,0,15584.53,0,True,17285.82
APP-004041,65,46-60,male,southeast_asian,self_employed,219,8766.9,2047.89,6511.51,63500.38,31,2,0,17605.41,0,True,20000.0
APP-004042,32,26-35,male,arab_expat,salaried,62,6095.66,529.5,2072.45,16642.82,35,4,0,7940.84,0,True,18286.98
APP-004043,25,18-25,male,western,salaried,6,14301.51,248.49,5717.88,4583.06,24,0,0,8243.41,0,True,20000.0
APP-004044,61,46-60,male,south_asian,salaried,191,5081.81,439.31,2978.07,12047.37,28,5,0,12219.51,0,True,15245.43
APP-004045,65,46-60,male,western,salaried,190,8837.13,1792.05,4463.77,57899.53,40,2,0,19579.54,0,True,20000.0
APP-004046,38,36-45,male,south_asian,salaried,62,11993.94,4013.61,4494.73,105490.51,27,5,0,11290.09,0,True,20000.0
APP-004047,65,46-60,male,south_asian,salaried,234,4762.83,600.23,3320.1,19813.59,36,2,0,8651.41,0,True,14288.49
APP-004048,18,18-25,male,south_asian,self_employed,0,8497.46,902.49,5250.72,13215.02,9,1,0,12530.77,0,True,20000.0
APP-004049,42,36-45,male,arab_expat,salaried,92,22786.27,2319.72,7128.84,88397.19,13,1,0,18760.35,0,True,20000.0
APP-004050,34,26-35,female,southeast_asian,salaried,43,22107.47,5910.65,17380.34,175572.94,13,0,0,14992.75,0,True,20000.0
APP-004051,49,46-60,male,south_asian,salaried,122,15398.79,4919.62,7951.58,145251.44,26,4,0,1810.46,0,True,20000.0
APP-004052,43,36-45,female,arab_expat,salaried,67,6575.46,356.54,3221.02,9660.83,28,2,0,6981.16,0,True,19726.38
APP-004053,36,36-45,male,arab_expat,salaried,49,4187.82,474.2,2675.5,4854.42,26,4,0,1716.24,0,True,12563.46
APP-004054,36,36-45,female,south_asian,salaried,72,18266.3,2208.24,11561.41,57032.05,4,2,0,12050.82,0,True,20000.0
APP-004055,41,36-45,male,south_asian,freelancer,88,5735.12,887.71,3939.2,16860.8,13,1,0,16954.68,0,True,17205.36
APP-004056,48,46-60,male,southeast_asian,salaried,98,12760.88,1076.37,9188.1,13936.31,27,0,0,9031.52,0,True,20000.0
APP-004057,43,36-45,female,arab_expat,self_employed,110,11349.37,3408.31,7858.09,81966.68,23,4,0,1536.98,0,True,20000.0
APP-004058,31,26-35,female,arab_expat,self_employed,39,7728.74,1379.94,4705.5,38810.4,7,0,0,16027.97,0,True,20000.0
APP-004059,35,26-35,male,emirati,self_employed,80,13597.9,716.71,6142.77,8313.95,19,4,0,13868.41,0,True,20000.0
APP-004060,19,18-25,male,south_asian,salaried,10,3000.0,735.4,2253.36,27850.99,16,2,0,1732.32,0,True,9000.0
APP-004061,18,18-25,female,southeast_asian,salaried,15,20378.24,4227.27,14661.85,157530.77,46,4,0,6330.82,0,True,20000.0
APP-004062,59,46-60,male,emirati,salaried,172,11294.93,3332.28,7603.33,108789.54,31,1,0,3692.97,0,True,20000.0
APP-004063,50,46-60,female,southeast_asian,salaried,120,7984.34,1079.13,3708.33,15271.1,22,5,2,8517.46,1,True,20000.0
APP-004064,47,46-60,male,southeast_asian,salaried,122,19896.59,1620.83,6585.2,50567.97,37,4,0,10207.16,0,True,20000.0
APP-004065,55,46-60,male,south_asian,salaried,163,3652.89,541.77,1358.87,12846.47,19,5,0,8824.61,0,True,10958.67
APP-004066,30,26-35,male,south_asian,salaried,23,13799.33,4267.4,7798.42,114820.17,23,2,3,7674.49,1,True,20000.0
APP-004067,38,36-45,male,south_asian,salaried,89,3000.0,283.95,1923.34,3512.28,0,5,0,4298.01,0,True,9000.0
APP-004068,61,46-60,male,south_asian,salaried,189,4660.24,322.88,3370.33,12150.05,45,3,0,9808.76,0,True,13980.72
APP-004069,60,46-60,female,south_asian,salaried,183,22985.68,1344.18,7836.91,40990.93,21,0,2,6204.61,0,True,20000.0
APP-004070,41,36-45,male,south_asian,salaried,97,3471.23,97.51,2264.17,3496.42,28,2,0,10343.85,0,True,10413.69
APP-004071,35,26-35,male,south_asian,freelancer,69,14088.66,2753.33,10526.52,70560.46,37,5,0,14308.63,0,True,20000.0
APP-004072,60,46-60,male,arab_expat,salaried,189,3749.86,186.95,2294.58,5479.48,15,4,0,4036.4,0,True,11249.58
APP-004073,24,18-25,female,south_asian,self_employed,23,8525.43,1134.8,5000.09,13745.94,46,0,0,19672.0,0,True,20000.0
APP-004074,22,18-25,female,arab_expat,salaried,0,9665.92,274.62,7126.49,8576.68,31,5,0,5014.89,0,True,20000.0
APP-004075,59,46-60,female,southeast_asian,salaried,175,9117.44,2218.26,2800.94,80172.52,37,3,1,2457.55,0,True,20000.0
APP-004076,60,46-60,male,southeast_asian,salaried,192,4823.38,855.36,2875.21,30224.3,13,1,0,1875.43,0,True,14470.14
APP-004077,26,26-35,female,south_asian,salaried,7,17351.94,1885.95,8392.55,72394.08,14,0,0,17760.84,0,True,20000.0
APP-004078,34,26-35,male,emirati,salaried,53,16611.36,2160.02,6008.52,33689.88,31,4,0,607.05,0,True,20000.0
APP-004079,24,18-25,male,emirati,freelancer,5,4290.81,1108.72,2980.69,22427.89,27,0,2,2186.09,1,True,12872.43
APP-004080,56,46-60,female,south_asian,self_employed,159,9304.33,629.09,2944.14,21367.41,4,3,2,8321.12,0,True,20000.0
APP-004081,20,18-25,male,arab_expat,salaried,0,4739.55,422.94,2445.02,10649.91,23,1,0,3988.13,0,True,14218.650000000001
APP-004082,20,18-25,male,arab_expat,salaried,4,9960.18,3057.63,4651.85,65280.29,6,1,0,654.29,0,True,20000.0
APP-004083,33,26-35,female,other,salaried,54,3104.58,558.14,2329.29,7890.11,23,4,0,7559.54,0,True,9313.74
APP-004084,62,46-60,male,southeast_asian,salaried,198,18335.2,5787.37,8245.29,123390.65,14,3,0,12767.09,0,True,20000.0
APP-004085,49,46-60,male,southeast_asian,salaried,151,4595.09,1476.53,1765.83,48931.59,15,4,2,2434.13,1,True,13785.27
APP-004086,30,26-35,female,south_asian,freelancer,40,4878.87,1248.02,2397.66,15347.68,46,2,2,10625.86,1,True,14636.61
APP-004087,32,26-35,female,other,salaried,51,6123.78,573.57,2804.97,16778.42,35,1,0,7051.25,0,True,18371.34
APP-004088,21,18-25,female,south_asian,self_employed,17,9259.56,864.9,5685.12,27868.15,33,2,0,7749.79,0,True,20000.0
APP-004089,45,36-45,female,southeast_asian,salaried,118,8732.91,1395.32,4518.7,17485.25,4,0,0,17354.15,0,True,20000.0
APP-004090,53,46-60,female,south_asian,salaried,133,6233.42,642.58,4407.32,14662.03,5,4,1,4243.98,0,True,18700.260000000002
APP-004091,30,26-35,male,emirati,salaried,20,9681.3,2998.18,4773.09,57211.26,25,4,0,11865.75,0,True,20000.0
APP-004092,38,36-45,male,southeast_asian,freelancer,87,17715.44,2787.65,11454.47,74183.5,29,1,1,4426.63,0,True,20000.0
APP-004093,58,46-60,male,southeast_asian,salaried,179,15842.58,2373.12,6791.0,25977.93,44,2,0,19621.65,0,True,20000.0
APP-004094,28,26-35,male,western,salaried,22,25231.3,2717.42,19128.43,95345.55,42,4,0,14387.61,0,True,20000.0
APP-004095,40,36-45,female,south_asian,freelancer,120,3000.0,472.8,1432.09,10983.98,30,2,0,6773.25,1,True,9000.0
APP-004096,39,36-45,male,emirati,salaried,74,17575.49,110.15,7523.51,1640.62,46,2,0,19744.83,0,True,20000.0
APP-004097,28,26-35,male,western,salaried,23,9450.19,2308.63,4205.21,66684.61,2,5,0,18160.81,1,True,20000.0
APP-004098,30,26-35,female,south_asian,salaried,49,4631.4,887.53,1700.59,11773.86,14,4,0,7347.85,0,True,13894.199999999999
APP-004099,34,26-35,male,southeast_asian,salaried,70,7762.85,310.29,4985.62,7916.81,27,4,2,8974.78,1,True,20000.0
APP-004100,40,36-45,male,south_asian,salaried,80,4106.53,1333.16,2954.11,15451.94,31,0,0,2997.97,0,True,12319.59
APP-004101,40,36-45,female,south_asian,salaried,94,4378.22,586.29,2440.82,19549.1,12,0,0,5148.12,0,True,13134.66
APP-004102,59,46-60,male,emirati,salaried,165,10500.71,3065.32,8079.51,85248.39,12,2,0,5217.7,0,True,20000.0
APP-004103,35,26-35,male,southeast_asian,freelancer,56,11212.89,502.87,4633.86,15809.78,31,2,0,10835.3,0,True,20000.0
APP-004104,50,46-60,male,emirati,salaried,122,17569.42,5511.55,6365.26,122818.08,30,0,0,9051.14,0,True,20000.0
APP-004105,65,46-60,male,south_asian,self_employed,218,10789.11,175.89,4154.66,2855.37,36,0,0,3189.64,0,True,20000.0
APP-004106,44,36-45,female,other,freelancer,115,5269.82,658.12,3238.72,10162.92,33,0,0,14713.3,0,True,15809.46
APP-004107,21,18-25,male,south_asian,self_employed,0,5849.49,562.56,4459.42,20647.09,41,0,0,10046.15,0,True,17548.47
APP-004108,29,26-35,male,south_asian,salaried,18,3000.0,129.54,2362.19,1617.6,1,3,0,5396.87,0,True,9000.0
APP-004109,35,26-35,male,south_asian,salaried,62,4510.54,1166.51,2664.42,24100.98,8,4,0,12824.64,0,True,13531.619999999999
APP-004110,18,18-25,male,emirati,salaried,0,15426.22,1737.21,10323.28,41273.02,18,1,0,19354.26,0,True,20000.0
APP-004111,24,18-25,male,other,self_employed,24,5045.7,1609.94,1816.61,37496.5,33,0,0,10143.92,0,True,15137.099999999999
APP-004112,31,26-35,female,southeast_asian,salaried,44,6840.13,986.71,5462.04,21316.8,28,5,0,10593.55,0,True,20000.0
APP-004113,50,46-60,male,south_asian,salaried,124,9681.24,2898.05,6052.46,89209.29,24,0,0,9794.66,0,True,20000.0
APP-004114,21,18-25,female,southeast_asian,salaried,0,9590.44,986.63,5420.15,25126.21,25,4,0,5330.56,0,True,20000.0
APP-004115,28,26-35,male,southeast_asian,salaried,18,10858.65,2434.49,7800.15,82477.89,39,0,0,18530.36,0,True,20000.0
APP-004116,35,26-35,female,other,salaried,61,11833.08,1666.19,8862.68,30995.27,4,1,0,7101.84,0,True,20000.0
APP-004117,51,46-60,male,emirati,self_employed,113,20496.09,7294.1,9493.31,218474.34,21,2,0,14959.53,0,True,20000.0
APP-004118,36,36-45,male,western,self_employed,57,8600.28,1320.01,3020.21,21684.42,43,5,0,10226.98,0,True,20000.0
APP-004119,42,36-45,male,south_asian,salaried,88,3000.0,223.98,1404.71,3601.98,34,3,0,4467.98,0,True,9000.0
APP-004120,19,18-25,female,southeast_asian,salaried,0,17955.66,5609.63,10557.05,197904.69,16,1,3,19297.85,1,True,20000.0
APP-004121,47,46-60,male,south_asian,self_employed,114,10676.72,2781.59,7612.47,49972.61,11,4,0,15137.65,0,True,20000.0
APP-004122,36,36-45,male,south_asian,salaried,65,13237.35,2136.82,7358.53,78681.72,21,0,0,3066.31,0,True,20000.0
APP-004123,49,46-60,female,western,self_employed,131,10871.55,621.19,6771.5,21753.71,16,3,0,12906.3,0,True,20000.0
APP-004124,45,36-45,female,south_asian,salaried,121,4186.64,739.15,1777.59,12330.18,39,3,0,1737.78,0,True,12559.920000000002
APP-004125,58,46-60,male,south_asian,salaried,150,12911.31,844.97,5565.05,25336.16,31,5,0,3449.32,0,True,20000.0
APP-004126,33,26-35,male,south_asian,salaried,50,5602.3,765.19,4146.64,28074.6,34,3,0,10927.5,0,True,16806.9
APP-004127,57,46-60,male,southeast_asian,salaried,176,37989.26,3565.53,14203.37,128349.88,34,4,0,13131.51,0,True,20000.0
APP-004128,50,46-60,male,emirati,salaried,132,7542.97,185.9,3120.33,2460.18,37,5,0,19942.05,0,True,20000.0
APP-004129,44,36-45,female,southeast_asian,salaried,92,4270.18,507.92,2285.14,6299.86,34,5,0,6307.3,0,True,12810.54
APP-004130,40,36-45,male,arab_expat,salaried,105,7122.97,1263.56,3086.83,22154.77,6,3,0,585.79,0,True,20000.0
APP-004131,53,46-60,female,emirati,salaried,150,13849.42,1143.76,6872.75,11477.91,6,2,0,19341.26,0,True,20000.0
APP-004132,56,46-60,female,south_asian,salaried,164,10762.75,796.74,3926.31,21991.02,24,1,0,3090.89,0,True,20000.0
APP-004133,59,46-60,male,south_asian,salaried,176,6802.07,2201.49,4772.36,60137.71,43,5,0,530.61,0,True,20000.0
APP-004134,21,18-25,male,south_asian,salaried,0,3829.53,1580.57,1452.86,59924.91,38,1,0,3977.76,0,True,11488.59
APP-004135,20,18-25,female,southeast_asian,salaried,6,8668.43,1942.06,2740.56,57622.13,33,2,1,3325.25,0,True,20000.0
APP-004136,56,46-60,female,south_asian,self_employed,175,3300.62,839.52,1954.83,28803.03,6,2,0,7732.0,0,True,9901.86
APP-004137,27,26-35,male,arab_expat,salaried,33,5958.55,1198.26,2903.81,47349.62,10,3,0,2329.54,0,True,17875.65
APP-004138,62,46-60,male,arab_expat,salaried,166,12922.37,1032.9,6047.72,26219.13,12,2,0,2896.58,0,True,20000.0
APP-004139,26,26-35,female,emirati,salaried,18,9038.6,2396.67,4303.76,71072.51,8,5,2,12778.92,1,True,20000.0
APP-004140,62,46-60,female,south_asian,salaried,185,5794.76,872.29,3526.29,15358.42,1,0,0,2998.71,0,True,17384.28
APP-004141,33,26-35,female,south_asian,self_employed,71,7129.68,1097.03,3771.99,25272.39,11,4,0,8811.07,0,True,20000.0
APP-004142,25,18-25,male,southeast_asian,salaried,26,3125.49,483.5,1855.38,18694.94,46,4,0,2671.13,0,True,9376.47
APP-004143,27,26-35,male,south_asian,salaried,18,5566.43,607.94,4110.85,15644.73,11,0,0,8531.03,0,True,16699.29
APP-004144,32,26-35,male,south_asian,salaried,78,3000.0,332.47,2138.01,11742.11,22,4,0,4737.61,0,True,9000.0
APP-004145,53,46-60,male,south_asian,salaried,145,23682.95,2974.91,11709.3,108600.41,10,3,0,4909.72,0,True,20000.0
APP-004146,52,46-60,male,emirati,self_employed,173,4127.95,280.82,1289.92,5666.0,15,3,0,1527.02,0,True,12383.849999999999
APP-004147,55,46-60,male,south_asian,salaried,153,5733.31,583.14,3056.86,22440.77,19,5,0,10854.54,0,True,17199.93
APP-004148,20,18-25,female,south_asian,salaried,0,18012.56,6773.93,10180.24,190744.83,17,4,0,8007.94,0,True,20000.0
APP-004149,34,26-35,female,south_asian,self_employed,71,14029.05,1111.85,4943.21,29849.62,27,3,0,13350.36,0,True,20000.0
APP-004150,35,26-35,male,southeast_asian,salaried,68,4336.86,743.64,3223.18,19311.13,9,0,0,11987.67,0,True,13010.579999999998
APP-004151,55,46-60,female,emirati,freelancer,161,34826.26,2867.29,26664.94,34029.42,42,2,0,7263.81,0,True,20000.0
APP-004152,32,26-35,male,south_asian,salaried,59,3000.0,751.8,2244.53,18183.17,19,2,0,566.19,0,True,9000.0
APP-004153,30,26-35,male,southeast_asian,salaried,46,6713.54,1350.88,3184.23,27058.58,40,1,0,16707.25,0,True,20000.0
APP-004154,47,46-60,male,south_asian,freelancer,121,21985.42,1800.27,7431.21,18805.01,6,3,0,10245.48,0,True,20000.0
APP-004155,26,26-35,male,other,salaried,18,11279.83,808.07,6868.03,10501.29,21,3,0,1482.94,0,True,20000.0
APP-004156,57,46-60,male,southeast_asian,unemployed,0,3000.0,483.25,1224.58,6778.47,13,5,3,1750.48,1,True,9000.0
APP-004157,52,46-60,male,south_asian,salaried,143,3000.0,695.79,2334.32,20441.32,30,2,0,2879.92,0,True,9000.0
APP-004158,48,46-60,female,arab_expat,salaried,142,10606.98,1504.94,6310.66,27477.21,20,3,0,9924.94,0,True,20000.0
APP-004159,52,46-60,male,south_asian,salaried,150,9425.09,3843.19,5959.93,112058.89,41,3,0,5694.18,0,True,20000.0
APP-004160,28,26-35,female,other,salaried,19,6807.63,584.82,2946.61,19671.43,47,1,0,14975.0,0,True,20000.0
APP-004161,47,46-60,male,south_asian,salaried,127,3000.0,190.25,2150.32,7304.32,7,4,0,8907.21,0,True,9000.0
APP-004162,28,26-35,female,south_asian,self_employed,20,5656.18,1662.69,2803.35,42591.23,8,0,1,2763.77,0,True,16968.54
APP-004163,29,26-35,male,south_asian,salaried,21,7299.68,2271.39,2294.42,81176.88,42,3,0,14337.96,0,True,20000.0
APP-004164,61,46-60,male,south_asian,salaried,199,18862.73,5708.15,10366.37,131147.76,45,3,0,2642.48,0,True,20000.0
APP-004165,24,18-25,male,south_asian,freelancer,0,7474.97,1257.36,5953.86,19976.24,30,3,0,4231.91,0,True,20000.0
APP-004166,39,36-45,male,south_asian,salaried,79,16783.58,1140.82,6629.31,19203.83,21,1,0,16160.42,0,True,20000.0
APP-004167,63,46-60,male,south_asian,freelancer,201,20250.09,643.9,7136.63,10381.79,37,2,0,9005.69,0,True,20000.0
APP-004168,55,46-60,female,south_asian,freelancer,181,11512.4,642.22,5301.16,7409.86,7,5,0,14392.19,0,True,20000.0
APP-004169,47,46-60,female,south_asian,salaried,105,6124.55,474.56,2411.19,8743.79,26,1,0,12040.0,0,True,18373.65
APP-004170,20,18-25,female,southeast_asian,freelancer,0,4440.27,298.56,3371.22,7775.5,36,2,0,11881.13,0,True,13320.810000000001
APP-004171,62,46-60,female,south_asian,salaried,181,13602.28,962.47,8605.64,35884.66,33,2,0,18490.38,0,True,20000.0
APP-004172,52,46-60,male,arab_expat,salaried,139,4477.86,887.38,1811.18,9448.86,43,0,3,1154.65,1,True,13433.579999999998
APP-004173,61,46-60,female,arab_expat,salaried,183,21563.53,2762.29,16505.59,86112.02,6,4,0,16763.96,0,True,20000.0
APP-004174,37,36-45,male,emirati,salaried,45,10405.83,4521.12,8036.94,73315.07,22,3,0,11846.91,0,True,20000.0
APP-004175,40,36-45,female,western,self_employed,104,13580.26,509.64,7815.22,15343.45,46,4,0,3619.26,0,True,20000.0
APP-004176,18,18-25,male,south_asian,unemployed,0,3409.074584626689,710.6,2119.57,21268.2,32,1,3,5094.51,1,True,10227.223753880067
APP-004177,28,26-35,male,emirati,freelancer,35,28245.12,8663.78,20947.69,255672.75,20,3,0,16954.03,0,True,20000.0
APP-004178,38,36-45,male,arab_expat,salaried,92,3231.16,118.09,2061.4,4277.13,15,3,0,2009.3,0,True,9693.48
APP-004179,38,36-45,male,south_asian,salaried,78,6749.47,2158.99,2355.19,34474.84,0,3,0,14850.31,0,True,20000.0
APP-004180,47,46-60,male,southeast_asian,salaried,118,4084.19,359.99,2495.46,4222.5,20,5,0,6714.47,0,True,12252.57
APP-004181,65,46-60,female,south_asian,self_employed,198,4657.1,730.09,2243.41,20659.49,30,1,0,7156.41,0,True,13971.300000000001
APP-004182,31,26-35,female,emirati,freelancer,23,18995.58,4683.02,9524.17,182973.03,35,3,0,3015.2,0,True,20000.0
APP-004183,25,18-25,male,southeast_asian,self_employed,38,7197.95,1482.86,4089.21,53974.85,16,1,0,10240.5,0,True,20000.0
APP-004184,29,26-35,male,south_asian,self_employed,48,3000.0,185.77,2037.42,2907.77,28,0,0,730.7,0,False,9000.0
APP-004185,62,46-60,male,emirati,salaried,191,22425.83,3459.96,17932.47,94514.4,40,0,0,4140.03,0,True,20000.0
APP-004186,18,18-25,male,south_asian,self_employed,0,12114.43,344.76,7507.54,4972.36,9,1,0,4504.52,0,True,20000.0
APP-004187,18,18-25,female,emirati,salaried,0,20553.82,1501.72,7390.61,29871.94,22,5,0,18988.3,0,True,20000.0
APP-004188,20,18-25,male,south_asian,salaried,0,9722.91,1221.31,3209.11,39953.71,23,2,0,5866.1,0,True,20000.0
APP-004189,38,36-45,male,arab_expat,freelancer,75,4182.43,589.21,2262.42,6993.65,21,4,0,11451.71,0,True,12547.29
APP-004190,53,46-60,male,other,salaried,137,9579.97,971.64,7482.93,25662.8,34,0,0,6836.9,0,True,20000.0
APP-004191,33,26-35,male,other,salaried,60,4393.93,273.59,2879.32,3434.5,40,0,0,4269.86,0,True,13181.79
APP-004192,35,26-35,female,south_asian,salaried,64,3000.0,812.51,1462.2,21522.04,8,5,2,7321.65,1,True,9000.0
APP-004193,62,46-60,female,arab_expat,salaried,183,3000.0,723.93,2261.07,11150.93,15,0,3,7783.74,1,True,9000.0
APP-004194,43,36-45,male,south_asian,salaried,83,14974.89,1066.71,6706.84,27166.58,9,2,0,13925.01,0,True,20000.0
APP-004195,47,46-60,male,south_asian,salaried,105,14652.81,3668.54,5112.38,136214.66,3,2,0,1617.8,0,True,20000.0
APP-004196,53,46-60,male,south_asian,self_employed,144,5187.37,1760.87,3582.79,63380.76,5,4,0,3233.03,0,True,15562.11
APP-004197,43,36-45,female,south_asian,salaried,119,5536.02,1079.24,1708.32,39505.96,35,2,3,9053.37,1,True,16608.06
APP-004198,26,26-35,male,emirati,salaried,16,7069.73,160.12,4066.16,4066.5,46,1,0,12782.86,0,True,20000.0
APP-004199,40,36-45,male,south_asian,self_employed,79,23451.73,2870.13,11192.49,99846.81,15,1,0,14077.69,0,True,20000.0
APP-004200,43,36-45,male,western,salaried,104,36442.17,7116.89,17115.12,246463.71,25,1,0,9929.8,0,True,20000.0
APP-004201,50,46-60,male,southeast_asian,unemployed,0,4771.658305801851,1059.02,3615.02,20946.42,42,5,0,1711.16,0,True,14314.974917405554
APP-004202,65,46-60,female,south_asian,self_employed,215,6053.52,2118.11,4635.28,67026.99,38,4,2,10110.55,1,True,18160.56
APP-004203,32,26-35,male,south_asian,salaried,57,4041.69,1105.95,1477.7,36939.43,21,1,1,6904.3,0,True,12125.07
APP-004204,41,36-45,male,south_asian,salaried,100,4721.9,390.14,2452.77,8310.06,16,3,0,2306.08,0,True,14165.699999999999
APP-004205,49,46-60,male,western,salaried,135,28795.86,7308.23,10855.49,280244.07,29,5,0,12181.4,0,True,20000.0
APP-004206,44,36-45,male,southeast_asian,salaried,91,8408.94,804.02,4456.08,24903.42,17,1,0,7480.99,0,True,20000.0
APP-004207,23,18-25,male,other,salaried,0,7777.31,2319.43,4563.9,69708.23,36,1,0,2295.82,0,True,20000.0
APP-004208,19,18-25,male,arab_expat,self_employed,2,8396.13,1230.2,3098.07,46358.38,11,2,3,19686.24,1,True,20000.0
APP-004209,54,46-60,male,western,salaried,155,11564.78,1483.07,5984.98,26327.35,27,0,0,3743.01,0,True,20000.0
APP-004210,32,26-35,female,arab_expat,salaried,34,10335.5,2192.84,7091.78,38690.62,15,2,0,10775.08,0,True,20000.0
APP-004211,49,46-60,male,south_asian,freelancer,132,14298.3,5400.05,9313.5,196062.06,12,5,3,6242.44,1,True,20000.0
APP-004212,49,46-60,male,southeast_asian,salaried,121,9181.98,928.43,2755.16,28777.84,21,5,0,15334.42,0,True,20000.0
APP-004213,55,46-60,female,emirati,self_employed,150,8805.74,656.2,4785.75,22651.27,41,2,0,10058.71,0,True,20000.0
APP-004214,42,36-45,male,western,salaried,111,10250.99,1681.12,8107.49,32275.25,34,1,1,13610.83,0,True,20000.0
APP-004215,55,46-60,female,other,salaried,150,16835.92,4582.22,9365.89,63325.25,0,4,0,19483.54,0,True,20000.0
APP-004216,55,46-60,female,southeast_asian,freelancer,156,4928.55,855.55,3415.62,10042.05,15,1,0,11745.07,0,True,14785.650000000001
APP-004217,33,26-35,female,arab_expat,salaried,66,7663.82,763.39,4709.79,9072.36,33,4,2,7630.45,0,True,20000.0
APP-004218,54,46-60,female,south_asian,salaried,153,23984.07,4927.13,15875.09,65279.93,23,3,0,6314.7,0,True,20000.0
APP-004219,34,26-35,male,southeast_asian,salaried,72,5349.17,751.45,4181.58,11853.73,5,2,0,9892.46,0,True,16047.51
APP-004220,31,26-35,male,south_asian,salaried,45,6450.04,1299.43,3327.22,25572.02,18,4,0,6360.67,0,True,19350.12
APP-004221,23,18-25,male,south_asian,salaried,4,5056.27,979.7,1691.89,38874.9,13,3,0,7757.9,0,True,15168.810000000001
APP-004222,62,46-60,female,emirati,salaried,207,19725.67,2978.62,13176.68,105895.87,44,0,0,3906.37,0,True,20000.0
APP-004223,53,46-60,female,western,self_employed,146,27719.69,5019.18,21686.74,60169.27,23,4,0,4933.03,0,True,20000.0
APP-004224,46,46-60,male,south_asian,freelancer,127,7409.6,915.17,3612.18,9640.91,1,3,0,13766.89,0,True,20000.0
APP-004225,43,36-45,male,south_asian,salaried,89,14956.68,218.43,6093.66,8633.13,30,2,1,15476.88,0,True,20000.0
APP-004226,45,36-45,male,arab_expat,salaried,114,4049.09,289.41,2165.01,5486.33,25,4,0,11879.11,0,True,12147.27
APP-004227,52,46-60,female,south_asian,salaried,135,13975.48,897.25,10466.21,32072.3,44,0,0,3145.33,0,True,20000.0
APP-004228,55,46-60,male,south_asian,salaried,156,5614.8,1451.47,3331.38,54522.19,33,0,0,889.6,0,True,16844.4
APP-004229,29,26-35,female,south_asian,self_employed,55,4070.55,1232.77,1612.19,15780.52,24,4,0,8543.15,0,True,12211.650000000001
APP-004230,65,46-60,male,south_asian,salaried,202,5015.34,572.48,3607.46,20481.01,6,1,0,14570.55,0,True,15046.02
APP-004231,21,18-25,female,other,salaried,12,8726.41,2418.18,6004.89,43557.01,26,4,0,9314.96,0,True,20000.0
APP-004232,41,36-45,female,south_asian,salaried,67,5210.84,259.73,2979.85,8098.28,22,3,0,2550.18,0,True,15632.52
APP-004233,23,18-25,male,western,salaried,22,13290.06,4586.22,6910.51,108111.9,10,5,0,6044.87,0,True,20000.0
APP-004234,48,46-60,female,south_asian,salaried,113,13738.48,1912.34,7783.25,45904.28,23,0,3,5828.11,0,True,20000.0
APP-004235,35,26-35,male,south_asian,salaried,59,5103.83,835.7,2339.79,20697.34,14,1,0,5822.22,0,True,15311.49
APP-004236,30,26-35,female,south_asian,freelancer,52,3000.0,137.06,1678.28,4145.49,38,5,0,4689.92,0,True,9000.0
APP-004237,53,46-60,male,south_asian,salaried,134,33942.02,5255.22,10800.95,175539.77,27,0,0,10882.15,0,True,20000.0
APP-004238,65,46-60,female,other,salaried,236,17773.1,874.67,5942.22,20520.76,8,1,0,8573.85,0,True,20000.0
APP-004239,38,36-45,male,south_asian,salaried,77,22771.31,8638.89,9841.72,132854.35,32,3,0,18510.43,0,True,20000.0
APP-004240,38,36-45,male,western,salaried,65,8166.06,1061.26,5029.59,33851.4,28,1,0,5079.12,0,True,20000.0
APP-004241,45,36-45,male,south_asian,salaried,86,5058.63,493.77,3029.23,16754.35,20,3,0,3722.05,0,True,15175.89
APP-004242,26,26-35,female,arab_expat,salaried,26,4265.81,172.83,2313.05,3642.29,22,5,0,11811.26,0,True,12797.43
APP-004243,48,46-60,female,south_asian,salaried,137,31597.63,6427.15,21196.16,186625.61,6,2,0,15405.92,0,True,20000.0
APP-004244,54,46-60,male,south_asian,freelancer,147,6594.44,189.24,3253.18,6718.22,20,0,0,11527.24,0,True,19783.32
APP-004245,51,46-60,female,arab_expat,salaried,124,4748.97,738.71,3574.7,12295.33,29,0,2,3534.43,0,True,14246.91
APP-004246,42,36-45,female,southeast_asian,salaried,99,12462.19,2882.13,9560.9,90535.72,0,3,0,19062.31,0,True,20000.0
APP-004247,34,26-35,male,south_asian,salaried,57,4614.27,1575.83,2547.55,37557.68,18,3,0,7703.58,0,True,13842.810000000001
APP-004248,25,18-25,male,southeast_asian,salaried,2,7323.1,1522.15,4714.39,43802.16,19,0,0,2721.2,0,True,20000.0
APP-004249,31,26-35,male,south_asian,salaried,52,7735.9,2583.98,3711.45,68730.27,37,4,0,1897.49,0,True,20000.0
APP-004250,49,46-60,female,south_asian,salaried,111,14804.77,3120.46,7081.52,119277.11,45,4,0,6886.41,0,True,20000.0
APP-004251,38,36-45,male,emirati,freelancer,85,14818.68,4681.74,7445.88,158847.34,16,1,0,4753.32,0,True,20000.0
APP-004252,38,36-45,male,emirati,salaried,88,10889.27,5230.66,7761.03,155785.83,41,4,0,5152.71,0,True,20000.0
APP-004253,52,46-60,male,south_asian,salaried,159,6875.95,652.13,3301.77,17442.75,27,2,0,9082.67,0,True,20000.0
APP-004254,23,18-25,male,other,freelancer,0,11545.55,3542.16,4059.05,133193.92,45,4,0,6470.62,0,True,20000.0
APP-004255,57,46-60,male,south_asian,salaried,173,71625.57,12202.59,25257.51,315678.99,20,2,0,4524.57,0,True,20000.0
APP-004256,48,46-60,male,southeast_asian,salaried,132,15290.08,728.68,4688.01,26811.0,43,0,0,4728.37,0,True,20000.0
APP-004257,35,26-35,male,south_asian,salaried,78,3000.0,142.62,2236.15,3647.83,20,3,0,2567.79,0,True,9000.0
APP-004258,65,46-60,male,south_asian,salaried,201,9662.8,1406.83,7528.92,19513.89,10,5,0,8654.43,0,True,20000.0
APP-004259,32,26-35,male,other,salaried,57,17961.42,2120.75,11021.93,83046.66,32,2,0,14204.69,0,True,20000.0
APP-004260,60,46-60,female,south_asian,salaried,198,8210.01,170.15,6537.62,6174.54,17,5,0,12755.17,0,True,20000.0
APP-004261,28,26-35,male,southeast_asian,salaried,11,11393.31,1833.72,8007.98,41397.78,0,0,0,6661.34,0,True,20000.0
APP-004262,34,26-35,female,arab_expat,freelancer,82,15905.87,460.75,5485.19,13100.17,7,4,0,18568.42,0,True,20000.0
APP-004263,27,26-35,female,emirati,salaried,39,10345.37,3900.32,5219.48,81205.34,25,0,0,7256.19,0,True,20000.0
APP-004264,51,46-60,male,south_asian,salaried,119,7106.15,1414.26,3090.64,43321.14,34,3,0,18936.88,0,True,20000.0
APP-004265,47,46-60,female,emirati,self_employed,113,9980.45,1618.69,7983.78,52257.57,36,4,0,9848.54,0,True,20000.0
APP-004266,37,36-45,male,western,salaried,96,18838.57,905.12,10237.03,32280.37,28,4,0,1685.88,0,True,20000.0
APP-004267,41,36-45,female,south_asian,salaried,78,6615.46,1533.18,2852.49,42021.81,47,2,0,13273.71,0,True,19846.38
APP-004268,65,46-60,female,southeast_asian,freelancer,210,15813.66,6587.02,11376.62,99315.71,36,1,0,17487.29,0,True,20000.0
APP-004269,54,46-60,female,emirati,salaried,147,9564.3,2211.8,4497.67,80204.98,4,0,0,8550.75,0,True,20000.0
APP-004270,55,46-60,male,south_asian,salaried,177,5826.25,1195.77,2132.72,20965.44,7,2,0,16495.93,0,True,17478.75
APP-004271,58,46-60,male,south_asian,self_employed,185,6713.27,407.28,2372.75,9744.86,16,3,3,16982.28,1,True,20000.0
APP-004272,29,26-35,female,south_asian,salaried,46,7377.22,594.57,5734.81,15419.03,21,5,0,1322.07,0,True,20000.0
APP-004273,46,46-60,male,arab_expat,salaried,113,4665.39,1375.07,3438.72,18265.07,42,0,0,3019.82,0,True,13996.170000000002
APP-004274,36,36-45,female,arab_expat,salaried,71,4653.66,426.01,2197.52,10698.48,13,0,0,11452.46,0,True,13960.98
APP-004275,64,46-60,female,south_asian,salaried,186,9156.43,2614.91,6446.57,43833.81,42,2,0,11475.83,0,True,20000.0
APP-004276,46,46-60,male,emirati,self_employed,93,9120.71,2306.39,2975.14,57528.15,43,5,0,2413.97,0,True,20000.0
APP-004277,22,18-25,male,arab_expat,salaried,0,11495.71,2700.38,6916.31,87035.39,11,3,0,1382.19,0,True,20000.0
APP-004278,46,46-60,male,arab_expat,self_employed,108,15063.78,2738.68,11995.16,76683.94,36,1,3,7745.34,1,True,20000.0
APP-004279,62,46-60,male,arab_expat,salaried,200,18047.14,2087.65,13825.32,59234.93,36,3,0,2126.67,0,True,20000.0
APP-004280,63,46-60,female,south_asian,self_employed,201,20786.39,4573.58,16414.24,157486.57,41,5,3,14162.42,0,True,20000.0
APP-004281,59,46-60,female,south_asian,freelancer,191,4252.57,801.62,2097.3,17118.76,10,5,1,12062.96,1,True,12757.71
APP-004282,23,18-25,male,south_asian,salaried,0,7926.99,2658.66,5319.54,91358.29,36,2,3,18777.64,1,True,20000.0
APP-004283,19,18-25,male,emirati,salaried,0,11900.6,1758.81,6250.89,28574.45,26,2,0,15621.69,0,True,20000.0
APP-004284,26,26-35,male,southeast_asian,self_employed,18,6676.65,667.1,3531.12,25017.5,3,3,0,13024.24,0,True,20000.0
APP-004285,29,26-35,male,south_asian,salaried,39,13682.56,306.43,5527.37,6506.09,36,1,0,19789.09,0,True,20000.0
APP-004286,39,36-45,male,western,freelancer,83,16228.52,1607.34,8214.66,54638.66,37,2,0,8778.6,0,True,20000.0
APP-004287,25,18-25,female,south_asian,salaried,12,6653.73,301.45,2387.38,5683.46,16,5,0,3342.22,0,True,19961.19
APP-004288,50,46-60,male,south_asian,salaried,107,9356.53,1905.13,7075.48,30148.93,24,1,2,14722.33,1,True,20000.0
APP-004289,63,46-60,female,western,salaried,197,31242.02,5799.5,14473.64,69558.48,45,1,0,13862.2,0,True,20000.0
APP-004290,39,36-45,male,south_asian,unemployed,0,3000.0,365.76,1647.8,9113.12,37,3,0,5066.92,1,True,9000.0
APP-004291,55,46-60,male,emirati,self_employed,152,10735.14,1312.49,7465.35,48418.51,10,1,0,1753.67,0,True,20000.0
APP-004292,36,36-45,male,south_asian,freelancer,75,3999.65,805.08,1217.43,9761.49,15,4,0,9350.81,0,True,11998.95
APP-004293,65,46-60,male,south_asian,self_employed,221,4472.4,1191.29,2313.09,45743.88,35,1,0,9571.07,0,True,13417.199999999999
APP-004294,29,26-35,male,south_asian,salaried,22,8818.76,1988.91,3915.75,77642.91,8,5,0,1249.53,0,True,20000.0
APP-004295,30,26-35,male,southeast_asian,salaried,36,10437.47,2753.47,8279.81,78953.7,41,3,2,10797.96,1,True,20000.0
APP-004296,57,46-60,male,south_asian,salaried,153,13442.93,4634.46,10362.23,122005.91,0,3,0,10016.11,0,True,20000.0
APP-004297,43,36-45,female,south_asian,salaried,87,4316.29,823.12,3401.53,24488.53,34,5,1,1491.78,0,True,12948.869999999999
APP-004298,49,46-60,male,south_asian,self_employed,156,3000.0,462.12,1289.55,4737.73,19,2,0,544.2,0,True,9000.0
APP-004299,43,36-45,female,south_asian,self_employed,134,5159.47,1484.69,3798.69,56640.12,21,4,0,9747.18,0,True,15478.41
APP-004300,47,46-60,female,south_asian,salaried,111,22289.58,3084.18,15443.62,85669.25,19,1,0,17275.77,0,True,20000.0
APP-004301,54,46-60,male,south_asian,salaried,157,3638.26,1225.12,2801.97,27377.17,40,3,0,4282.79,0,True,10914.78
APP-004302,45,36-45,female,western,salaried,115,4953.01,89.21,2056.69,2143.35,6,5,0,11760.41,0,True,14859.03
APP-004303,36,36-45,female,south_asian,self_employed,61,7598.19,969.69,3984.35,22308.67,37,1,0,9193.86,0,True,20000.0
APP-004304,18,18-25,female,emirati,salaried,0,3700.81,1023.3,2046.72,36015.79,1,0,0,4835.3,0,True,11102.43
APP-004305,43,36-45,male,emirati,salaried,111,9794.56,540.01,7144.06,15151.68,28,4,0,16937.4,0,True,20000.0
APP-004306,40,36-45,female,south_asian,self_employed,53,6941.84,1307.18,2820.08,38119.76,24,0,0,16126.15,0,True,20000.0
APP-004307,51,46-60,male,emirati,salaried,136,8895.82,2492.24,4551.4,27598.41,26,1,3,5664.36,1,True,20000.0
APP-004308,63,46-60,female,south_asian,salaried,205,8181.26,1046.74,4974.12,26909.42,16,2,0,17149.01,0,True,20000.0
APP-004309,34,26-35,male,south_asian,salaried,67,8180.11,3107.84,2812.53,70162.23,35,1,0,17320.57,0,True,20000.0
APP-004310,47,46-60,female,arab_expat,salaried,92,40089.71,7187.52,17333.88,273138.13,45,0,0,12762.62,0,True,20000.0
APP-004311,22,18-25,female,south_asian,salaried,17,8315.08,1073.66,5419.06,21040.18,3,3,0,3471.56,0,True,20000.0
APP-004312,36,36-45,male,south_asian,salaried,63,16632.48,2382.65,6216.6,39537.04,33,2,0,11776.08,0,True,20000.0
APP-004313,18,18-25,male,emirati,salaried,0,4455.98,943.36,1726.76,10620.39,28,4,0,5986.44,0,True,13367.939999999999
APP-004314,38,36-45,male,south_asian,salaried,66,4757.92,1221.33,1975.79,37727.37,9,4,0,12475.7,0,True,14273.76
APP-004315,26,26-35,female,south_asian,salaried,33,12959.52,1954.27,10279.74,37818.22,46,4,0,5175.88,0,True,20000.0
APP-004316,27,26-35,male,south_asian,salaried,21,7287.06,1233.79,5078.33,33348.29,26,0,3,5086.36,1,True,20000.0
APP-004317,41,36-45,male,other,freelancer,96,10803.48,1186.66,6633.01,44394.57,20,2,0,19387.08,0,True,20000.0
APP-004318,41,36-45,female,arab_expat,freelancer,85,13863.8,3042.38,8404.18,81596.88,46,1,0,5311.82,0,True,20000.0
APP-004319,59,46-60,female,south_asian,salaried,178,7676.31,1641.34,5458.87,25742.52,37,5,0,7000.62,0,True,20000.0
APP-004320,29,26-35,male,southeast_asian,salaried,25,7792.44,815.26,3434.95,28973.74,3,2,0,15300.87,0,True,20000.0
APP-004321,38,36-45,female,south_asian,salaried,100,6365.84,2243.01,4519.17,25643.4,19,5,0,10854.21,0,True,19097.52
APP-004322,43,36-45,female,western,unemployed,0,4422.913391605267,632.33,1638.72,19408.06,11,4,2,10061.6,1,True,13268.7401748158
APP-004323,58,46-60,male,emirati,salaried,159,8531.37,881.93,3295.37,23920.79,8,1,0,6215.58,0,True,20000.0
APP-004324,62,46-60,male,emirati,freelancer,200,4901.16,511.89,3610.79,7827.43,30,1,1,5216.37,0,True,14703.48
APP-004325,37,36-45,male,south_asian,salaried,81,8589.76,1219.28,4671.67,40665.95,47,0,0,2969.57,0,True,20000.0
APP-004326,64,46-60,male,arab_expat,salaried,195,16826.3,4509.26,13270.44,59866.19,12,2,0,8996.84,0,True,20000.0
APP-004327,48,46-60,male,southeast_asian,salaried,117,5969.5,1805.4,2157.91,60271.63,27,4,0,14605.65,0,True,17908.5
APP-004328,27,26-35,male,south_asian,self_employed,24,8270.2,2270.82,4830.03,31042.61,40,3,2,2252.89,0,True,20000.0
APP-004329,21,18-25,male,arab_expat,self_employed,1,9161.89,1870.45,3266.78,66325.06,3,2,0,7908.98,0,True,20000.0
APP-004330,63,46-60,male,south_asian,self_employed,207,8765.31,1585.5,6465.67,40311.2,41,0,0,973.3,0,True,20000.0
APP-004331,27,26-35,female,south_asian,self_employed,19,9435.11,1349.82,6571.27,14436.17,33,4,0,12600.81,0,True,20000.0
APP-004332,31,26-35,male,emirati,salaried,55,8899.3,1482.71,2916.03,39632.24,19,1,0,19165.77,0,True,20000.0
APP-004333,39,36-45,male,western,unemployed,0,3000.0,630.4,1041.69,10922.92,22,4,0,1865.56,0,True,9000.0
APP-004334,38,36-45,female,arab_expat,salaried,84,14476.16,3046.35,9914.47,67156.25,40,3,0,2532.63,0,True,20000.0
APP-004335,62,46-60,male,south_asian,salaried,193,9709.97,1381.2,4809.24,15206.1,24,0,0,19772.02,0,True,20000.0
APP-004336,41,36-45,female,south_asian,self_employed,100,14080.4,4235.25,7981.74,109003.82,30,5,0,9721.72,0,True,20000.0
APP-004337,51,46-60,male,western,salaried,143,12526.03,3755.62,9208.67,39431.81,47,4,3,9406.31,1,True,20000.0
APP-004338,59,46-60,female,south_asian,salaried,172,9528.05,599.91,5567.29,19908.55,25,0,0,5508.52,0,True,20000.0
APP-004339,64,46-60,female,other,self_employed,188,13944.83,3618.75,9411.28,99177.07,39,3,0,17118.95,0,True,20000.0
APP-004340,29,26-35,male,south_asian,salaried,18,6874.76,2091.1,3081.8,54184.76,35,0,3,7905.18,1,True,20000.0
APP-004341,42,36-45,female,south_asian,salaried,120,7379.38,508.11,3354.72,19407.15,16,5,0,2106.54,0,True,20000.0
APP-004342,60,46-60,male,arab_expat,salaried,174,13718.34,3293.42,8392.6,81656.7,33,2,0,7322.78,0,True,20000.0
APP-004343,59,46-60,male,southeast_asian,salaried,180,9384.67,848.03,4281.59,33433.11,25,1,0,2591.41,0,True,20000.0
APP-004344,41,36-45,female,south_asian,self_employed,99,7075.39,2873.95,2660.64,43644.51,20,1,0,5139.29,0,True,20000.0
APP-004345,50,46-60,male,south_asian,salaried,136,9486.35,963.16,4293.57,24689.32,41,4,0,3950.92,0,True,20000.0
APP-004346,53,46-60,male,other,salaried,153,6465.47,1103.62,4751.35,38544.76,23,5,0,4988.99,0,True,19396.41
APP-004347,52,46-60,male,south_asian,salaried,145,6713.31,792.75,4873.81,22752.44,43,5,0,9766.43,0,True,20000.0
APP-004348,35,26-35,male,western,salaried,38,18893.11,4322.03,14900.49,171511.39,35,3,0,18844.99,0,True,20000.0
APP-004349,35,26-35,male,western,salaried,79,6783.98,825.72,3743.02,32308.02,4,3,3,9588.14,1,True,20000.0
APP-004350,41,36-45,female,south_asian,salaried,88,5533.03,649.45,2911.15,13212.11,2,2,0,15349.73,0,True,16599.09
APP-004351,53,46-60,male,emirati,salaried,152,10413.66,1650.22,5957.84,56897.7,28,0,0,3987.75,0,True,20000.0
APP-004352,20,18-25,male,south_asian,salaried,0,14139.8,1342.56,6144.23,19266.88,12,5,0,17234.52,0,True,20000.0
APP-004353,48,46-60,male,south_asian,salaried,131,17887.57,3585.65,13837.94,127312.88,4,5,0,11351.72,0,True,20000.0
APP-004354,38,36-45,male,other,salaried,57,10205.31,249.32,5936.32,3012.09,4,3,0,7484.5,0,True,20000.0
APP-004355,24,18-25,male,south_asian,self_employed,0,5810.99,1337.67,4128.2,47652.75,17,3,0,3110.72,0,True,17432.97
APP-004356,52,46-60,male,south_asian,salaried,148,8024.74,377.94,5459.81,9963.23,39,5,0,12358.69,0,True,20000.0
APP-004357,36,36-45,male,emirati,salaried,71,7730.47,3164.3,4647.68,106439.43,11,5,1,12903.39,0,True,20000.0
APP-004358,49,46-60,male,southeast_asian,salaried,128,20244.35,2911.53,8551.66,81228.15,5,4,0,4465.28,0,True,20000.0
APP-004359,63,46-60,male,south_asian,salaried,193,13574.98,673.71,9669.07,13349.53,14,0,0,11991.0,0,True,20000.0
APP-004360,35,26-35,male,emirati,freelancer,60,5290.42,243.17,2917.19,3692.61,26,5,0,12149.42,0,True,15871.26
APP-004361,19,18-25,male,southeast_asian,self_employed,20,16411.93,1285.15,12452.8,35523.32,39,4,0,4163.08,0,True,20000.0
APP-004362,18,18-25,female,south_asian,salaried,5,11439.64,2954.14,5387.73,74927.35,16,3,1,16738.81,1,True,20000.0
APP-004363,30,26-35,female,south_asian,salaried,49,15200.44,2391.05,9299.4,28830.24,3,3,0,14777.33,0,True,20000.0
APP-004364,31,26-35,male,south_asian,salaried,29,5756.25,1031.19,2178.41,33019.59,42,5,0,6253.42,0,True,17268.75
APP-004365,60,46-60,male,south_asian,freelancer,169,3790.48,128.62,2689.98,4859.75,6,3,1,1973.97,0,True,11371.44
APP-004366,36,36-45,male,south_asian,salaried,60,6727.85,670.12,4224.25,19265.46,31,0,0,9542.34,0,True,20000.0
APP-004367,38,36-45,male,southeast_asian,salaried,78,4845.6,883.62,2657.8,32651.84,38,5,0,6640.69,0,True,14536.800000000001
APP-004368,51,46-60,male,emirati,salaried,151,8759.96,781.79,3748.84,13006.12,44,5,0,7922.12,0,True,20000.0
APP-004369,22,18-25,male,southeast_asian,self_employed,0,8799.65,941.36,4186.0,31285.37,29,4,0,12247.39,0,True,20000.0
APP-004370,21,18-25,male,emirati,salaried,0,4868.1,855.37,2692.05,20831.62,42,4,0,13598.53,0,True,14604.300000000001
APP-004371,53,46-60,female,south_asian,salaried,146,16011.89,6193.19,10841.28,139789.13,11,3,0,2533.05,0,True,20000.0
APP-004372,21,18-25,male,south_asian,self_employed,0,3000.0,316.12,1942.68,11121.89,3,5,0,2461.84,0,True,9000.0
APP-004373,40,36-45,female,emirati,salaried,83,21652.06,3010.87,8055.77,67042.47,12,2,1,15263.5,0,True,20000.0
APP-004374,24,18-25,female,south_asian,salaried,2,4045.79,768.25,2076.06,24600.03,35,0,0,9359.34,0,True,12137.369999999999
APP-004375,56,46-60,female,south_asian,salaried,150,4926.51,80.23,3815.06,2480.75,0,1,0,11021.21,0,True,14779.53
APP-004376,53,46-60,male,western,freelancer,134,13211.76,605.65,8869.12,22781.45,20,3,0,13068.11,0,True,20000.0
APP-004377,59,46-60,male,other,self_employed,180,15749.28,1660.73,5563.29,64459.94,41,5,0,2588.88,0,True,20000.0
APP-004378,30,26-35,male,south_asian,salaried,38,4458.55,1527.29,1703.65,30269.49,14,5,0,8467.54,0,True,13375.650000000001
APP-004379,60,46-60,male,other,freelancer,178,12463.18,2458.98,4872.98,45838.84,4,5,0,5543.84,0,True,20000.0
APP-004380,35,26-35,male,south_asian,salaried,40,5216.1,1422.5,3297.82,46822.98,17,3,0,15335.88,0,True,15648.300000000001
APP-004381,33,26-35,female,arab_expat,salaried,36,4653.14,263.89,2982.13,6024.22,44,2,0,1140.09,0,True,13959.420000000002
APP-004382,40,36-45,female,south_asian,freelancer,82,9800.1,1146.91,7764.89,36782.81,15,3,1,7992.32,0,True,20000.0
APP-004383,23,18-25,female,southeast_asian,salaried,2,9530.42,2965.98,3300.4,53219.71,23,4,0,16526.07,0,True,20000.0
APP-004384,20,18-25,male,arab_expat,salaried,6,6336.19,2654.26,2259.72,93548.99,29,0,0,7490.11,0,True,19008.57
APP-004385,45,36-45,male,arab_expat,salaried,104,6684.45,1510.93,4807.56,55370.68,5,5,1,15822.05,1,True,20000.0
APP-004386,48,46-60,male,south_asian,salaried,135,4220.13,1317.18,2019.51,23607.41,33,2,3,1352.13,1,True,12660.39
APP-004387,57,46-60,male,arab_expat,salaried,166,4926.64,426.11,1849.06,10859.52,27,0,0,7190.75,0,True,14779.920000000002
APP-004388,22,18-25,female,other,salaried,0,6333.44,1190.29,4236.07,13495.53,26,5,0,16872.26,0,True,19000.32
APP-004389,52,46-60,male,south_asian,salaried,152,6287.97,1740.11,4137.7,49089.88,20,5,0,10914.28,0,True,18863.91
APP-004390,48,46-60,male,southeast_asian,freelancer,124,5354.26,1491.04,4239.39,43996.29,28,5,3,9703.69,1,True,16062.78
APP-004391,34,26-35,male,south_asian,salaried,59,5521.77,142.49,3980.5,3730.64,19,5,0,13968.88,0,True,16565.31
APP-004392,58,46-60,male,south_asian,salaried,165,5356.21,551.93,2174.33,19889.15,2,5,0,14529.54,0,True,16068.630000000001
APP-004393,64,46-60,male,south_asian,salaried,211,6426.97,1163.19,2618.54,42065.54,5,3,0,10561.64,0,True,19280.91
APP-004394,41,36-45,male,south_asian,self_employed,89,3237.43,174.34,1878.22,2021.09,2,2,0,2679.0,0,False,9712.289999999999
APP-004395,35,26-35,male,south_asian,salaried,57,9161.51,2414.46,4275.0,30723.49,41,0,3,14290.69,1,True,20000.0
APP-004396,28,26-35,male,south_asian,salaried,2,6233.57,651.45,4485.16,18005.42,18,0,0,13826.46,0,True,18700.71
APP-004397,50,46-60,female,south_asian,self_employed,118,11498.95,4377.2,6316.53,67406.1,20,5,0,9736.3,0,True,20000.0
APP-004398,63,46-60,male,western,salaried,188,27655.68,5625.78,13237.06,131859.34,10,4,0,17167.76,0,True,20000.0
APP-004399,40,36-45,female,south_asian,salaried,92,4829.89,1055.29,2559.71,21375.2,10,1,0,9791.86,0,True,14489.670000000002
APP-004400,43,36-45,male,south_asian,salaried,126,3903.06,676.75,2286.08,23983.54,37,2,0,10466.81,0,True,11709.18
APP-004401,52,46-60,male,arab_expat,freelancer,146,10003.14,2598.62,6169.93,84733.27,44,2,2,16114.34,1,True,20000.0
APP-004402,53,46-60,male,south_asian,salaried,159,17450.34,1602.42,9850.51,22020.74,31,0,0,6683.29,0,True,20000.0
APP-004403,52,46-60,male,arab_expat,salaried,167,6861.79,1179.68,4323.74,16431.74,43,1,3,604.9,0,True,20000.0
APP-004404,20,18-25,male,southeast_asian,unemployed,0,3000.0,166.26,1010.54,4288.25,21,5,3,7318.21,1,True,9000.0
APP-004405,61,46-60,female,arab_expat,salaried,187,12536.08,2052.42,4309.37,45170.85,10,2,0,6626.55,0,True,20000.0
APP-004406,37,36-45,female,emirati,self_employed,62,5016.77,1116.72,3762.68,43222.7,24,1,2,10284.23,0,True,15050.310000000001
APP-004407,60,46-60,female,arab_expat,salaried,204,3221.83,676.67,1113.84,20629.1,43,5,0,5953.22,0,True,9665.49
APP-004408,56,46-60,male,southeast_asian,freelancer,161,11098.1,3026.25,4773.69,94131.95,18,3,0,18548.61,0,True,20000.0
APP-004409,58,46-60,female,southeast_asian,salaried,154,26300.57,8487.85,9012.81,289319.43,12,1,0,11854.68,0,True,20000.0
APP-004410,55,46-60,male,western,salaried,153,19553.02,3681.76,12218.37,49704.09,44,4,3,14578.96,0,True,20000.0
APP-004411,46,46-60,male,south_asian,salaried,117,11003.65,2600.89,5314.85,53556.45,30,2,0,13844.71,0,True,20000.0
APP-004412,58,46-60,male,south_asian,salaried,165,10750.06,1710.74,8278.51,46720.58,45,2,0,14043.28,0,True,20000.0
APP-004413,58,46-60,female,emirati,salaried,163,14319.54,2250.13,11285.74,80837.69,1,3,0,5868.3,0,True,20000.0
APP-004414,24,18-25,female,south_asian,salaried,10,5965.77,1695.38,2443.31,33590.37,20,5,0,8981.58,0,True,17897.31
APP-004415,51,46-60,female,south_asian,salaried,148,12961.77,2659.91,8814.64,30047.1,33,4,0,9008.14,0,True,20000.0
APP-004416,19,18-25,male,arab_expat,salaried,0,15609.2,1083.38,11735.11,12974.7,2,2,0,2652.72,0,True,20000.0
APP-004417,46,46-60,male,south_asian,freelancer,103,10302.92,1151.28,5420.19,24729.53,18,0,0,2162.44,0,True,20000.0
APP-004418,57,46-60,female,south_asian,salaried,152,6683.91,1074.56,4097.06,35905.81,42,0,0,15630.74,0,True,20000.0
APP-004419,43,36-45,female,south_asian,salaried,76,3000.0,273.37,1701.0,4827.59,37,0,0,7625.19,0,True,9000.0
APP-004420,20,18-25,male,arab_expat,salaried,12,4496.55,150.73,2016.1,4986.85,30,1,0,6767.61,0,True,13489.650000000001
APP-004421,32,26-35,male,western,self_employed,49,19619.21,2771.39,11612.68,85324.91,5,3,0,18127.69,0,True,20000.0
APP-004422,34,26-35,male,western,unemployed,0,3000.0,250.86,1286.62,4587.92,8,2,2,2542.8,1,True,9000.0
APP-004423,37,36-45,male,arab_expat,salaried,85,3000.0,60.8,2221.11,1014.68,33,0,0,8339.64,0,True,9000.0
APP-004424,46,46-60,male,emirati,salaried,132,7049.9,1147.12,4610.18,33391.25,18,1,0,18884.11,0,True,20000.0
APP-004425,19,18-25,female,western,salaried,13,8973.45,1718.67,5706.67,24720.07,20,5,0,6589.24,0,True,20000.0
APP-004426,56,46-60,male,south_asian,self_employed,162,10174.3,2250.21,7023.24,55683.47,13,3,0,5655.99,0,True,20000.0
APP-004427,25,18-25,female,south_asian,salaried,36,6794.12,1763.1,2297.41,37022.2,41,2,0,8800.22,0,True,20000.0
APP-004428,52,46-60,male,other,salaried,162,7506.89,759.88,3132.74,21713.22,9,0,0,17544.79,0,True,20000.0
APP-004429,41,36-45,male,emirati,salaried,94,25186.21,6249.94,9969.12,178286.45,22,5,0,15216.61,0,True,20000.0
APP-004430,49,46-60,male,southeast_asian,unemployed,0,3757.283119920658,762.99,2964.66,9986.42,47,1,0,3103.64,0,True,11271.849359761974
APP-004431,35,26-35,female,south_asian,salaried,62,6167.57,477.74,3117.12,6553.06,29,5,0,1286.35,0,True,18502.71
APP-004432,55,46-60,male,south_asian,freelancer,160,7990.77,996.68,4366.35,36099.46,4,3,0,15704.51,0,True,20000.0
APP-004433,41,36-45,male,arab_expat,salaried,101,11639.38,464.26,5075.22,11772.51,3,5,0,8434.96,0,True,20000.0
APP-004434,27,26-35,male,south_asian,salaried,31,5986.76,1193.8,4046.6,20719.53,21,1,1,1880.16,0,True,17960.28
APP-004435,19,18-25,male,emirati,salaried,10,7687.02,1371.71,2752.76,28816.65,3,5,3,3098.11,1,True,20000.0
APP-004436,45,36-45,female,south_asian,salaried,104,10626.14,542.15,7165.75,15160.6,35,2,0,16241.55,0,True,20000.0
APP-004437,53,46-60,male,emirati,salaried,144,4313.17,501.46,2139.22,11543.67,24,2,0,9977.45,0,True,12939.51
APP-004438,42,36-45,male,arab_expat,salaried,96,7109.94,457.51,3313.72,6833.73,17,0,0,4357.31,0,True,20000.0
APP-004439,37,36-45,male,arab_expat,salaried,85,14897.62,329.67,5727.85,6104.81,20,3,0,16998.52,0,True,20000.0
APP-004440,22,18-25,female,arab_expat,salaried,17,9788.3,2295.38,4601.82,57379.09,23,2,0,4668.88,0,True,20000.0
APP-004441,33,26-35,female,south_asian,salaried,44,3000.0,520.0,1613.59,9819.37,15,0,0,8931.33,0,True,9000.0
APP-004442,46,46-60,male,other,self_employed,123,9668.51,493.28,5541.52,14655.07,11,2,0,18781.63,0,True,20000.0
APP-004443,44,36-45,male,southeast_asian,salaried,99,20457.3,1546.21,9517.83,22545.03,33,4,0,13710.55,0,True,20000.0
APP-004444,19,18-25,male,southeast_asian,self_employed,0,11408.85,1959.0,4150.85,73763.85,34,1,0,4329.97,0,True,20000.0
APP-004445,18,18-25,male,south_asian,salaried,3,4770.31,751.98,3364.51,11119.13,40,0,0,10320.89,0,True,14310.93
APP-004446,31,26-35,male,southeast_asian,salaried,35,6826.55,818.1,2648.74,20625.74,16,1,0,6891.63,0,True,20000.0
APP-004447,18,18-25,female,other,self_employed,7,7172.21,1469.03,4074.38,58158.68,27,4,0,14997.91,0,True,20000.0
APP-004448,49,46-60,male,emirati,salaried,125,5871.34,1323.68,2619.78,18235.39,43,0,0,5985.49,0,True,17614.02
APP-004449,27,26-35,male,south_asian,salaried,24,9662.53,1256.48,5651.96,19402.07,47,1,0,16488.33,0,True,20000.0
APP-004450,35,26-35,male,arab_expat,salaried,65,6018.26,641.51,3680.28,19089.31,25,3,0,9609.4,0,True,18054.78
APP-004451,61,46-60,female,south_asian,salaried,212,4851.52,803.62,1650.94,29096.44,6,4,0,8295.19,0,True,14554.560000000001
APP-004452,51,46-60,male,southeast_asian,salaried,131,6957.35,1813.26,2131.13,58692.03,42,4,0,3147.12,0,True,20000.0
APP-004453,20,18-25,female,south_asian,salaried,0,5460.79,459.51,1948.63,12976.1,16,5,0,10447.47,0,True,16382.369999999999
APP-004454,39,36-45,male,western,salaried,92,8280.64,1565.74,4406.22,25931.74,46,4,0,10130.51,0,True,20000.0
APP-004455,45,36-45,male,emirati,freelancer,116,3079.96,859.56,1567.18,27572.28,0,2,0,4912.26,1,True,9239.880000000001
APP-004456,48,46-60,male,western,unemployed,0,3569.5428097063987,1087.1,2373.24,23655.24,41,5,0,3302.57,0,True,10708.628429119195
APP-004457,40,36-45,male,western,salaried,104,29971.61,1795.0,13891.43,47966.13,2,5,0,7328.16,0,True,20000.0
APP-004458,58,46-60,male,emirati,salaried,171,3054.23,1442.04,1988.81,16298.06,24,5,2,6963.38,1,True,9162.69
APP-004459,29,26-35,male,arab_expat,salaried,34,4652.41,1159.39,2595.45,38120.25,47,5,0,10118.6,0,True,13957.23
APP-004460,43,36-45,male,western,salaried,97,19519.12,3269.72,11544.77,115617.57,20,5,0,7419.65,0,True,20000.0
APP-004461,49,46-60,male,south_asian,salaried,135,12718.64,3631.53,8392.08,69678.48,29,5,3,7610.53,1,True,20000.0
APP-004462,63,46-60,female,emirati,freelancer,167,8797.09,2117.08,5876.57,75830.76,33,1,0,2656.86,0,True,20000.0
APP-004463,29,26-35,female,south_asian,salaried,48,10781.86,2005.55,6157.65,23713.68,32,3,0,4333.92,0,True,20000.0
APP-004464,45,36-45,male,south_asian,salaried,124,7401.1,841.34,3915.91,30043.35,15,4,0,11411.5,0,True,20000.0
APP-004465,55,46-60,male,south_asian,salaried,158,12130.49,940.13,4234.16,34049.82,0,4,0,18977.18,0,True,20000.0
APP-004466,48,46-60,male,arab_expat,salaried,131,15752.76,5956.03,12129.47,90612.1,27,0,0,11445.31,0,True,20000.0
APP-004467,64,46-60,male,arab_expat,salaried,221,10691.58,4080.46,4366.0,138202.03,46,0,0,15978.19,0,True,20000.0
APP-004468,21,18-25,male,southeast_asian,salaried,9,4747.63,1642.08,2132.91,47976.44,0,2,0,12656.24,0,True,14242.89
APP-004469,56,46-60,female,emirati,salaried,181,17378.04,5403.93,9860.95,98416.77,36,5,0,10450.35,0,True,20000.0
APP-004470,18,18-25,male,other,salaried,24,12443.44,2313.51,5713.06,49185.31,14,2,0,6064.22,0,True,20000.0
APP-004471,41,36-45,male,south_asian,salaried,106,3117.26,206.78,1458.8,6389.95,47,4,0,9338.35,0,True,9351.78
APP-004472,18,18-25,male,emirati,salaried,0,9724.39,3156.32,7360.62,32411.63,2,4,2,9190.25,1,True,20000.0
APP-004473,56,46-60,female,southeast_asian,salaried,161,21791.45,2676.34,14381.94,98321.79,47,5,0,16268.25,0,True,20000.0
APP-004474,56,46-60,male,south_asian,salaried,147,10271.55,638.17,6336.47,24902.67,20,2,2,805.66,0,True,20000.0
APP-004475,56,46-60,male,south_asian,salaried,172,9439.72,926.4,6594.27,20580.52,38,2,0,10804.46,0,True,20000.0
APP-004476,26,26-35,male,south_asian,salaried,22,10087.31,2379.94,3832.06,75390.76,31,0,0,6240.5,0,True,20000.0
APP-004477,57,46-60,female,southeast_asian,self_employed,181,11102.51,733.73,3986.78,16114.92,38,2,0,10717.57,0,True,20000.0
APP-004478,61,46-60,male,south_asian,salaried,183,7570.88,369.62,4421.5,6107.54,5,5,1,18239.69,0,True,20000.0
APP-004479,57,46-60,female,southeast_asian,salaried,166,7560.53,2813.53,4557.14,70180.85,18,4,0,14676.7,0,True,20000.0
APP-004480,35,26-35,male,emirati,salaried,60,9797.4,2349.1,4018.26,56939.29,19,3,0,11152.58,0,True,20000.0
APP-004481,34,26-35,male,southeast_asian,freelancer,61,14794.5,2690.35,10092.33,67060.13,35,4,0,2588.78,0,True,20000.0
APP-004482,61,46-60,male,western,freelancer,163,50284.57,15406.43,22731.02,162595.17,39,0,0,5875.03,0,True,20000.0
APP-004483,55,46-60,male,south_asian,salaried,149,13644.67,2188.98,6400.29,52219.35,20,2,0,19940.02,0,True,20000.0
APP-004484,32,26-35,male,southeast_asian,freelancer,32,21458.94,5254.55,11050.48,154638.48,14,1,0,10061.99,0,True,20000.0
APP-004485,20,18-25,male,southeast_asian,salaried,3,20506.46,4055.72,14677.07,88051.71,47,0,0,5179.08,0,True,20000.0
APP-004486,58,46-60,male,south_asian,salaried,169,16853.6,471.26,13204.48,12485.29,1,2,0,19340.96,0,True,20000.0
APP-004487,53,46-60,female,western,salaried,141,25601.81,1423.41,11345.75,14756.38,26,5,0,13465.98,0,True,20000.0
APP-004488,42,36-45,male,south_asian,salaried,79,31819.71,8624.62,15454.88,155699.34,27,2,0,10607.7,0,True,20000.0
APP-004489,58,46-60,male,arab_expat,salaried,148,7343.31,1111.51,5351.55,40463.08,17,4,0,9679.86,0,True,20000.0
APP-004490,27,26-35,female,south_asian,salaried,13,16209.67,1462.83,10218.78,25396.66,40,5,0,12848.4,0,True,20000.0
APP-004491,41,36-45,male,south_asian,salaried,75,8530.18,1994.11,2772.53,42868.4,47,4,1,19052.31,0,True,20000.0
APP-004492,51,46-60,male,south_asian,salaried,143,11353.37,985.43,5801.47,13133.26,10,2,0,12675.47,0,True,20000.0
APP-004493,57,46-60,male,arab_expat,salaried,148,7877.23,1042.43,2484.08,39516.77,27,2,0,4569.15,0,True,20000.0
APP-004494,32,26-35,male,south_asian,salaried,36,6784.78,530.01,4336.2,16079.86,47,2,0,8766.14,0,True,20000.0
APP-004495,40,36-45,female,south_asian,salaried,103,7833.84,376.89,6010.74,8822.39,25,1,0,6908.26,0,True,20000.0
APP-004496,40,36-45,male,western,salaried,83,14968.56,1937.34,6409.74,60537.6,15,3,0,4941.01,0,True,20000.0
APP-004497,25,18-25,female,south_asian,salaried,0,6662.8,1765.07,4584.67,51209.82,8,2,0,13550.94,0,True,19988.4
APP-004498,54,46-60,male,arab_expat,salaried,124,7546.6,365.48,3187.24,11932.06,0,0,0,2135.39,0,True,20000.0
APP-004499,44,36-45,male,south_asian,salaried,103,7277.77,1140.86,4777.43,13723.98,39,5,0,16623.05,0,True,20000.0
APP-004500,43,36-45,female,south_asian,self_employed,99,11644.01,527.6,4551.45,19107.45,27,2,0,2486.09,0,True,20000.0
APP-004501,50,46-60,male,other,salaried,133,13746.94,3482.94,7243.98,89777.82,44,0,2,9405.52,0,True,20000.0
APP-004502,41,36-45,female,south_asian,salaried,106,4284.27,609.67,1834.96,23072.12,31,1,0,6512.06,0,True,12852.810000000001
APP-004503,27,26-35,female,south_asian,self_employed,31,3811.35,361.86,2344.23,7581.88,41,4,0,3349.31,0,True,11434.05
APP-004504,25,18-25,male,south_asian,salaried,23,6118.53,2453.05,4173.09,47599.86,38,3,0,16124.06,0,True,18355.59
APP-004505,26,26-35,male,south_asian,freelancer,20,10656.9,3483.31,5712.32,102562.88,17,4,0,2933.08,0,True,20000.0
APP-004506,24,18-25,female,arab_expat,salaried,0,6872.75,2062.21,3191.08,82212.82,10,3,0,1059.71,0,True,20000.0
APP-004507,48,46-60,female,south_asian,salaried,124,5061.66,999.59,1942.71,38550.79,23,0,2,9259.74,0,True,15184.98
APP-004508,27,26-35,male,south_asian,salaried,33,3000.0,454.57,1787.18,11911.69,40,4,0,3403.44,0,True,9000.0
APP-004509,58,46-60,female,south_asian,salaried,177,8357.21,982.67,6516.53,14807.78,14,4,0,5667.79,0,True,20000.0
APP-004510,23,18-25,male,western,salaried,9,11795.18,3153.22,7932.53,32275.19,22,1,0,5376.35,0,True,20000.0
APP-004511,43,36-45,male,south_asian,salaried,79,6657.38,1408.59,4687.32,26145.34,35,0,0,10671.22,0,True,19972.14
APP-004512,57,46-60,female,arab_expat,salaried,172,16331.25,1410.19,9198.93,44640.06,31,4,3,11848.99,0,True,20000.0
APP-004513,20,18-25,male,south_asian,salaried,12,4430.53,877.1,3055.04,28799.99,21,4,0,9072.69,0,True,13291.59
APP-004514,48,46-60,female,western,salaried,139,10266.71,2256.72,3838.12,56756.59,23,0,0,3409.62,0,True,20000.0
APP-004515,26,26-35,male,south_asian,salaried,13,11841.61,1469.38,6608.18,39040.72,42,2,0,13190.38,0,True,20000.0
APP-004516,61,46-60,male,western,salaried,181,14120.61,1605.82,6037.56,17134.62,42,1,0,3420.4,0,True,20000.0
APP-004517,51,46-60,female,south_asian,salaried,136,10301.27,1242.17,5124.01,13918.56,11,0,0,4019.95,0,True,20000.0
APP-004518,59,46-60,male,arab_expat,salaried,175,11880.64,3067.12,5292.33,87682.08,41,3,3,10757.2,1,True,20000.0
APP-004519,36,36-45,female,south_asian,salaried,58,3124.5,801.24,1862.32,14756.78,26,5,0,8931.97,0,True,9373.5
APP-004520,20,18-25,male,southeast_asian,salaried,0,26520.86,576.59,14958.98,8182.69,37,5,0,19098.43,0,True,20000.0
APP-004521,53,46-60,male,south_asian,self_employed,149,3000.0,154.05,1100.11,3948.8,29,0,0,7322.65,0,True,9000.0
APP-004522,37,36-45,male,south_asian,salaried,80,3000.0,1105.15,1342.2,37534.94,16,2,0,2056.34,0,True,9000.0
APP-004523,64,46-60,female,south_asian,salaried,177,6067.26,1016.91,3172.25,35860.93,29,1,0,4106.88,0,True,18201.78
APP-004524,49,46-60,male,arab_expat,salaried,124,9858.06,1101.42,5714.62,23364.1,33,4,0,17217.69,0,True,20000.0
APP-004525,50,46-60,male,south_asian,self_employed,133,6537.94,3268.13,3621.87,58471.33,27,5,1,7418.78,1,True,19613.82
APP-004526,55,46-60,male,south_asian,salaried,168,8763.06,1747.4,6003.45,44439.72,34,1,0,8051.82,0,True,20000.0
APP-004527,31,26-35,male,south_asian,salaried,35,10878.98,2403.24,5072.91,85280.26,2,2,0,12291.0,0,True,20000.0
APP-004528,63,46-60,female,western,self_employed,190,12692.12,3831.65,9707.43,98129.8,9,3,0,8032.4,0,True,20000.0
APP-004529,26,26-35,male,south_asian,self_employed,1,5122.32,462.39,2961.52,12589.12,19,1,0,8186.9,0,True,15366.96
APP-004530,42,36-45,male,arab_expat,salaried,94,10576.71,2813.17,6218.06,47940.88,9,5,0,9805.95,0,True,20000.0
APP-004531,19,18-25,female,south_asian,self_employed,0,7581.25,982.88,2512.61,22289.08,38,2,0,8869.82,0,True,20000.0
APP-004532,46,46-60,female,emirati,freelancer,99,8813.43,1026.78,3452.57,36906.89,37,4,0,2938.24,0,True,20000.0
APP-004533,32,26-35,female,south_asian,salaried,42,8086.12,2088.63,4078.4,79760.33,45,0,0,1841.92,0,True,20000.0
APP-004534,18,18-25,male,south_asian,salaried,0,10408.3,982.19,5196.69,13392.72,38,3,0,15805.24,0,True,20000.0
APP-004535,46,46-60,female,south_asian,salaried,109,12252.01,2440.36,5161.41,81252.96,24,3,0,9933.39,0,True,20000.0
APP-004536,48,46-60,female,south_asian,salaried,128,3914.17,235.47,1838.47,6632.79,28,1,0,6405.68,0,True,11742.51
APP-004537,47,46-60,female,south_asian,salaried,128,6607.85,2300.81,4108.2,76878.71,13,0,0,7382.1,0,True,19823.550000000003
APP-004538,40,36-45,male,arab_expat,self_employed,85,5546.86,463.9,3211.93,7177.26,24,1,0,6206.69,0,True,16640.579999999998
APP-004539,28,26-35,male,south_asian,salaried,25,3813.39,285.88,2908.61,7215.13,12,4,0,5487.12,0,True,11440.17
APP-004540,41,36-45,male,south_asian,salaried,82,3169.36,1217.26,2105.02,33182.4,10,4,1,830.11,0,True,9508.08
APP-004541,41,36-45,male,south_asian,self_employed,123,9452.65,3099.5,7149.18,52485.84,39,4,0,16787.34,0,True,20000.0
APP-004542,55,46-60,male,arab_expat,salaried,169,7233.33,1600.73,3739.61,43306.25,9,1,0,10687.36,0,True,20000.0
APP-004543,48,46-60,female,western,salaried,128,15561.85,3868.98,9779.47,123861.49,10,1,0,7735.8,0,True,20000.0
APP-004544,61,46-60,male,arab_expat,salaried,196,3949.99,1421.84,2161.09,47032.28,1,4,0,735.16,0,True,11849.97
APP-004545,38,36-45,female,other,salaried,100,14802.03,470.61,6311.98,7827.26,17,5,0,8389.1,0,True,20000.0
APP-004546,34,26-35,female,arab_expat,self_employed,56,10094.04,509.25,3278.4,18985.99,17,2,0,18588.52,0,True,20000.0
APP-004547,50,46-60,male,western,salaried,138,18908.94,2583.55,9766.85,43582.16,0,3,0,13760.42,0,True,20000.0
APP-004548,28,26-35,male,arab_expat,self_employed,25,5800.6,1161.21,4585.91,33124.17,13,1,2,8359.35,0,True,17401.800000000003
APP-004549,55,46-60,male,arab_expat,salaried,158,10460.38,2090.62,6568.2,53900.76,23,3,0,11423.08,0,True,20000.0
APP-004550,21,18-25,male,southeast_asian,salaried,0,9086.28,552.02,5726.44,16593.19,29,3,0,6229.09,0,True,20000.0
APP-004551,45,36-45,female,emirati,salaried,114,12624.17,3366.52,4509.26,35574.47,17,2,0,5316.68,0,True,20000.0
APP-004552,23,18-25,female,arab_expat,salaried,0,3259.37,897.49,1882.56,25978.98,0,3,2,3289.47,1,True,9778.11
APP-004553,35,26-35,male,other,salaried,56,5156.37,1186.74,3400.87,27441.23,19,1,0,11980.4,0,True,15469.11
APP-004554,20,18-25,male,south_asian,self_employed,0,12926.71,1855.02,9390.54,30771.93,9,0,0,7673.17,0,True,20000.0
APP-004555,47,46-60,male,south_asian,salaried,118,3020.48,378.09,2084.43,14806.77,22,1,0,3633.26,0,True,9061.44
APP-004556,23,18-25,male,south_asian,salaried,5,5015.9,335.51,2092.61,10462.89,45,1,0,2459.12,0,True,15047.699999999999
APP-004557,41,36-45,male,south_asian,salaried,131,8498.44,1657.93,6422.91,50043.62,47,1,3,13320.71,1,True,20000.0
APP-004558,44,36-45,female,western,salaried,76,12377.37,4822.93,6426.59,88387.23,9,5,1,3043.5,0,True,20000.0
APP-004559,22,18-25,male,southeast_asian,salaried,0,11238.48,1260.05,5162.25,14654.89,42,2,0,14729.96,0,True,20000.0
APP-004560,44,36-45,male,emirati,self_employed,120,7360.26,464.63,3009.68,11085.71,2,3,0,5741.91,0,True,20000.0
APP-004561,39,36-45,male,southeast_asian,salaried,105,12208.62,255.87,8688.61,5477.39,32,0,0,19602.61,0,True,20000.0
APP-004562,22,18-25,male,south_asian,salaried,2,6066.26,926.42,2609.61,20416.87,13,5,0,11890.48,0,True,18198.78
APP-004563,38,36-45,female,south_asian,self_employed,80,3470.79,989.14,2619.78,24356.94,8,5,2,8766.17,1,True,10412.369999999999
APP-004564,35,26-35,male,southeast_asian,salaried,59,8387.95,1165.9,4807.7,44100.13,31,1,0,1901.55,0,True,20000.0
APP-004565,53,46-60,male,south_asian,salaried,173,11552.0,1591.8,6729.3,28925.44,5,5,1,7781.41,0,True,20000.0
APP-004566,55,46-60,female,south_asian,salaried,166,3000.0,1043.04,1259.33,41025.65,4,0,2,8112.39,1,True,9000.0
APP-004567,31,26-35,male,south_asian,salaried,40,19137.32,4823.62,7078.16,95719.95,34,4,0,13851.41,0,True,20000.0
APP-004568,35,26-35,female,arab_expat,salaried,69,5207.08,251.26,1585.38,9685.33,30,1,0,8414.57,0,True,15621.24
APP-004569,40,36-45,male,south_asian,salaried,91,13737.18,4103.21,6464.16,52214.59,6,3,0,10140.7,0,True,20000.0
APP-004570,26,26-35,male,south_asian,self_employed,26,3196.37,267.91,1519.63,5271.36,23,4,2,5341.53,0,True,9589.11
APP-004571,56,46-60,male,south_asian,salaried,177,15319.68,1567.58,10784.17,46846.45,26,3,0,2673.06,0,True,20000.0
APP-004572,47,46-60,female,arab_expat,salaried,119,6294.6,1086.96,3237.18,36525.46,36,4,0,11192.26,0,True,18883.800000000003
APP-004573,59,46-60,male,other,salaried,187,5720.13,720.93,2898.18,20008.77,46,2,0,1257.21,0,True,17160.39
APP-004574,48,46-60,female,southeast_asian,salaried,114,16459.8,3662.89,12398.61,91971.2,36,2,0,6966.67,0,True,20000.0
APP-004575,47,46-60,male,western,salaried,131,13305.93,4354.19,7281.85,111617.56,33,0,0,13660.09,0,True,20000.0
APP-004576,19,18-25,male,southeast_asian,salaried,0,11775.56,1160.32,4330.21,21999.25,28,2,0,18832.95,0,True,20000.0
APP-004577,35,26-35,male,south_asian,salaried,56,5674.64,395.3,3039.99,4510.55,40,0,0,5791.27,0,True,17023.920000000002
APP-004578,57,46-60,male,emirati,self_employed,166,9845.04,878.66,7869.51,31976.63,3,1,0,2817.67,0,True,20000.0
APP-004579,23,18-25,male,south_asian,salaried,5,3721.58,958.15,1314.02,34855.44,23,5,0,5198.99,0,True,11164.74
APP-004580,35,26-35,male,arab_expat,self_employed,68,5513.3,736.98,4152.94,13290.97,0,4,2,10327.96,1,True,16539.9
APP-004581,56,46-60,male,southeast_asian,salaried,148,7203.66,957.91,3338.24,34211.48,29,0,1,4894.64,0,True,20000.0
APP-004582,23,18-25,male,southeast_asian,salaried,5,5748.17,1191.15,2588.77,40137.15,10,4,0,9333.66,0,True,17244.510000000002
APP-004583,23,18-25,male,south_asian,salaried,0,13679.43,733.85,5587.69,11814.63,19,5,0,8778.24,0,True,20000.0
APP-004584,42,36-45,male,other,salaried,111,4348.71,1505.06,3375.49,15961.63,33,2,0,3186.53,0,True,13046.130000000001
APP-004585,24,18-25,female,arab_expat,salaried,9,4758.92,583.02,2913.1,11427.97,44,5,0,7108.0,0,True,14276.76
APP-004586,31,26-35,female,arab_expat,salaried,39,3644.74,411.63,2646.48,9889.35,28,0,0,3988.27,0,True,10934.22
APP-004587,63,46-60,male,western,salaried,205,28322.06,4540.6,20159.21,124245.13,21,2,0,12067.29,0,True,20000.0
APP-004588,36,36-45,female,south_asian,salaried,47,3000.0,312.07,2225.52,10320.26,1,1,0,7525.74,0,True,9000.0
APP-004589,45,36-45,male,south_asian,salaried,102,5532.44,1535.25,3900.95,43127.33,34,4,0,2519.3,0,True,16597.32
APP-004590,43,36-45,male,western,salaried,91,10470.04,645.9,4413.31,8465.77,46,5,0,10778.99,0,True,20000.0
APP-004591,19,18-25,female,emirati,salaried,14,5538.01,2456.12,3335.74,43647.08,35,3,2,4957.81,1,True,16614.03
APP-004592,37,36-45,male,other,salaried,80,19989.44,3941.71,9043.24,114389.86,36,3,0,12062.11,0,True,20000.0
APP-004593,65,46-60,male,south_asian,salaried,211,4060.05,267.49,3225.29,3174.02,28,4,0,5033.19,0,True,12180.150000000001
APP-004594,24,18-25,male,south_asian,self_employed,0,10962.99,1949.47,3735.34,56015.67,30,2,0,19120.3,0,True,20000.0
APP-004595,23,18-25,female,emirati,salaried,0,26063.96,5544.29,19231.66,89789.51,2,3,0,1914.84,0,True,20000.0
APP-004596,34,26-35,male,other,freelancer,59,6853.91,456.39,2272.82,10612.97,45,4,0,11265.17,0,True,20000.0
APP-004597,46,46-60,male,arab_expat,salaried,105,33619.79,1370.23,21404.11,14908.65,3,1,0,4229.95,0,True,20000.0
APP-004598,57,46-60,male,south_asian,salaried,184,9941.98,2153.71,6314.93,41335.99,1,3,0,11507.37,0,True,20000.0
APP-004599,38,36-45,male,emirati,salaried,84,16660.87,1737.86,9809.26,22207.07,24,1,0,7681.48,0,True,20000.0
APP-004600,54,46-60,male,south_asian,self_employed,142,10593.02,2625.87,3883.32,85625.58,12,1,0,14954.73,0,True,20000.0
APP-004601,48,46-60,male,south_asian,salaried,153,3135.86,745.67,1707.32,17721.69,46,4,0,1529.12,0,True,9407.58
APP-004602,22,18-25,male,southeast_asian,salaried,1,7183.03,901.88,2462.7,35891.29,35,3,3,2420.43,1,True,20000.0
APP-004603,46,46-60,female,southeast_asian,salaried,112,5721.37,728.71,2492.6,15023.88,5,0,0,6838.96,0,True,17164.11
APP-004604,33,26-35,male,south_asian,salaried,39,17718.19,2547.89,5478.8,90588.04,37,5,0,10113.38,0,True,20000.0
APP-004605,25,18-25,female,arab_expat,freelancer,16,7640.35,1387.2,5062.85,26697.2,4,2,0,8323.05,0,True,20000.0
APP-004606,60,46-60,male,south_asian,freelancer,175,10539.87,2076.22,7051.46,56476.37,11,4,0,17546.76,0,True,20000.0
APP-004607,26,26-35,male,south_asian,freelancer,18,9195.7,2020.47,4294.55,43815.03,18,0,0,16745.24,1,True,20000.0
APP-004608,27,26-35,male,south_asian,salaried,36,6221.56,543.13,2450.86,7255.23,4,4,0,5202.86,0,True,18664.68
APP-004609,29,26-35,male,south_asian,salaried,15,7798.71,1331.77,4358.89,46041.09,1,4,0,17227.03,0,True,20000.0
APP-004610,26,26-35,female,western,salaried,19,15279.93,4993.21,6202.29,131486.22,28,2,0,4205.17,0,True,20000.0
APP-004611,34,26-35,male,other,salaried,43,3000.0,673.17,975.02,12434.61,26,1,0,3854.81,0,True,9000.0
APP-004612,42,36-45,male,south_asian,self_employed,96,7104.17,907.53,3002.27,10025.48,45,1,0,12438.53,0,True,20000.0
APP-004613,20,18-25,male,arab_expat,self_employed,0,5690.0,1044.08,2730.38,33995.45,23,2,0,12835.35,0,True,17070.0
APP-004614,33,26-35,male,south_asian,salaried,67,12685.16,3425.05,10039.97,102368.41,46,3,0,9652.12,0,True,20000.0
APP-004615,62,46-60,female,arab_expat,salaried,196,3000.0,69.34,2395.4,1943.01,15,2,0,2932.86,0,False,9000.0
APP-004616,64,46-60,male,south_asian,freelancer,190,7587.1,1196.77,2673.8,44098.67,25,3,2,7806.96,1,True,20000.0
APP-004617,43,36-45,male,south_asian,salaried,102,5730.95,1757.21,3765.61,57677.06,47,2,3,7856.12,1,True,17192.85
APP-004618,52,46-60,female,arab_expat,salaried,140,17347.21,2358.11,13220.55,43656.08,7,3,0,1395.53,0,True,20000.0
APP-004619,33,26-35,male,south_asian,self_employed,51,5206.11,1172.88,1896.92,25153.16,37,3,0,11599.44,0,True,15618.329999999998
APP-004620,31,26-35,male,south_asian,freelancer,48,4817.47,508.33,1765.26,5633.06,43,0,0,13759.9,0,True,14452.41
APP-004621,47,46-60,male,south_asian,freelancer,104,3526.62,692.6,1911.93,11958.71,39,0,0,7275.87,0,True,10579.86
APP-004622,64,46-60,female,south_asian,self_employed,221,5207.02,1085.46,3910.48,23720.73,12,5,0,13420.52,0,True,15621.060000000001
APP-004623,26,26-35,male,emirati,salaried,0,8583.91,835.75,3325.91,30297.62,11,1,0,17699.85,0,True,20000.0
APP-004624,21,18-25,male,emirati,salaried,0,6076.34,1032.98,2414.51,25856.44,33,2,0,7444.52,0,True,18229.02
APP-004625,32,26-35,male,south_asian,salaried,43,9694.9,2208.68,6569.61,49371.59,37,3,0,5753.27,0,True,20000.0
APP-004626,43,36-45,male,other,self_employed,103,3457.34,110.92,1787.48,4326.79,29,2,0,9329.16,0,True,10372.02
APP-004627,53,46-60,female,emirati,freelancer,149,4092.42,1062.34,1891.27,24613.95,23,2,0,5192.11,0,True,12277.26
APP-004628,39,36-45,male,southeast_asian,salaried,76,3000.0,921.72,1991.44,19082.32,12,3,0,7979.1,0,True,9000.0
APP-004629,23,18-25,male,south_asian,salaried,0,6454.93,641.51,3978.91,14191.18,12,3,0,17400.05,0,True,19364.79
APP-004630,22,18-25,female,southeast_asian,salaried,22,28568.91,1061.13,8592.59,35658.8,40,0,0,15282.92,0,True,20000.0
APP-004631,65,46-60,female,south_asian,salaried,192,5337.15,391.5,2963.51,8105.21,7,5,0,7782.19,0,True,16011.449999999999
APP-004632,23,18-25,male,arab_expat,salaried,19,18179.96,4769.39,11168.45,120482.99,45,5,0,1703.38,0,True,20000.0
APP-004633,23,18-25,male,south_asian,salaried,0,8446.57,807.55,4549.09,15628.43,34,1,0,1041.54,0,True,20000.0
APP-004634,18,18-25,male,arab_expat,self_employed,0,10274.24,1213.47,3855.21,20837.1,25,1,0,14305.59,0,True,20000.0
APP-004635,59,46-60,male,southeast_asian,salaried,196,6908.29,1994.66,2604.16,46863.65,45,4,0,8720.79,0,True,20000.0
APP-004636,37,36-45,male,south_asian,salaried,71,8235.59,1242.25,4527.45,16104.58,42,0,0,3036.23,0,True,20000.0
APP-004637,64,46-60,male,south_asian,salaried,194,5721.04,134.52,2586.36,4554.55,41,1,3,9919.47,1,True,17163.12
APP-004638,58,46-60,female,western,self_employed,163,19820.79,3120.01,12438.69,79435.38,3,1,0,12737.01,0,True,20000.0
APP-004639,28,26-35,male,southeast_asian,salaried,34,8580.21,1576.26,3541.45,57366.75,11,3,0,5256.44,0,True,20000.0
APP-004640,55,46-60,female,western,salaried,170,7311.84,1652.76,3254.9,45995.39,24,4,0,8231.27,0,True,20000.0
APP-004641,33,26-35,male,arab_expat,salaried,40,3186.93,754.11,2525.72,25668.47,43,3,0,587.57,0,True,9560.789999999999
APP-004642,44,36-45,male,south_asian,salaried,95,17069.57,135.64,7823.86,5207.53,18,5,0,9277.97,0,True,20000.0
APP-004643,29,26-35,male,emirati,salaried,50,9230.34,1238.89,6686.81,41908.45,47,4,0,11429.07,0,True,20000.0
APP-004644,44,36-45,male,southeast_asian,salaried,100,5379.74,377.3,2619.41,6283.42,25,3,0,12116.92,0,True,16139.22
APP-004645,38,36-45,male,arab_expat,salaried,58,15457.6,2813.74,9385.62,74730.66,40,1,3,5476.74,1,True,20000.0
APP-004646,47,46-60,male,south_asian,salaried,104,11954.14,290.54,7931.1,7414.27,40,4,0,5410.84,0,True,20000.0
APP-004647,26,26-35,male,arab_expat,salaried,19,6068.28,1581.64,3608.04,51022.6,38,0,1,2212.03,0,True,18204.84
APP-004648,23,18-25,male,arab_expat,unemployed,0,4893.078702753954,907.48,1629.66,10833.88,1,3,0,12971.91,0,True,14679.23610826186
APP-004649,41,36-45,female,other,salaried,82,3000.0,161.89,1784.69,3013.66,36,5,1,2185.91,0,True,9000.0
APP-004650,41,36-45,female,south_asian,salaried,101,3322.69,875.05,1523.0,30743.41,42,3,0,3953.02,0,True,9968.07
APP-004651,62,46-60,female,emirati,salaried,194,7221.3,803.29,4050.59,14919.66,18,1,0,8108.11,0,True,20000.0
APP-004652,27,26-35,male,south_asian,salaried,8,3000.0,646.44,2347.2,7552.46,39,4,0,1386.4,0,True,9000.0
APP-004653,58,46-60,male,southeast_asian,self_employed,159,14756.46,1141.79,10436.03,17941.58,26,1,0,14937.34,0,True,20000.0
APP-004654,48,46-60,male,emirati,salaried,135,5040.69,1160.27,2084.12,21197.81,29,5,0,6113.63,0,True,15122.07
APP-004655,48,46-60,male,southeast_asian,salaried,133,4091.52,150.42,1924.82,4257.6,23,5,1,7901.6,0,True,12274.56
APP-004656,59,46-60,female,south_asian,salaried,181,9521.95,777.41,4785.03,18731.54,3,5,0,9969.97,0,True,20000.0
APP-004657,37,36-45,male,south_asian,salaried,74,13138.41,2383.58,7587.73,93423.71,9,5,0,5154.2,0,True,20000.0
APP-004658,30,26-35,male,southeast_asian,salaried,48,7065.31,583.68,5169.68,19035.79,1,3,0,500.13,0,True,20000.0
APP-004659,43,36-45,female,south_asian,salaried,97,7650.48,307.98,3465.92,11803.29,23,2,1,15530.5,0,True,20000.0
APP-004660,56,46-60,female,south_asian,salaried,186,5570.25,1800.26,2578.97,44250.22,42,0,0,8584.83,0,True,16710.75
APP-004661,23,18-25,female,south_asian,salaried,0,9822.21,617.26,3514.78,11500.9,7,1,0,14511.42,0,True,20000.0
APP-004662,37,36-45,male,south_asian,salaried,60,4063.15,604.71,3241.33,14638.72,0,4,0,8280.25,0,True,12189.45
APP-004663,59,46-60,male,emirati,salaried,176,8093.34,592.23,5003.99,8352.58,23,2,0,19044.8,0,True,20000.0
APP-004664,56,46-60,male,emirati,salaried,149,14405.96,3719.25,9499.4,69834.23,5,2,0,17314.75,0,True,20000.0
APP-004665,43,36-45,male,south_asian,freelancer,94,9934.49,4759.99,4694.47,83444.74,47,3,0,4398.9,0,True,20000.0
APP-004666,30,26-35,male,south_asian,salaried,52,9706.38,951.9,7329.72,14325.64,15,5,0,4962.02,0,True,20000.0
APP-004667,59,46-60,male,south_asian,freelancer,180,5452.89,1018.67,3800.71,37496.77,24,4,0,7866.13,0,True,16358.670000000002
APP-004668,32,26-35,male,southeast_asian,salaried,42,14957.89,2435.56,10850.14,31816.79,27,3,0,10053.51,0,True,20000.0
APP-004669,45,36-45,male,south_asian,self_employed,113,3000.0,1287.74,912.9,29415.85,6,5,0,1963.94,0,True,9000.0
APP-004670,41,36-45,male,south_asian,salaried,103,7044.19,992.95,5467.33,22168.43,46,2,0,1623.16,0,True,20000.0
APP-004671,27,26-35,female,arab_expat,self_employed,15,8185.19,523.55,3629.75,10995.63,34,5,0,7963.69,0,True,20000.0
APP-004672,30,26-35,male,western,salaried,34,18001.91,2523.41,10961.28,74684.89,22,1,0,9699.39,0,True,20000.0
APP-004673,60,46-60,female,south_asian,freelancer,175,5078.84,1042.5,2339.6,19977.55,13,3,0,7274.57,0,True,15236.52
APP-004674,53,46-60,male,south_asian,salaried,122,8425.04,237.73,6195.5,5785.53,21,5,0,1738.04,0,True,20000.0
APP-004675,33,26-35,male,south_asian,self_employed,59,8613.17,2581.02,6379.73,35012.91,12,0,0,12304.87,0,True,20000.0
APP-004676,18,18-25,male,south_asian,salaried,0,4463.6,933.61,2463.49,18963.61,10,3,0,4745.09,0,True,13390.800000000001
APP-004677,60,46-60,female,south_asian,self_employed,185,29844.92,892.11,19381.91,20485.73,15,1,0,8916.16,0,True,20000.0
APP-004678,18,18-25,male,arab_expat,salaried,0,23892.4,1309.23,18595.74,25599.73,31,5,0,12673.91,0,True,20000.0
APP-004679,18,18-25,male,south_asian,salaried,0,5017.25,431.49,2008.89,7859.93,47,3,0,7360.81,0,True,15051.75
APP-004680,43,36-45,male,south_asian,salaried,111,3576.5,389.07,1330.08,5560.0,23,4,2,6255.52,0,True,10729.5
APP-004681,61,46-60,male,western,salaried,176,12110.29,720.01,7221.45,11765.37,25,0,0,6541.67,0,True,20000.0
APP-004682,63,46-60,male,western,self_employed,203,11810.91,2362.68,6563.84,79898.67,39,0,0,8102.21,0,True,20000.0
APP-004683,37,36-45,male,other,salaried,58,10326.99,612.31,4954.22,22500.97,4,5,0,13138.51,0,True,20000.0
APP-004684,41,36-45,female,south_asian,freelancer,104,5591.34,574.57,3755.51,22896.66,32,5,0,8471.66,0,True,16774.02
APP-004685,36,36-45,male,south_asian,salaried,80,11189.46,1517.54,6319.6,19319.67,31,1,0,19373.46,0,True,20000.0
APP-004686,64,46-60,male,south_asian,salaried,209,4380.42,1019.95,2289.56,15361.93,15,5,0,3231.83,0,True,13141.26
APP-004687,19,18-25,female,arab_expat,freelancer,2,16817.66,5315.7,12180.01,71219.07,36,2,0,15480.97,0,True,20000.0
APP-004688,30,26-35,male,southeast_asian,salaried,32,10586.46,2047.19,4841.67,27520.66,40,1,3,11656.02,1,True,20000.0
APP-004689,58,46-60,male,arab_expat,salaried,172,19244.96,831.96,13043.66,28427.09,40,4,0,11802.64,0,True,20000.0
APP-004690,39,36-45,male,southeast_asian,salaried,62,7964.2,439.45,4182.29,16833.98,30,3,0,16098.13,0,True,20000.0
APP-004691,58,46-60,male,south_asian,salaried,176,12056.63,309.73,5683.46,3865.98,19,3,0,2049.23,0,True,20000.0
APP-004692,60,46-60,female,emirati,freelancer,194,5907.18,2158.26,3051.31,61128.06,32,4,1,8774.46,1,True,17721.54
APP-004693,64,46-60,male,south_asian,salaried,186,5297.89,82.27,2890.88,2360.55,9,0,0,8966.39,0,True,15893.670000000002
APP-004694,23,18-25,female,south_asian,self_employed,0,3000.0,458.33,2313.27,18090.49,35,1,0,6146.01,0,True,9000.0
APP-004695,23,18-25,female,south_asian,salaried,26,13722.85,674.6,7727.22,8845.18,20,2,0,5490.04,0,True,20000.0
APP-004696,29,26-35,male,arab_expat,salaried,38,19796.77,626.36,6923.74,9048.15,4,1,0,15795.58,0,True,20000.0
APP-004697,19,18-25,male,south_asian,salaried,0,3704.86,389.93,2163.05,12941.46,47,2,0,7334.95,0,True,11114.58
APP-004698,43,36-45,male,south_asian,salaried,97,7730.77,2061.8,3691.33,25548.39,24,3,0,5541.09,0,True,20000.0
APP-004699,63,46-60,male,south_asian,salaried,217,3377.91,652.89,2621.22,19186.57,2,0,0,6475.55,0,True,10133.73
APP-004700,55,46-60,male,southeast_asian,self_employed,163,14560.93,4046.88,8886.21,110085.79,33,0,0,627.73,0,True,20000.0
APP-004701,37,36-45,male,western,salaried,76,5915.88,1052.77,2636.08,24137.04,12,1,2,6883.63,1,True,17747.64
APP-004702,36,36-45,male,south_asian,salaried,61,23247.97,3240.1,12831.43,129166.01,1,5,0,3300.43,0,True,20000.0
APP-004703,39,36-45,male,emirati,salaried,60,11223.43,779.07,3887.2,16341.35,33,1,0,6605.87,0,True,20000.0
APP-004704,40,36-45,male,south_asian,salaried,70,5637.66,1483.55,2751.24,29994.62,30,0,0,16013.76,0,True,16912.98
APP-004705,65,46-60,male,south_asian,freelancer,210,14437.63,1102.14,10802.51,15827.48,43,1,0,6912.94,0,True,20000.0
APP-004706,43,36-45,female,emirati,salaried,100,5872.07,1860.08,2235.95,53259.52,13,5,3,2987.45,1,True,17616.21
APP-004707,24,18-25,male,arab_expat,freelancer,0,11611.77,3379.95,4092.66,53295.77,44,4,0,4127.74,0,True,20000.0
APP-004708,42,36-45,male,south_asian,salaried,117,4447.9,174.34,2564.95,5217.9,22,2,0,5686.52,0,True,13343.699999999999
APP-004709,63,46-60,male,emirati,salaried,197,3934.95,706.11,2106.49,9884.28,1,5,0,4729.14,0,True,11804.849999999999
APP-004710,48,46-60,male,southeast_asian,salaried,141,14555.06,1474.02,11524.38,55853.6,5,2,0,4408.26,0,True,20000.0
APP-004711,26,26-35,male,south_asian,salaried,0,7472.48,682.49,4012.56,9303.01,17,1,0,5798.07,0,True,20000.0
APP-004712,38,36-45,male,south_asian,salaried,64,3881.68,365.38,2992.45,12755.44,9,0,2,2689.63,0,True,11645.039999999999
APP-004713,52,46-60,female,south_asian,salaried,146,13286.32,1492.86,9415.13,46801.94,36,2,0,15212.61,0,True,20000.0
APP-004714,45,36-45,female,other,salaried,108,23118.1,2604.61,6952.48,57623.33,42,0,0,5894.12,0,True,20000.0
APP-004715,62,46-60,male,emirati,salaried,188,24756.65,3148.64,9045.18,48201.06,1,3,0,12951.91,0,True,20000.0
APP-004716,26,26-35,male,arab_expat,salaried,15,4968.07,895.43,1945.53,10636.02,42,4,0,2876.01,0,True,14904.21
APP-004717,47,46-60,female,south_asian,salaried,92,7977.14,1231.8,2439.1,19451.29,0,2,0,14036.77,0,True,20000.0
APP-004718,26,26-35,male,south_asian,salaried,27,9512.17,935.88,7106.27,10749.52,11,3,0,14368.35,0,True,20000.0
APP-004719,26,26-35,male,southeast_asian,salaried,21,9635.86,995.73,6554.53,28175.4,18,0,0,17663.22,0,True,20000.0
APP-004720,54,46-60,female,south_asian,salaried,149,4071.54,188.38,3095.63,6729.14,37,3,0,5689.15,0,True,12214.619999999999
APP-004721,37,36-45,female,south_asian,salaried,90,3000.0,823.92,1541.84,19499.44,43,2,0,8944.96,0,True,9000.0
APP-004722,21,18-25,male,southeast_asian,salaried,0,7671.0,1478.82,4883.96,26894.83,4,3,0,6158.88,1,True,20000.0
APP-004723,35,26-35,male,arab_expat,salaried,59,4948.45,187.42,1542.33,6349.23,35,4,0,6808.92,0,True,14845.349999999999
APP-004724,27,26-35,male,south_asian,salaried,35,3603.35,1111.86,1204.55,42576.37,18,4,0,5284.88,0,True,10810.05
APP-004725,25,18-25,male,south_asian,salaried,19,11037.77,3643.96,5328.62,99343.64,22,5,0,14088.55,0,True,20000.0
APP-004726,44,36-45,male,south_asian,salaried,126,3309.69,363.41,1051.68,13656.3,5,5,0,4433.21,0,True,9929.07
APP-004727,53,46-60,male,emirati,self_employed,144,10461.67,1371.49,5973.77,43290.49,41,3,0,17785.83,0,True,20000.0
APP-004728,55,46-60,female,western,salaried,146,9324.77,1890.48,3706.63,23567.58,23,1,0,4751.17,0,True,20000.0
APP-004729,52,46-60,male,south_asian,salaried,150,8475.76,2506.33,3025.66,75987.06,25,1,0,15852.1,0,True,20000.0
APP-004730,29,26-35,female,south_asian,self_employed,42,5814.91,58.23,3017.38,965.31,39,3,0,13304.22,0,True,17444.73
APP-004731,42,36-45,male,south_asian,salaried,99,5560.79,1870.53,3824.76,28282.43,10,5,0,3544.94,0,True,16682.37
APP-004732,18,18-25,female,western,salaried,0,4939.82,1946.65,1966.16,57362.6,2,2,1,3559.98,0,True,14819.46
APP-004733,58,46-60,male,south_asian,unemployed,0,3000.0,566.46,2051.53,14205.19,44,5,3,1203.56,1,True,9000.0
APP-004734,21,18-25,male,southeast_asian,salaried,9,5307.87,421.36,2530.0,15002.47,1,5,0,13667.56,0,True,15923.61
APP-004735,24,18-25,female,western,salaried,0,5881.5,379.01,2107.37,8977.84,0,3,0,13307.49,0,True,17644.5
APP-004736,27,26-35,female,south_asian,salaried,31,8055.18,2263.08,2449.22,41085.23,13,1,0,1516.38,0,True,20000.0
APP-004737,43,36-45,male,south_asian,salaried,105,15559.57,3774.06,8180.3,114817.71,35,1,0,1784.86,0,True,20000.0
APP-004738,37,36-45,female,arab_expat,salaried,72,8144.64,1854.39,5443.32,59775.65,43,2,0,1314.27,0,True,20000.0
APP-004739,57,46-60,female,south_asian,salaried,172,7112.19,447.2,2377.62,12496.24,33,2,0,11821.84,0,True,20000.0
APP-004740,27,26-35,male,other,salaried,24,28157.76,4188.87,19245.73,98972.8,21,0,0,13610.51,0,True,20000.0
APP-004741,53,46-60,female,southeast_asian,self_employed,165,23909.95,352.39,14704.35,4575.11,44,4,0,10789.21,0,True,20000.0
APP-004742,21,18-25,female,south_asian,salaried,0,7828.49,731.28,3247.99,11489.08,9,2,3,10350.83,1,True,20000.0
APP-004743,58,46-60,female,south_asian,salaried,192,17705.85,1774.6,5835.67,57805.65,45,1,2,10611.0,0,True,20000.0
APP-004744,28,26-35,male,south_asian,salaried,21,10084.42,2279.71,7616.67,66568.78,3,5,0,1276.99,0,True,20000.0
APP-004745,48,46-60,male,south_asian,salaried,111,19015.76,3641.52,11854.68,72846.51,42,1,0,19579.6,0,True,20000.0
APP-004746,25,18-25,male,southeast_asian,salaried,21,26492.83,4427.48,16296.81,100442.23,38,4,0,6221.25,0,True,20000.0
APP-004747,65,46-60,male,south_asian,salaried,217,13764.32,3116.17,9261.32,95306.57,6,5,0,10680.44,0,True,20000.0
APP-004748,36,36-45,male,emirati,salaried,67,11779.2,1815.82,4419.53,55211.93,43,5,0,16135.36,0,True,20000.0
APP-004749,47,46-60,male,southeast_asian,freelancer,133,6732.77,2105.16,5185.95,66131.96,23,2,2,14494.45,1,True,20000.0
APP-004750,44,36-45,male,south_asian,salaried,102,3965.36,516.89,1948.42,15672.41,21,0,1,7673.73,0,True,11896.08
APP-004751,21,18-25,female,arab_expat,salaried,14,7230.47,1627.72,4004.31,46270.11,16,2,0,10362.91,0,True,20000.0
APP-004752,62,46-60,male,other,self_employed,197,14245.05,1904.99,11094.79,35387.04,22,0,0,2124.94,0,True,20000.0
APP-004753,40,36-45,female,south_asian,salaried,83,10670.35,1275.98,7660.12,14142.77,26,5,0,16439.08,0,True,20000.0
APP-004754,44,36-45,male,arab_expat,salaried,120,5742.18,731.73,2443.15,23677.86,23,5,0,12226.22,0,True,17226.54
APP-004755,36,36-45,male,western,salaried,73,7434.59,1306.69,4260.62,17653.59,13,3,2,6232.16,0,True,20000.0
APP-004756,18,18-25,male,south_asian,self_employed,9,4199.73,205.25,2107.67,7160.3,41,1,0,3319.37,0,True,12599.189999999999
APP-004757,18,18-25,male,south_asian,self_employed,0,5207.41,1326.27,3665.28,14628.95,2,1,0,3004.21,0,True,15622.23
APP-004758,47,46-60,male,south_asian,salaried,121,5056.08,509.75,3479.96,15427.85,26,5,0,11287.03,0,True,15168.24
APP-004759,22,18-25,female,south_asian,salaried,0,10500.57,1808.1,3726.04,19775.87,22,2,0,14551.3,0,True,20000.0
APP-004760,23,18-25,male,southeast_asian,salaried,15,7439.26,2949.18,5177.64,42525.69,39,2,3,1190.68,1,True,20000.0
APP-004761,58,46-60,female,south_asian,salaried,174,3707.07,963.85,2029.07,25896.78,21,0,2,8582.95,1,True,11121.210000000001
APP-004762,54,46-60,male,arab_expat,salaried,159,15714.36,2243.5,8190.17,28212.55,30,2,0,13507.75,0,True,20000.0
APP-004763,65,46-60,female,emirati,salaried,205,24974.92,979.38,9813.33,15463.03,44,1,0,14039.39,0,True,20000.0
APP-004764,20,18-25,male,southeast_asian,freelancer,4,3923.58,1346.81,2800.29,31733.89,45,1,0,5179.65,0,True,11770.74
APP-004765,27,26-35,female,south_asian,freelancer,16,3080.98,159.57,1183.9,2866.48,8,4,2,6870.77,1,True,9242.94
APP-004766,28,26-35,female,emirati,salaried,34,3000.0,793.85,1496.71,13882.84,27,2,0,4491.02,0,True,9000.0
APP-004767,30,26-35,male,south_asian,salaried,37,12790.35,2154.79,6329.7,85580.19,28,0,0,14594.56,0,True,20000.0
APP-004768,40,36-45,male,southeast_asian,salaried,97,3339.63,261.02,1203.23,3096.53,30,3,0,3807.15,0,True,10018.89
APP-004769,19,18-25,male,south_asian,self_employed,0,6751.86,1250.51,4689.99,37613.5,13,1,0,1938.64,0,True,20000.0
APP-004770,59,46-60,female,south_asian,salaried,179,4297.17,517.42,1902.94,8177.41,17,3,0,1125.5,0,True,12891.51
APP-004771,24,18-25,female,south_asian,salaried,11,5105.4,767.9,3507.76,8291.33,17,5,0,2013.5,0,True,15316.199999999999
APP-004772,33,26-35,male,arab_expat,salaried,45,3841.77,904.49,2318.6,23668.42,14,2,0,10831.09,0,True,11525.31
APP-004773,24,18-25,female,south_asian,salaried,0,11690.75,331.24,7345.67,9231.83,34,2,0,12285.33,0,True,20000.0
APP-004774,62,46-60,male,southeast_asian,salaried,190,28207.03,6860.25,22079.76,257830.42,14,0,0,17697.47,0,True,20000.0
APP-004775,30,26-35,female,south_asian,self_employed,57,6158.91,1506.09,3156.37,28422.96,44,4,3,5823.77,0,True,18476.73
APP-004776,54,46-60,male,southeast_asian,salaried,140,14266.31,1178.53,6011.5,18923.59,19,1,0,10052.34,0,True,20000.0
APP-004777,38,36-45,male,south_asian,salaried,58,11929.9,3188.8,7847.98,103106.01,14,4,0,14641.85,0,True,20000.0
APP-004778,28,26-35,male,emirati,salaried,18,3680.99,341.69,1365.38,12768.8,36,0,1,3588.78,0,True,11042.97
APP-004779,65,46-60,male,south_asian,salaried,198,5959.44,439.05,4209.32,6217.69,1,1,0,10973.83,0,True,17878.32
APP-004780,34,26-35,female,western,self_employed,51,7414.11,597.52,4224.3,20625.38,7,0,0,844.19,0,True,20000.0
APP-004781,62,46-60,female,south_asian,salaried,178,9508.92,2156.68,7161.25,58106.25,39,1,0,17457.62,0,True,20000.0
APP-004782,45,36-45,male,south_asian,unemployed,0,3807.8411420807006,286.41,1152.97,8848.07,5,4,0,5492.15,0,True,11423.523426242102
APP-004783,44,36-45,female,south_asian,salaried,107,5207.84,1457.65,3398.12,25412.63,7,0,0,14331.54,0,True,15623.52
APP-004784,25,18-25,male,southeast_asian,salaried,44,5540.59,1002.29,2349.16,29088.69,5,2,0,11692.91,0,True,16621.77
APP-004785,29,26-35,male,south_asian,salaried,22,3601.28,459.34,1529.85,16428.51,43,1,0,5983.22,0,True,10803.84
APP-004786,26,26-35,male,other,salaried,25,15166.36,1130.57,11801.8,22117.22,6,5,0,10062.42,0,True,20000.0
APP-004787,22,18-25,male,western,salaried,0,12536.48,5169.93,8355.22,158298.57,33,0,0,16282.85,0,True,20000.0
APP-004788,50,46-60,male,emirati,salaried,119,21850.18,2728.57,11014.75,72107.63,43,1,0,7791.15,0,True,20000.0
APP-004789,18,18-25,male,southeast_asian,salaried,10,6673.06,876.96,3339.95,29968.34,41,5,0,10515.3,0,True,20000.0
APP-004790,25,18-25,male,south_asian,salaried,1,14915.26,1131.05,7426.22,41449.68,42,0,0,11261.46,0,True,20000.0
APP-004791,45,36-45,female,southeast_asian,salaried,124,7618.35,1208.17,4773.66,24222.68,47,3,0,6599.08,0,True,20000.0
APP-004792,56,46-60,male,south_asian,salaried,190,8825.76,1053.03,2847.92,23818.07,1,1,0,19423.28,0,True,20000.0
APP-004793,23,18-25,female,south_asian,freelancer,0,9285.05,1973.06,3311.2,53893.5,32,0,0,17450.59,0,True,20000.0
APP-004794,48,46-60,female,emirati,freelancer,114,18155.41,1121.94,11997.28,19510.6,12,4,0,13902.45,0,True,20000.0
APP-004795,61,46-60,female,south_asian,salaried,178,15360.5,1739.26,11728.18,54370.72,43,0,0,3726.03,0,True,20000.0
APP-004796,38,36-45,female,emirati,salaried,74,4480.07,704.62,1953.83,22770.08,44,4,2,3051.76,0,True,13440.21
APP-004797,43,36-45,female,south_asian,self_employed,97,10901.61,2226.99,6984.18,65316.44,41,3,0,18089.23,0,True,20000.0
APP-004798,39,36-45,female,south_asian,salaried,110,4036.01,272.7,1843.86,3748.9,32,2,0,3545.93,0,True,12108.03
APP-004799,43,36-45,male,arab_expat,salaried,93,4432.08,797.32,2004.23,22375.82,19,3,0,7362.3,0,True,13296.24
APP-004800,58,46-60,female,south_asian,salaried,179,12829.7,3714.1,7665.05,131410.5,9,3,0,8487.57,0,True,20000.0
APP-004801,54,46-60,male,south_asian,salaried,141,13523.05,1854.89,9688.11,38102.17,5,5,1,4944.81,0,True,20000.0
APP-004802,51,46-60,male,south_asian,self_employed,143,17644.64,3755.72,5916.1,78604.9,32,3,0,8551.66,0,True,20000.0
APP-004803,56,46-60,female,emirati,salaried,158,9333.98,1815.88,6894.11,62658.39,31,3,0,13030.33,0,True,20000.0
APP-004804,27,26-35,male,other,salaried,0,5253.47,1321.2,2438.82,15568.3,30,3,0,6877.13,0,True,15760.41
APP-004805,28,26-35,male,south_asian,salaried,35,6196.54,523.85,3662.76,20257.34,5,5,0,4055.12,0,True,18589.62
APP-004806,65,46-60,female,south_asian,unemployed,0,3000.0,559.38,1584.87,7032.47,34,4,0,3446.27,0,True,9000.0
APP-004807,27,26-35,female,western,salaried,0,20407.92,4720.19,15024.04,79387.75,13,0,0,11858.53,0,True,20000.0
APP-004808,62,46-60,female,south_asian,self_employed,201,22428.3,2323.61,15478.73,59126.91,19,4,0,12135.85,0,True,20000.0
APP-004809,39,36-45,male,south_asian,self_employed,76,7113.44,1549.18,5682.07,51489.65,14,2,0,11880.22,0,True,20000.0
APP-004810,29,26-35,female,arab_expat,salaried,29,7513.33,1024.7,2591.67,22867.29,11,2,0,14087.63,0,True,20000.0
APP-004811,25,18-25,female,arab_expat,salaried,12,19543.69,4113.7,12188.4,147880.9,43,0,1,19069.08,0,True,20000.0
APP-004812,55,46-60,male,south_asian,salaried,154,8237.88,1084.25,6578.33,18804.0,42,3,0,9057.59,0,True,20000.0
APP-004813,22,18-25,male,arab_expat,salaried,0,15437.86,5394.54,7777.86,184303.31,6,1,0,10260.75,0,True,20000.0
APP-004814,57,46-60,female,southeast_asian,unemployed,0,4491.987414828758,805.08,3366.15,21193.87,37,3,0,2320.33,0,True,13475.962244486274
APP-004815,55,46-60,male,south_asian,salaried,159,3023.53,356.33,2127.19,9045.14,1,1,0,4737.15,0,True,9070.59
APP-004816,18,18-25,male,south_asian,salaried,8,9009.2,226.6,3631.01,4951.09,37,0,0,9737.92,0,True,20000.0
APP-004817,33,26-35,male,south_asian,salaried,37,4428.2,297.53,1673.62,10213.64,12,3,0,9327.39,0,True,13284.599999999999
APP-004818,40,36-45,male,emirati,self_employed,87,15991.78,2942.11,8184.9,114922.96,45,5,0,11261.43,0,True,20000.0
APP-004819,64,46-60,male,south_asian,self_employed,210,4973.93,949.46,3090.07,37138.22,31,0,0,7272.96,0,True,14921.79
APP-004820,22,18-25,male,south_asian,salaried,0,5879.77,431.43,4012.02,10806.2,42,2,1,12937.38,0,True,17639.31
APP-004821,28,26-35,female,south_asian,salaried,14,7379.33,2188.84,4408.81,60995.83,31,3,0,8041.53,0,True,20000.0
APP-004822,43,36-45,male,south_asian,salaried,110,5920.84,1641.23,4404.64,19849.03,5,0,0,9786.97,0,True,17762.52
APP-004823,53,46-60,male,arab_expat,salaried,128,15581.16,2034.57,8183.69,25665.59,39,1,0,10317.92,0,True,20000.0
APP-004824,22,18-25,male,southeast_asian,salaried,4,8675.37,603.81,4297.24,7846.79,36,0,0,10066.0,0,True,20000.0
APP-004825,47,46-60,female,south_asian,salaried,96,11407.55,1983.09,8662.59,23412.7,1,0,2,14733.58,1,True,20000.0
APP-004826,30,26-35,female,south_asian,freelancer,33,5439.44,347.81,4057.45,9477.45,19,3,0,11347.9,1,True,16318.32
APP-004827,49,46-60,male,southeast_asian,freelancer,131,13326.97,3038.11,6892.1,38892.3,43,4,0,10727.63,0,True,20000.0
APP-004828,27,26-35,male,arab_expat,self_employed,33,5670.44,654.54,2107.72,6666.37,42,3,0,7905.35,0,True,17011.32
APP-004829,38,36-45,male,south_asian,salaried,75,5331.91,1396.45,2874.31,37217.48,0,1,0,7946.26,0,True,15995.73
APP-004830,45,36-45,male,southeast_asian,salaried,108,6602.27,1633.83,3785.09,31547.45,16,0,0,18913.21,0,True,19806.81
APP-004831,61,46-60,female,south_asian,salaried,190,5547.83,1362.66,2324.6,28229.57,3,2,2,6182.09,1,True,16643.489999999998
APP-004832,26,26-35,male,emirati,salaried,17,25645.56,2601.84,14120.6,99378.04,15,4,0,7912.61,0,True,20000.0
APP-004833,42,36-45,male,south_asian,salaried,83,3000.0,671.57,1749.83,21385.48,13,1,2,2984.4,0,True,9000.0
APP-004834,20,18-25,male,emirati,salaried,4,9523.11,1723.21,3873.79,38350.97,14,2,0,17419.84,0,True,20000.0
APP-004835,23,18-25,male,south_asian,salaried,3,4970.16,1124.67,1582.66,42040.7,16,2,0,10977.75,0,True,14910.48
APP-004836,40,36-45,male,south_asian,salaried,87,11263.48,1541.7,8586.09,53157.61,26,5,3,6605.36,1,True,20000.0
APP-004837,58,46-60,male,south_asian,salaried,181,12691.7,1115.57,8001.48,14084.57,41,1,1,7841.81,0,True,20000.0
APP-004838,48,46-60,female,south_asian,self_employed,106,6674.43,1107.52,5139.46,29012.23,0,3,0,2121.76,0,True,20000.0
APP-004839,63,46-60,male,western,salaried,187,27095.98,3837.2,14232.5,83312.78,14,3,0,1062.24,0,True,20000.0
APP-004840,27,26-35,female,emirati,self_employed,25,7472.27,193.0,3683.26,4905.55,3,4,0,8139.74,0,True,20000.0
APP-004841,61,46-60,male,emirati,salaried,184,4879.65,1664.91,2096.23,19419.49,21,3,0,12447.46,0,True,14638.949999999999
APP-004842,19,18-25,male,south_asian,salaried,10,8679.32,1823.85,5958.95,34939.81,2,5,1,11241.47,1,True,20000.0
APP-004843,64,46-60,male,western,salaried,195,5852.79,596.88,1834.74,22988.88,33,5,0,10110.93,0,True,17558.37
APP-004844,62,46-60,female,western,salaried,178,6356.59,667.36,2266.7,14997.17,11,2,0,8264.89,0,True,19069.77
APP-004845,47,46-60,male,south_asian,salaried,116,28463.88,1474.24,8602.2,29040.51,12,0,0,6331.71,0,True,20000.0
APP-004846,24,18-25,male,southeast_asian,self_employed,27,9780.03,849.54,6347.77,21180.53,11,0,0,7180.68,0,True,20000.0
APP-004847,20,18-25,male,other,freelancer,0,17052.7,1588.78,11002.82,58912.17,13,2,0,2015.48,0,True,20000.0
APP-004848,37,36-45,male,south_asian,self_employed,61,3562.39,1343.31,2628.2,50177.06,10,1,3,6201.87,1,True,10687.17
APP-004849,38,36-45,male,south_asian,salaried,66,4304.97,445.44,2276.03,6068.46,0,1,0,1053.51,0,True,12914.91
APP-004850,26,26-35,female,other,salaried,9,12428.73,2953.57,4688.24,42631.17,10,5,0,14157.19,0,True,20000.0
APP-004851,42,36-45,male,south_asian,salaried,83,3831.16,1624.92,2073.91,18158.27,36,1,2,6656.45,1,True,11493.48
APP-004852,27,26-35,female,south_asian,salaried,18,21723.93,5971.81,17077.46,89237.89,14,2,0,13907.88,0,True,20000.0
APP-004853,44,36-45,male,south_asian,salaried,110,16363.44,1984.66,6897.53,60516.74,15,1,0,4951.21,0,True,20000.0
APP-004854,43,36-45,male,emirati,freelancer,108,5041.12,578.01,2882.02,11556.15,8,5,0,7264.51,0,True,15123.36
APP-004855,22,18-25,male,other,salaried,0,8008.56,1264.14,3870.63,29152.06,45,0,1,7421.17,0,True,20000.0
APP-004856,36,36-45,male,south_asian,salaried,74,8778.66,1804.44,5366.42,62421.52,8,4,0,10515.81,0,True,20000.0
APP-004857,35,26-35,female,south_asian,salaried,51,9660.54,2521.94,4858.73,49232.22,3,1,0,9696.53,0,True,20000.0
APP-004858,46,46-60,male,southeast_asian,salaried,121,6464.1,2419.99,3026.46,65116.53,36,2,0,2365.25,0,True,19392.300000000003
APP-004859,49,46-60,male,south_asian,self_employed,150,8321.87,1057.69,3981.52,18589.3,8,5,0,8860.02,0,True,20000.0
APP-004860,32,26-35,male,southeast_asian,salaried,50,20515.5,3211.46,7045.89,35820.2,40,1,0,6772.93,0,True,20000.0
APP-004861,53,46-60,male,south_asian,salaried,150,13723.46,2320.72,9549.67,35340.3,34,5,0,17108.39,0,True,20000.0
APP-004862,32,26-35,female,other,self_employed,44,6078.52,892.94,3709.42,30288.32,2,3,2,12532.19,1,True,18235.56
APP-004863,19,18-25,female,arab_expat,salaried,2,4604.87,383.34,2947.11,9403.27,14,4,3,7876.48,1,True,13814.61
APP-004864,30,26-35,male,south_asian,salaried,40,8420.73,2264.18,5496.67,86119.68,18,2,0,4456.25,0,True,20000.0
APP-004865,55,46-60,male,southeast_asian,salaried,170,6062.42,931.4,2833.25,21349.75,39,4,0,5529.65,0,True,18187.260000000002
APP-004866,65,46-60,male,south_asian,salaried,198,6489.27,553.38,5019.55,21131.01,1,3,0,6300.26,0,True,19467.81
APP-004867,34,26-35,female,south_asian,salaried,39,3657.55,521.04,1479.47,16622.89,43,4,0,6341.21,0,True,10972.650000000001
APP-004868,38,36-45,male,south_asian,salaried,76,9235.14,1940.05,3323.29,68244.66,43,4,1,9490.92,1,True,20000.0
APP-004869,30,26-35,male,arab_expat,unemployed,0,3000.0,359.63,1589.61,3817.42,41,3,0,3324.86,0,True,9000.0
APP-004870,57,46-60,female,south_asian,freelancer,166,5959.95,1303.42,4411.29,27990.95,34,4,0,4066.54,0,True,17879.85
APP-004871,30,26-35,male,emirati,salaried,38,9860.57,2432.95,7672.16,38367.14,43,1,0,11273.1,0,True,20000.0
APP-004872,28,26-35,female,emirati,freelancer,53,11473.45,1061.67,4811.45,15195.28,14,5,0,5500.44,0,True,20000.0
APP-004873,56,46-60,male,south_asian,self_employed,147,6925.76,1086.7,2601.09,19914.85,47,2,0,6164.11,0,True,20000.0
APP-004874,64,46-60,male,southeast_asian,salaried,238,12576.22,2120.9,4919.2,27111.3,25,4,0,13633.39,0,True,20000.0
APP-004875,27,26-35,male,south_asian,salaried,10,5929.72,148.09,1806.51,4355.95,40,2,0,10638.86,0,True,17789.16
APP-004876,41,36-45,female,southeast_asian,salaried,92,13462.65,587.95,7534.14,19270.44,12,0,0,14264.04,0,True,20000.0
APP-004877,62,46-60,male,arab_expat,salaried,184,10927.54,1428.58,6815.89,35923.68,8,3,0,2913.45,0,True,20000.0
APP-004878,40,36-45,male,southeast_asian,salaried,71,3436.35,556.37,2317.19,13905.82,17,3,0,1887.84,0,True,10309.05
APP-004879,20,18-25,female,south_asian,salaried,0,8287.48,2556.57,2672.03,37092.59,46,5,0,16681.15,0,True,20000.0
APP-004880,47,46-60,male,western,salaried,80,35544.46,8384.51,19653.95,230130.92,37,0,0,3228.67,0,True,20000.0
APP-004881,50,46-60,male,arab_expat,salaried,153,19005.65,1532.14,13696.37,39366.85,22,0,0,4362.48,0,True,20000.0
APP-004882,56,46-60,male,south_asian,salaried,192,8034.72,558.36,2556.36,16261.15,22,2,3,7583.81,0,True,20000.0
APP-004883,64,46-60,male,south_asian,salaried,189,4154.53,966.88,2630.36,21250.16,46,2,0,7480.19,0,True,12463.59
APP-004884,25,18-25,female,southeast_asian,salaried,24,3869.21,854.58,2032.34,29324.36,5,2,0,2651.75,0,True,11607.630000000001
APP-004885,40,36-45,female,other,salaried,110,13101.95,1281.77,9700.41,48269.74,33,3,0,7330.1,0,True,20000.0
APP-004886,23,18-25,female,south_asian,salaried,14,9606.98,748.94,4464.28,25458.83,14,2,0,19063.04,0,True,20000.0
APP-004887,47,46-60,male,western,freelancer,119,17815.34,2499.38,8869.45,47225.54,31,2,2,9072.87,1,True,20000.0
APP-004888,52,46-60,male,emirati,salaried,131,10086.89,3262.04,6264.58,60807.67,33,4,2,15156.77,1,True,20000.0
APP-004889,61,46-60,male,south_asian,freelancer,189,8749.96,1939.54,5438.79,28808.18,39,4,2,8981.85,1,True,20000.0
APP-004890,57,46-60,male,south_asian,salaried,156,11831.49,4292.99,6673.29,67780.59,12,5,3,6891.18,1,True,20000.0
APP-004891,52,46-60,female,southeast_asian,salaried,172,4834.96,514.88,3250.89,18182.4,10,0,0,1039.37,0,True,14504.880000000001
APP-004892,48,46-60,male,south_asian,self_employed,104,9807.03,1148.22,3460.31,42980.76,34,0,0,4111.56,0,True,20000.0
APP-004893,56,46-60,female,south_asian,self_employed,178,4866.67,809.23,1981.81,12157.78,27,5,0,7001.1,1,True,14600.01
APP-004894,61,46-60,female,south_asian,salaried,182,3000.0,496.54,1519.77,16031.58,1,3,0,7847.76,0,True,9000.0
APP-004895,19,18-25,male,south_asian,salaried,16,3000.0,366.2,2003.95,9397.84,10,5,1,1883.19,0,True,9000.0
APP-004896,46,46-60,female,emirati,salaried,104,11563.13,1615.43,7274.35,35163.71,1,0,0,16186.86,0,True,20000.0
APP-004897,25,18-25,male,emirati,salaried,29,15202.34,3506.75,9534.29,127961.54,35,3,0,16232.98,0,True,20000.0
APP-004898,63,46-60,female,south_asian,salaried,198,6611.27,930.83,4454.37,25773.66,30,0,0,15685.14,0,True,19833.81
APP-004899,58,46-60,male,south_asian,self_employed,171,6023.25,254.47,4658.4,4302.15,2,1,0,16812.82,0,True,18069.75
APP-004900,20,18-25,male,south_asian,salaried,0,9812.96,4145.36,5582.83,100753.37,18,3,0,10200.33,0,True,20000.0
APP-004901,56,46-60,male,emirati,salaried,153,7020.91,1008.97,5151.64,36813.38,42,4,0,17114.14,0,True,20000.0
APP-004902,50,46-60,male,south_asian,salaried,120,7392.67,913.46,5364.41,11727.11,37,2,0,6916.99,0,True,20000.0
APP-004903,27,26-35,male,arab_expat,salaried,18,18368.69,4618.32,7602.6,59638.18,24,2,0,11916.79,0,True,20000.0
APP-004904,42,36-45,male,south_asian,salaried,87,7512.37,569.74,3850.06,13486.48,37,2,0,5763.49,0,True,20000.0
APP-004905,54,46-60,male,south_asian,self_employed,169,52577.24,2454.2,23238.02,54952.64,21,3,0,2238.75,0,True,20000.0
APP-004906,58,46-60,male,south_asian,self_employed,162,8906.25,1277.42,6181.21,39508.77,9,5,0,8227.4,0,True,20000.0
APP-004907,30,26-35,female,south_asian,salaried,35,3000.0,388.13,1502.2,9855.03,16,3,0,3478.58,0,True,9000.0
APP-004908,61,46-60,male,arab_expat,salaried,188,8118.42,843.37,5616.67,25073.42,25,1,0,8324.76,0,True,20000.0
APP-004909,22,18-25,female,south_asian,salaried,0,3000.0,797.07,1581.43,26852.08,20,2,0,8057.27,0,True,9000.0
APP-004910,51,46-60,male,emirati,self_employed,148,30983.68,2447.92,15153.68,65516.26,10,0,0,19082.72,0,True,20000.0
APP-004911,65,46-60,female,south_asian,salaried,210,9180.03,989.41,6494.8,34790.71,10,0,1,11007.98,0,True,20000.0
APP-004912,37,36-45,female,emirati,freelancer,41,6424.61,1708.31,2939.75,24916.99,47,0,1,8155.51,1,True,19273.829999999998
APP-004913,30,26-35,female,arab_expat,salaried,25,27288.47,9128.71,19014.32,168343.61,13,1,0,12657.68,0,True,20000.0
APP-004914,24,18-25,male,southeast_asian,salaried,17,5224.26,1402.42,2495.79,23864.04,2,1,0,9294.19,0,True,15672.78
APP-004915,33,26-35,male,southeast_asian,freelancer,37,8324.76,1518.88,5509.56,48165.99,26,5,0,6927.69,0,True,20000.0
APP-004916,47,46-60,female,south_asian,salaried,109,7097.29,1077.77,3769.64,28533.03,21,4,0,19084.54,0,True,20000.0
APP-004917,44,36-45,male,south_asian,salaried,105,5176.57,73.92,3442.02,1326.41,45,5,0,9417.06,0,True,15529.71
APP-004918,42,36-45,male,south_asian,freelancer,96,11693.86,557.45,9133.93,17749.58,14,4,0,14327.47,0,True,20000.0
APP-004919,64,46-60,male,arab_expat,salaried,189,16529.73,2012.82,5731.96,49802.3,13,0,0,15181.66,0,True,20000.0
APP-004920,49,46-60,male,south_asian,salaried,123,6846.65,927.68,3908.87,30084.78,5,5,0,18202.04,0,True,20000.0
APP-004921,30,26-35,male,western,salaried,56,7762.94,615.46,4985.05,20851.25,42,3,0,6296.7,0,True,20000.0
APP-004922,45,36-45,male,south_asian,salaried,108,3000.0,257.44,1613.19,7860.01,43,5,1,8705.73,0,True,9000.0
APP-004923,53,46-60,male,southeast_asian,salaried,152,5861.28,1748.48,2753.96,57468.18,15,2,0,14594.93,0,True,17583.84
APP-004924,32,26-35,male,south_asian,salaried,25,10928.38,1583.7,4739.28,52467.36,46,0,0,888.76,0,True,20000.0
APP-004925,24,18-25,female,emirati,freelancer,0,6116.66,425.94,2473.07,16976.84,33,0,0,13755.84,0,True,18349.98
APP-004926,30,26-35,male,western,salaried,33,37722.33,10374.5,28737.46,121107.57,12,2,0,13702.54,0,True,20000.0
APP-004927,49,46-60,female,southeast_asian,salaried,129,9371.15,2308.19,4161.46,44267.27,40,3,0,3869.72,0,True,20000.0
APP-004928,18,18-25,female,south_asian,salaried,10,8711.52,2134.44,6753.99,28014.52,37,5,1,3040.31,0,True,20000.0
APP-004929,21,18-25,male,south_asian,salaried,0,9505.64,1022.86,5924.5,17649.17,2,4,3,7470.39,1,True,20000.0
APP-004930,38,36-45,male,south_asian,freelancer,57,3536.58,160.75,2078.46,6089.88,33,4,0,8078.74,0,True,10609.74
APP-004931,47,46-60,male,arab_expat,freelancer,119,11998.69,1960.58,4785.57,62561.16,42,3,0,11673.58,0,True,20000.0
APP-004932,29,26-35,female,arab_expat,self_employed,40,4676.45,502.81,2716.96,14331.8,7,3,0,2324.83,0,True,14029.349999999999
APP-004933,62,46-60,female,south_asian,salaried,196,10876.83,645.17,4965.6,17488.01,10,2,0,7959.56,0,True,20000.0
APP-004934,53,46-60,male,south_asian,salaried,150,7060.1,815.31,2312.74,31363.1,15,4,0,6331.33,0,True,20000.0
APP-004935,26,26-35,male,emirati,salaried,19,5776.67,1720.81,1835.29,41646.81,37,1,3,7726.2,1,True,17330.010000000002
APP-004936,59,46-60,female,emirati,salaried,204,6431.11,1787.78,4627.25,38236.47,30,5,0,1371.84,0,True,19293.329999999998
APP-004937,51,46-60,female,south_asian,self_employed,131,38805.13,6103.2,28512.01,241696.73,28,3,0,10570.68,0,True,20000.0
APP-004938,28,26-35,female,south_asian,self_employed,24,14068.92,3044.05,4226.14,91975.25,21,4,0,11163.44,0,True,20000.0
APP-004939,30,26-35,male,south_asian,unemployed,0,4700.626724871365,488.56,1697.53,7581.44,33,0,0,9761.76,0,True,14101.880174614094
APP-004940,43,36-45,male,western,self_employed,79,19235.49,2732.69,13812.32,95829.24,27,4,0,13478.97,0,True,20000.0
APP-004941,56,46-60,female,south_asian,salaried,159,13046.75,790.9,5960.81,26769.4,30,0,0,12083.24,0,True,20000.0
APP-004942,52,46-60,female,south_asian,freelancer,140,12406.24,3831.0,3782.6,92188.36,1,0,0,6450.9,0,True,20000.0
APP-004943,37,36-45,female,south_asian,salaried,116,7895.06,1820.03,3184.95,67553.51,2,5,0,10434.09,0,True,20000.0
APP-004944,42,36-45,female,southeast_asian,self_employed,107,8256.15,1829.04,3186.79,19628.58,2,1,3,10027.99,1,True,20000.0
APP-004945,48,46-60,male,south_asian,salaried,128,6927.19,1321.77,2770.3,20942.67,38,2,0,18212.62,0,True,20000.0
APP-004946,27,26-35,female,south_asian,salaried,14,8242.8,1061.02,4045.24,14214.1,40,2,0,4269.12,0,True,20000.0
APP-004947,22,18-25,female,south_asian,salaried,0,3059.16,502.73,2264.52,12688.83,6,3,0,8471.34,0,True,9177.48
APP-004948,36,36-45,female,south_asian,salaried,74,10884.62,893.01,3712.15,22879.75,23,2,0,10733.09,0,True,20000.0
APP-004949,25,18-25,male,emirati,salaried,17,9421.27,888.62,3355.44,12942.6,35,3,0,3365.45,0,True,20000.0
APP-004950,18,18-25,male,other,freelancer,0,9851.98,4069.28,4770.42,154958.13,32,5,0,914.68,0,True,20000.0
APP-004951,18,18-25,male,south_asian,self_employed,0,5385.07,971.0,1639.73,24063.6,6,5,2,1065.49,0,True,16155.21
APP-004952,54,46-60,male,southeast_asian,salaried,150,20531.39,5803.93,8573.69,95362.81,4,3,3,15980.46,1,True,20000.0
APP-004953,43,36-45,male,south_asian,unemployed,0,3000.0,423.96,1059.17,16512.91,15,1,0,7295.2,0,True,9000.0
APP-004954,30,26-35,female,arab_expat,salaried,31,11139.75,791.12,7234.1,12145.21,8,0,0,7376.18,0,True,20000.0
APP-004955,57,46-60,male,south_asian,salaried,173,4034.08,652.13,2787.12,9776.27,25,3,0,4470.95,0,True,12102.24
APP-004956,24,18-25,male,southeast_asian,salaried,14,14026.79,1473.42,9405.76,35896.61,19,5,0,8030.95,0,True,20000.0
APP-004957,42,36-45,female,arab_expat,salaried,90,4338.09,1217.51,1902.18,38831.04,30,5,0,900.83,0,True,13014.27
APP-004958,55,46-60,female,south_asian,salaried,182,25122.04,1588.91,9526.97,47538.67,34,0,0,8992.01,0,True,20000.0
APP-004959,61,46-60,female,arab_expat,salaried,196,22449.33,3989.79,11251.25,124357.85,46,2,0,7915.96,0,True,20000.0
APP-004960,39,36-45,female,south_asian,salaried,65,16087.0,1895.64,11657.03,68716.5,17,5,0,1355.96,0,True,20000.0
APP-004961,42,36-45,male,south_asian,salaried,93,6384.72,965.57,4166.01,34650.64,5,3,2,7397.74,1,True,19154.16
APP-004962,36,36-45,male,southeast_asian,freelancer,71,19938.74,3038.76,12540.52,119487.56,6,4,0,2518.84,0,True,20000.0
APP-004963,42,36-45,male,south_asian,freelancer,94,10639.26,3817.41,7702.29,45292.81,1,1,0,15302.01,0,True,20000.0
APP-004964,24,18-25,male,south_asian,salaried,41,13367.81,3900.08,10319.63,74058.94,16,2,0,4341.11,0,True,20000.0
APP-004965,57,46-60,male,emirati,freelancer,169,5266.07,386.82,2765.88,6753.94,35,3,0,13132.77,0,True,15798.21
APP-004966,37,36-45,female,western,salaried,70,7173.33,1178.72,3443.38,15556.79,17,3,0,9681.71,0,True,20000.0
APP-004967,58,46-60,male,southeast_asian,salaried,169,5242.23,305.24,2951.71,5172.12,42,0,0,1937.68,0,True,15726.689999999999
APP-004968,57,46-60,female,arab_expat,salaried,178,9398.94,2732.79,4300.25,74580.52,11,2,3,11752.4,1,True,20000.0
APP-004969,31,26-35,female,southeast_asian,salaried,42,8826.41,1985.03,3570.92,52339.7,12,1,0,9834.31,0,True,20000.0
APP-004970,59,46-60,female,emirati,salaried,178,6652.26,804.55,4236.58,18278.07,26,3,2,12290.57,1,True,19956.78
APP-004971,57,46-60,female,south_asian,salaried,152,25122.55,9307.43,14942.63,123306.76,37,5,0,8435.7,0,True,20000.0
APP-004972,60,46-60,male,arab_expat,salaried,167,17612.23,3727.21,11216.79,92606.54,25,3,3,5403.23,1,True,20000.0
APP-004973,54,46-60,female,southeast_asian,unemployed,0,3917.492342210585,1801.77,2742.04,45913.4,37,1,2,1821.19,1,True,11752.477026631754
APP-004974,55,46-60,female,south_asian,salaried,172,3000.0,480.33,2394.77,11717.4,8,0,1,4806.19,0,True,9000.0
APP-004975,33,26-35,male,south_asian,salaried,77,13021.72,5160.27,8938.68,63190.88,26,1,0,16298.4,0,True,20000.0
APP-004976,21,18-25,male,other,salaried,0,31263.06,8702.68,23531.67,191010.39,43,4,0,9009.16,0,True,20000.0
APP-004977,18,18-25,male,arab_expat,salaried,15,3816.82,960.17,1676.92,14615.77,10,0,0,2622.45,0,True,11450.460000000001
APP-004978,24,18-25,female,south_asian,self_employed,3,19864.25,4628.77,7631.24,181499.38,1,1,1,1038.35,0,True,20000.0
APP-004979,39,36-45,male,southeast_asian,self_employed,109,6008.89,543.9,3439.41,5642.38,25,5,0,14308.69,0,True,18026.670000000002
APP-004980,45,36-45,male,arab_expat,salaried,104,5976.79,1066.17,3693.84,37679.77,25,0,0,14903.83,0,True,17930.37
APP-004981,62,46-60,female,emirati,salaried,216,13384.42,513.48,7322.35,15315.93,13,5,0,10769.0,0,True,20000.0
APP-004982,58,46-60,female,south_asian,salaried,177,3000.0,905.82,1262.8,33335.91,19,1,0,1955.74,0,True,9000.0
APP-004983,50,46-60,male,south_asian,salaried,135,16467.6,3428.36,5661.42,45019.98,5,0,0,7229.38,0,True,20000.0
APP-004984,51,46-60,male,southeast_asian,salaried,130,25849.09,4337.13,16248.24,77343.79,47,3,0,2247.32,0,True,20000.0
APP-004985,40,36-45,male,south_asian,salaried,80,3364.78,142.91,1442.94,2090.89,8,3,0,4083.28,0,True,10094.34
APP-004986,58,46-60,male,other,salaried,160,12974.53,4846.71,7781.93,127341.61,27,5,0,10752.99,0,True,20000.0
APP-004987,37,36-45,female,western,self_employed,61,21797.85,673.99,7475.89,14907.8,1,0,0,11950.68,0,True,20000.0
APP-004988,34,26-35,female,arab_expat,salaried,50,7723.17,1012.01,2367.63,33917.74,20,3,3,16401.18,1,True,20000.0
APP-004989,33,26-35,female,arab_expat,salaried,46,19761.61,1567.47,13059.31,46921.01,2,1,0,10605.34,0,True,20000.0
APP-004990,52,46-60,female,emirati,salaried,152,11678.04,2505.64,4093.41,28816.41,44,0,0,14771.5,0,True,20000.0
APP-004991,34,26-35,male,southeast_asian,salaried,83,6100.36,1693.69,2705.8,29162.67,19,3,0,2104.59,0,True,18301.079999999998
APP-004992,28,26-35,male,western,self_employed,19,4001.55,758.91,1971.41,23783.44,45,4,0,4995.85,0,True,12004.650000000001
APP-004993,34,26-35,female,other,salaried,40,36185.64,5045.93,11142.31,131166.68,28,4,0,11990.0,0,True,20000.0
APP-004994,25,18-25,female,south_asian,salaried,14,8791.05,1888.79,6247.94,58069.55,8,4,0,13253.77,0,True,20000.0
APP-004995,18,18-25,male,western,salaried,0,16065.64,2338.94,9235.69,65991.78,40,1,0,4931.55,0,True,20000.0
APP-004996,29,26-35,male,south_asian,salaried,25,11571.27,3467.06,6555.55,120261.03,15,3,2,1941.67,1,True,20000.0
APP-004997,52,46-60,female,emirati,salaried,155,11524.1,2285.62,5576.46,36314.02,27,0,0,16201.55,0,True,20000.0
APP-004998,49,46-60,male,southeast_asian,salaried,149,6623.47,1986.54,2892.98,37107.06,11,5,0,18337.16,0,True,19870.41
APP-004999,32,26-35,female,south_asian,salaried,36,6472.94,1596.72,2532.86,36517.22,7,0,0,12587.83,0,True,19418.82
APP-005000,30,26-35,female,arab_expat,salaried,47,5683.32,844.25,3988.31,19517.39,5,0,0,9334.72,0,True,17049.96
